date,engine,run_channel,market,niche,prompt_text,url,domain,field,check_id,rank
2026-08-25,perplexity,api,Los Angeles CA,AI marketing agency,Who is the best AI marketing agency in Los Angeles?,https://emarketed.com/aeo/top-digital-marketing-agencies-ai-visibility-los-angeles-2026/,emarketed.com,sources_cited,NB-CZ-API_2026-08-25_atrix_digital_perplexity,1
2026-08-25,perplexity,api,Los Angeles CA,AI marketing agency,Who is the best AI marketing agency in Los Angeles?,https://www.uforocks.com/blog/top-ai-marketing-agencies-in-los-angeles/,uforocks.com,sources_cited,NB-CZ-API_2026-08-25_atrix_digital_perplexity,2
2026-08-25,perplexity,api,Los Angeles CA,AI marketing agency,Who is the best AI marketing agency in Los Angeles?,https://www.iffelinternational.com/ai-marketing-agency-los-angeles/,iffelinternational.com,sources_cited,NB-CZ-API_2026-08-25_atrix_digital_perplexity,3
2026-08-25,perplexity,api,Los Angeles CA,AI marketing agency,Who is the best AI marketing agency in Los Angeles?,https://digitalagencynetwork.com/agencies/los-angeles/ai-marketing/,digitalagencynetwork.com,sources_cited,NB-CZ-API_2026-08-25_atrix_digital_perplexity,4
2026-08-25,perplexity,api,Los Angeles CA,AI marketing agency,Who is the best AI marketing agency in Los Angeles?,https://agencies.semrush.com/list/ai-optimization/los-angeles/,agencies.semrush.com,sources_cited,NB-CZ-API_2026-08-25_atrix_digital_perplexity,5
2026-08-25,perplexity,api,Los Angeles CA,AI marketing agency,Who is the best AI marketing agency in Los Angeles?,https://www.singlegrain.com/location/ai-marketing-agency-los-angeles/,singlegrain.com,sources_cited,NB-CZ-API_2026-08-25_atrix_digital_perplexity,6
2026-08-25,perplexity,api,Los Angeles CA,AI marketing agency,Who is the best AI marketing agency in Los Angeles?,https://indigoaimarketing.com/los-angeles-ca/,indigoaimarketing.com,sources_cited,NB-CZ-API_2026-08-25_atrix_digital_perplexity,7
2026-08-25,perplexity,api,Los Angeles CA,AI marketing agency,Who is the best AI marketing agency in Los Angeles?,https://brentonway.com/blog/ai-marketing-agencies,brentonway.com,sources_cited,NB-CZ-API_2026-08-25_atrix_digital_perplexity,8
2026-08-25,perplexity,api,Los Angeles CA,AI marketing agency,Who is the best AI marketing agency in Los Angeles?,https://clutch.co/consulting/ai/los-angeles,clutch.co,sources_cited,NB-CZ-API_2026-08-25_atrix_digital_perplexity,9
2026-08-25,perplexity,api,Los Angeles CA,AI marketing agency,Who is the best AI marketing agency in Los Angeles?,https://www.get-ryze.ai/best-agencies/top-10-marketing-agencies-in-los-angeles,get-ryze.ai,sources_cited,NB-CZ-API_2026-08-25_atrix_digital_perplexity,10
2026-08-25,perplexity,api,Los Angeles CA,AI marketing agency,Who is the best AI marketing agency in Los Angeles?,https://jzcreates.com/blog/top-ai-creative-agencies-in-los-angeles-2025/,jzcreates.com,sources_cited,NB-CZ-API_2026-08-25_atrix_digital_perplexity,11
2026-08-25,perplexity,api,Los Angeles CA,AI marketing agency,Who is the best AI marketing agency in Los Angeles?,https://www.risexventuress.com/ai-marketing-agency-location/usa/los-angeles,risexventuress.com,sources_cited,NB-CZ-API_2026-08-25_atrix_digital_perplexity,12
2026-08-25,perplexity,api,Los Angeles CA,AI marketing agency,Who is the best AI marketing agency in Los Angeles?,https://themarketingagency.ca/blog/best-marketing-agencies-los-angeles/,themarketingagency.ca,sources_cited,NB-CZ-API_2026-08-25_atrix_digital_perplexity,13
2026-08-25,perplexity,api,Los Angeles CA,AI marketing agency,Who is the best AI marketing agency in Los Angeles?,https://digitalagencynetwork.com/agencies/usa/ai-marketing/,digitalagencynetwork.com,sources_cited,NB-CZ-API_2026-08-25_atrix_digital_perplexity,14
2026-08-25,perplexity,api,Los Angeles CA,AI marketing agency,Who is the best AI marketing agency in Los Angeles?,https://www.reddit.com/r/MktgSupermarket/comments/1qom30j/compiled_a_directory_of_25_ai_marketing_agencies/,reddit.com,sources_cited,NB-CZ-API_2026-08-25_atrix_digital_perplexity,15
2026-08-25,perplexity,api,Los Angeles CA,AI marketing agency,Who is the best AI marketing agency in Los Angeles?,https://winbigmarketing.com/ai-digital-marketing-agency-los-angeles/,winbigmarketing.com,sources_cited,NB-CZ-API_2026-08-25_atrix_digital_perplexity,16
2026-08-25,perplexity,api,Los Angeles CA,AI marketing agency,Who is the best AI marketing agency in Los Angeles?,https://agencies.semrush.com/list/los-angeles/,agencies.semrush.com,sources_cited,NB-CZ-API_2026-08-25_atrix_digital_perplexity,17
2026-08-25,perplexity,api,Los Angeles CA,AI marketing agency,Who is the best AI marketing agency in Los Angeles?,https://thriveagency.com/news/best-digital-marketing-agencies-in-los-angeles/,thriveagency.com,sources_cited,NB-CZ-API_2026-08-25_atrix_digital_perplexity,18
2026-08-25,perplexity,api,Los Angeles CA,AI marketing agency,Who is the best AI marketing agency in Los Angeles?,https://www.thekeenfolks.com/,thekeenfolks.com,sources_cited,NB-CZ-API_2026-08-25_atrix_digital_perplexity,19
2026-08-25,perplexity,api,Los Angeles CA,AI marketing agency,Who is the best AI marketing agency in Los Angeles?,https://www.builtinla.com/companies/type/marketing-tech-companies,builtinla.com,sources_cited,NB-CZ-API_2026-08-25_atrix_digital_perplexity,20
2026-08-25,perplexity,api,Los Angeles CA,AI marketing agency,Who is the best AI marketing agency in Los Angeles?,https://digitalagencynetwork.com/agencies/los-angeles/ai-marketing/,digitalagencynetwork.com,sources_cited,NB-CZ-API_2026-08-25_atrix_digital_perplexity_r2,1
2026-08-25,perplexity,api,Los Angeles CA,AI marketing agency,Who is the best AI marketing agency in Los Angeles?,https://www.uforocks.com/blog/top-ai-marketing-agencies-in-los-angeles/,uforocks.com,sources_cited,NB-CZ-API_2026-08-25_atrix_digital_perplexity_r2,2
2026-08-25,perplexity,api,Los Angeles CA,AI marketing agency,Who is the best AI marketing agency in Los Angeles?,https://emarketed.com/aeo/top-digital-marketing-agencies-ai-visibility-los-angeles-2026/,emarketed.com,sources_cited,NB-CZ-API_2026-08-25_atrix_digital_perplexity_r2,3
2026-08-25,perplexity,api,Los Angeles CA,AI marketing agency,Who is the best AI marketing agency in Los Angeles?,https://agencies.semrush.com/list/ai-optimization/los-angeles/,agencies.semrush.com,sources_cited,NB-CZ-API_2026-08-25_atrix_digital_perplexity_r2,4
2026-08-25,perplexity,api,Los Angeles CA,AI marketing agency,Who is the best AI marketing agency in Los Angeles?,https://www.singlegrain.com/location/ai-marketing-agency-los-angeles/,singlegrain.com,sources_cited,NB-CZ-API_2026-08-25_atrix_digital_perplexity_r2,5
2026-08-25,perplexity,api,Los Angeles CA,AI marketing agency,Who is the best AI marketing agency in Los Angeles?,https://indigoaimarketing.com/los-angeles-ca/,indigoaimarketing.com,sources_cited,NB-CZ-API_2026-08-25_atrix_digital_perplexity_r2,6
2026-08-25,perplexity,api,Los Angeles CA,AI marketing agency,Who is the best AI marketing agency in Los Angeles?,https://brentonway.com/blog/ai-marketing-agencies,brentonway.com,sources_cited,NB-CZ-API_2026-08-25_atrix_digital_perplexity_r2,7
2026-08-25,perplexity,api,Los Angeles CA,AI marketing agency,Who is the best AI marketing agency in Los Angeles?,https://www.reddit.com/r/MktgSupermarket/comments/1qom30j/compiled_a_directory_of_25_ai_marketing_agencies/,reddit.com,sources_cited,NB-CZ-API_2026-08-25_atrix_digital_perplexity_r2,8
2026-08-25,perplexity,api,Los Angeles CA,AI marketing agency,Who is the best AI marketing agency in Los Angeles?,https://royalcheesedigital.com/digital-marketing-services-los-angeles/ai-marketing-los-angeles,royalcheesedigital.com,sources_cited,NB-CZ-API_2026-08-25_atrix_digital_perplexity_r2,9
2026-08-25,perplexity,api,Los Angeles CA,AI marketing agency,Who is the best AI marketing agency in Los Angeles?,https://www.kategos.ai/articles/top-5-ai-marketing-companies-in-california-2026-rankings,kategos.ai,sources_cited,NB-CZ-API_2026-08-25_atrix_digital_perplexity_r2,10
2026-08-25,perplexity,api,Los Angeles CA,AI marketing agency,Who is the best AI marketing agency in Los Angeles?,https://www.iffelinternational.com/ai-marketing-agency-los-angeles/,iffelinternational.com,sources_cited,NB-CZ-API_2026-08-25_atrix_digital_perplexity_r2,11
2026-08-25,perplexity,api,Los Angeles CA,AI marketing agency,Who is the best AI marketing agency in Los Angeles?,https://www.builtinla.com/companies/type/generative-ai-companies,builtinla.com,sources_cited,NB-CZ-API_2026-08-25_atrix_digital_perplexity_r2,12
2026-08-25,perplexity,api,Los Angeles CA,AI marketing agency,Who is the best AI marketing agency in Los Angeles?,https://www.get-ryze.ai/best-agencies/top-10-marketing-agencies-in-los-angeles,get-ryze.ai,sources_cited,NB-CZ-API_2026-08-25_atrix_digital_perplexity_r2,13
2026-08-25,perplexity,api,Los Angeles CA,AI marketing agency,Who is the best AI marketing agency in Los Angeles?,https://clutch.co/consulting/ai/los-angeles,clutch.co,sources_cited,NB-CZ-API_2026-08-25_atrix_digital_perplexity_r2,14
2026-08-25,perplexity,api,Los Angeles CA,AI marketing agency,Who is the best AI marketing agency in Los Angeles?,https://jzcreates.com/blog/top-ai-creative-agencies-in-los-angeles-2025/,jzcreates.com,sources_cited,NB-CZ-API_2026-08-25_atrix_digital_perplexity_r2,15
2026-08-25,perplexity,api,Los Angeles CA,AI marketing agency,Who is the best AI marketing agency in Los Angeles?,https://themarketingagency.ca/blog/best-marketing-agencies-los-angeles/,themarketingagency.ca,sources_cited,NB-CZ-API_2026-08-25_atrix_digital_perplexity_r2,16
2026-08-25,perplexity,api,Los Angeles CA,AI marketing agency,Who is the best AI marketing agency in Los Angeles?,https://agencies.semrush.com/list/los-angeles/,agencies.semrush.com,sources_cited,NB-CZ-API_2026-08-25_atrix_digital_perplexity_r2,17
2026-08-25,perplexity,api,Los Angeles CA,AI marketing agency,Who is the best AI marketing agency in Los Angeles?,https://winbigmarketing.com/ai-digital-marketing-agency-los-angeles/,winbigmarketing.com,sources_cited,NB-CZ-API_2026-08-25_atrix_digital_perplexity_r2,18
2026-08-25,perplexity,api,Los Angeles CA,AI marketing agency,Who is the best AI marketing agency in Los Angeles?,https://www.designrush.com/agency/digital-marketing/artificial-intelligence,designrush.com,sources_cited,NB-CZ-API_2026-08-25_atrix_digital_perplexity_r2,19
2026-08-25,perplexity,api,Los Angeles CA,AI marketing agency,Who is the best AI marketing agency in Los Angeles?,https://thriveagency.com/news/best-digital-marketing-agencies-in-los-angeles/,thriveagency.com,sources_cited,NB-CZ-API_2026-08-25_atrix_digital_perplexity_r2,20
2026-08-25,perplexity,api,Liberty MO,backflow testing and repair,Who does backflow testing and repair near Liberty MO?,https://www.bbb.org/us/mo/liberty/profile/backflow-testing/backflow-boss-0714-1000080509,bbb.org,sources_cited,NB-CZ-API_2026-08-25_backflow_boss_perplexity,1
2026-08-25,perplexity,api,Liberty MO,backflow testing and repair,Who does backflow testing and repair near Liberty MO?,https://www.libertymissouri.gov/Faq.aspx?QID=155,libertymissouri.gov,sources_cited,NB-CZ-API_2026-08-25_backflow_boss_perplexity,2
2026-08-25,perplexity,api,Liberty MO,backflow testing and repair,Who does backflow testing and repair near Liberty MO?,https://www.backflowbossllc.com/,backflowbossllc.com,sources_cited,NB-CZ-API_2026-08-25_backflow_boss_perplexity,3
2026-08-25,perplexity,api,Liberty MO,backflow testing and repair,Who does backflow testing and repair near Liberty MO?,https://www.libertymissouri.gov/Faq.aspx?QID=157,libertymissouri.gov,sources_cited,NB-CZ-API_2026-08-25_backflow_boss_perplexity,4
2026-08-25,perplexity,api,Liberty MO,backflow testing and repair,Who does backflow testing and repair near Liberty MO?,https://cbtbackflowtesting.com/,cbtbackflowtesting.com,sources_cited,NB-CZ-API_2026-08-25_backflow_boss_perplexity,5
2026-08-25,perplexity,api,Liberty MO,backflow testing and repair,Who does backflow testing and repair near Liberty MO?,https://www.bbb.org/us/mo/liberty/category/backflow-testing,bbb.org,sources_cited,NB-CZ-API_2026-08-25_backflow_boss_perplexity,6
2026-08-25,perplexity,api,Liberty MO,backflow testing and repair,Who does backflow testing and repair near Liberty MO?,https://www.libertymissouri.gov/2010/Backflow-Prevention,libertymissouri.gov,sources_cited,NB-CZ-API_2026-08-25_backflow_boss_perplexity,7
2026-08-25,perplexity,api,Liberty MO,backflow testing and repair,Who does backflow testing and repair near Liberty MO?,https://abackflowtesting.com/about-us/,abackflowtesting.com,sources_cited,NB-CZ-API_2026-08-25_backflow_boss_perplexity,8
2026-08-25,perplexity,api,Liberty MO,backflow testing and repair,Who does backflow testing and repair near Liberty MO?,https://gardslawns.com/,gardslawns.com,sources_cited,NB-CZ-API_2026-08-25_backflow_boss_perplexity,9
2026-08-25,perplexity,api,Liberty MO,backflow testing and repair,Who does backflow testing and repair near Liberty MO?,https://www.redlineautomatic.com/,redlineautomatic.com,sources_cited,NB-CZ-API_2026-08-25_backflow_boss_perplexity,10
2026-08-25,perplexity,api,Liberty MO,backflow testing and repair,Who does backflow testing and repair near Liberty MO?,https://liberty-mo.plumberyp.com/services/backflow-preventer-repair,liberty-mo.plumberyp.com,sources_cited,NB-CZ-API_2026-08-25_backflow_boss_perplexity,11
2026-08-25,perplexity,api,Liberty MO,backflow testing and repair,Who does backflow testing and repair near Liberty MO?,https://abmay.com/service-area/plumbing/liberty-mo-2/,abmay.com,sources_cited,NB-CZ-API_2026-08-25_backflow_boss_perplexity,12
2026-08-25,perplexity,api,Liberty MO,backflow testing and repair,Who does backflow testing and repair near Liberty MO?,https://www.mrplumberkc.net/backflow-testing,mrplumberkc.net,sources_cited,NB-CZ-API_2026-08-25_backflow_boss_perplexity,13
2026-08-25,perplexity,api,Liberty MO,backflow testing and repair,Who does backflow testing and repair near Liberty MO?,https://www.bbb.org/us/mo/liberty/category/backflow-prevention-devices,bbb.org,sources_cited,NB-CZ-API_2026-08-25_backflow_boss_perplexity,14
2026-08-25,perplexity,api,Liberty MO,backflow testing and repair,Who does backflow testing and repair near Liberty MO?,https://www.yellowpages.com/kansas-city-mo/backflow-prevention-devices-services,yellowpages.com,sources_cited,NB-CZ-API_2026-08-25_backflow_boss_perplexity,15
2026-08-25,perplexity,api,Liberty MO,backflow testing and repair,Who does backflow testing and repair near Liberty MO?,https://www.yellowpages.com/grain-valley-mo/backflow-prevention-devices-services,yellowpages.com,sources_cited,NB-CZ-API_2026-08-25_backflow_boss_perplexity,16
2026-08-25,perplexity,api,Liberty MO,backflow testing and repair,Who does backflow testing and repair near Liberty MO?,https://www.epicplumbingllc.com/backflow-services,epicplumbingllc.com,sources_cited,NB-CZ-API_2026-08-25_backflow_boss_perplexity,17
2026-08-25,perplexity,api,Liberty MO,backflow testing and repair,Who does backflow testing and repair near Liberty MO?,https://dnr.mo.gov/water/business-industry-other-entities/technical-assistance-guidance/public-drinking-water-systems/backflow-prevention/certified-assembly-testers,dnr.mo.gov,sources_cited,NB-CZ-API_2026-08-25_backflow_boss_perplexity,18
2026-08-25,perplexity,api,Liberty MO,backflow testing and repair,Who does backflow testing and repair near Liberty MO?,https://www.stlbackflow.com/,stlbackflow.com,sources_cited,NB-CZ-API_2026-08-25_backflow_boss_perplexity,19
2026-08-25,perplexity,api,Liberty MO,backflow testing and repair,Who does backflow testing and repair near Liberty MO?,https://cityofls.net/water-utilities/customer-education/water-system/backflow/backflow-prevention-tester-companies,cityofls.net,sources_cited,NB-CZ-API_2026-08-25_backflow_boss_perplexity,20
2026-08-25,perplexity,api,Liberty MO,backflow testing and repair,Who does backflow testing and repair near Liberty MO?,https://www.bbb.org/us/mo/liberty/profile/backflow-testing/backflow-boss-0714-1000080509,bbb.org,sources_cited,NB-CZ-API_2026-08-25_backflow_boss_perplexity_r2,1
2026-08-25,perplexity,api,Liberty MO,backflow testing and repair,Who does backflow testing and repair near Liberty MO?,https://www.libertymissouri.gov/Faq.aspx?QID=155,libertymissouri.gov,sources_cited,NB-CZ-API_2026-08-25_backflow_boss_perplexity_r2,2
2026-08-25,perplexity,api,Liberty MO,backflow testing and repair,Who does backflow testing and repair near Liberty MO?,https://www.backflowbossllc.com/,backflowbossllc.com,sources_cited,NB-CZ-API_2026-08-25_backflow_boss_perplexity_r2,3
2026-08-25,perplexity,api,Liberty MO,backflow testing and repair,Who does backflow testing and repair near Liberty MO?,https://www.libertymissouri.gov/Faq.aspx?QID=157,libertymissouri.gov,sources_cited,NB-CZ-API_2026-08-25_backflow_boss_perplexity_r2,4
2026-08-25,perplexity,api,Liberty MO,backflow testing and repair,Who does backflow testing and repair near Liberty MO?,https://cbtbackflowtesting.com/,cbtbackflowtesting.com,sources_cited,NB-CZ-API_2026-08-25_backflow_boss_perplexity_r2,5
2026-08-25,perplexity,api,Liberty MO,backflow testing and repair,Who does backflow testing and repair near Liberty MO?,https://www.bbb.org/us/mo/liberty/category/backflow-testing,bbb.org,sources_cited,NB-CZ-API_2026-08-25_backflow_boss_perplexity_r2,6
2026-08-25,perplexity,api,Liberty MO,backflow testing and repair,Who does backflow testing and repair near Liberty MO?,https://www.libertymissouri.gov/2010/Backflow-Prevention,libertymissouri.gov,sources_cited,NB-CZ-API_2026-08-25_backflow_boss_perplexity_r2,7
2026-08-25,perplexity,api,Liberty MO,backflow testing and repair,Who does backflow testing and repair near Liberty MO?,https://abackflowtesting.com/about-us/,abackflowtesting.com,sources_cited,NB-CZ-API_2026-08-25_backflow_boss_perplexity_r2,8
2026-08-25,perplexity,api,Liberty MO,backflow testing and repair,Who does backflow testing and repair near Liberty MO?,https://gardslawns.com/,gardslawns.com,sources_cited,NB-CZ-API_2026-08-25_backflow_boss_perplexity_r2,9
2026-08-25,perplexity,api,Liberty MO,backflow testing and repair,Who does backflow testing and repair near Liberty MO?,https://www.redlineautomatic.com/,redlineautomatic.com,sources_cited,NB-CZ-API_2026-08-25_backflow_boss_perplexity_r2,10
2026-08-25,perplexity,api,Liberty MO,backflow testing and repair,Who does backflow testing and repair near Liberty MO?,https://liberty-mo.plumberyp.com/services/backflow-preventer-repair,liberty-mo.plumberyp.com,sources_cited,NB-CZ-API_2026-08-25_backflow_boss_perplexity_r2,11
2026-08-25,perplexity,api,Liberty MO,backflow testing and repair,Who does backflow testing and repair near Liberty MO?,https://abmay.com/service-area/plumbing/liberty-mo-2/,abmay.com,sources_cited,NB-CZ-API_2026-08-25_backflow_boss_perplexity_r2,12
2026-08-25,perplexity,api,Liberty MO,backflow testing and repair,Who does backflow testing and repair near Liberty MO?,https://www.mrplumberkc.net/backflow-testing,mrplumberkc.net,sources_cited,NB-CZ-API_2026-08-25_backflow_boss_perplexity_r2,13
2026-08-25,perplexity,api,Liberty MO,backflow testing and repair,Who does backflow testing and repair near Liberty MO?,https://www.bbb.org/us/mo/liberty/category/backflow-prevention-devices,bbb.org,sources_cited,NB-CZ-API_2026-08-25_backflow_boss_perplexity_r2,14
2026-08-25,perplexity,api,Liberty MO,backflow testing and repair,Who does backflow testing and repair near Liberty MO?,https://www.yellowpages.com/kansas-city-mo/backflow-prevention-devices-services,yellowpages.com,sources_cited,NB-CZ-API_2026-08-25_backflow_boss_perplexity_r2,15
2026-08-25,perplexity,api,Liberty MO,backflow testing and repair,Who does backflow testing and repair near Liberty MO?,https://www.yellowpages.com/grain-valley-mo/backflow-prevention-devices-services,yellowpages.com,sources_cited,NB-CZ-API_2026-08-25_backflow_boss_perplexity_r2,16
2026-08-25,perplexity,api,Liberty MO,backflow testing and repair,Who does backflow testing and repair near Liberty MO?,https://www.epicplumbingllc.com/backflow-services,epicplumbingllc.com,sources_cited,NB-CZ-API_2026-08-25_backflow_boss_perplexity_r2,17
2026-08-25,perplexity,api,Liberty MO,backflow testing and repair,Who does backflow testing and repair near Liberty MO?,https://dnr.mo.gov/water/business-industry-other-entities/technical-assistance-guidance/public-drinking-water-systems/backflow-prevention/certified-assembly-testers,dnr.mo.gov,sources_cited,NB-CZ-API_2026-08-25_backflow_boss_perplexity_r2,18
2026-08-25,perplexity,api,Liberty MO,backflow testing and repair,Who does backflow testing and repair near Liberty MO?,https://www.stlbackflow.com/,stlbackflow.com,sources_cited,NB-CZ-API_2026-08-25_backflow_boss_perplexity_r2,19
2026-08-25,perplexity,api,Liberty MO,backflow testing and repair,Who does backflow testing and repair near Liberty MO?,https://cityofls.net/water-utilities/customer-education/water-system/backflow/backflow-prevention-tester-companies,cityofls.net,sources_cited,NB-CZ-API_2026-08-25_backflow_boss_perplexity_r2,20
2026-08-25,perplexity,api,Kansas City MO,health insurance brokerage,What is the best health insurance broker in Kansas City MO for someone who is self-employed?,https://nulight-consulting.com/,nulight-consulting.com,sources_cited,NB-CZ-API_2026-08-25_bbs_insurance_perplexity,1
2026-08-25,perplexity,api,Kansas City MO,health insurance brokerage,What is the best health insurance broker in Kansas City MO for someone who is self-employed?,https://aishealthadvisors.com/health-insurance/,aishealthadvisors.com,sources_cited,NB-CZ-API_2026-08-25_bbs_insurance_perplexity,2
2026-08-25,perplexity,api,Kansas City MO,health insurance brokerage,What is the best health insurance broker in Kansas City MO for someone who is self-employed?,https://namebeam.ai/kansas-city-health-insurance,namebeam.ai,sources_cited,NB-CZ-API_2026-08-25_bbs_insurance_perplexity,3
2026-08-25,perplexity,api,Kansas City MO,health insurance brokerage,What is the best health insurance broker in Kansas City MO for someone who is self-employed?,https://kansascity.bloggerlocal.com/reviews/best-kansas-city-small-business-health-insurance-agencies,kansascity.bloggerlocal.com,sources_cited,NB-CZ-API_2026-08-25_bbs_insurance_perplexity,4
2026-08-25,perplexity,api,Kansas City MO,health insurance brokerage,What is the best health insurance broker in Kansas City MO for someone who is self-employed?,https://jeffdavidinsurance.com/,jeffdavidinsurance.com,sources_cited,NB-CZ-API_2026-08-25_bbs_insurance_perplexity,5
2026-08-25,perplexity,api,Kansas City MO,health insurance brokerage,What is the best health insurance broker in Kansas City MO for someone who is self-employed?,https://apollo-insurance.com/kansas-city-health-insurance/,apollo-insurance.com,sources_cited,NB-CZ-API_2026-08-25_bbs_insurance_perplexity,6
2026-08-25,perplexity,api,Kansas City MO,health insurance brokerage,What is the best health insurance broker in Kansas City MO for someone who is self-employed?,https://www.bluekc.com/,bluekc.com,sources_cited,NB-CZ-API_2026-08-25_bbs_insurance_perplexity,7
2026-08-25,perplexity,api,Kansas City MO,health insurance brokerage,What is the best health insurance broker in Kansas City MO for someone who is self-employed?,https://www.hubinternational.com/offices/us/missouri/kansas-city/healthcare-insurance-brokers/,hubinternational.com,sources_cited,NB-CZ-API_2026-08-25_bbs_insurance_perplexity,8
2026-08-25,perplexity,api,Kansas City MO,health insurance brokerage,What is the best health insurance broker in Kansas City MO for someone who is self-employed?,https://www.linkedin.com/in/kathy-roberts-gba-gbds-19949525,linkedin.com,sources_cited,NB-CZ-API_2026-08-25_bbs_insurance_perplexity,9
2026-08-25,perplexity,api,Kansas City MO,health insurance brokerage,What is the best health insurance broker in Kansas City MO for someone who is self-employed?,https://bbs-insurance.com/,bbs-insurance.com,sources_cited,NB-CZ-API_2026-08-25_bbs_insurance_perplexity,10
2026-08-25,perplexity,api,Kansas City MO,health insurance brokerage,What is the best health insurance broker in Kansas City MO for someone who is self-employed?,https://www.linkedin.com/in/chris-hendren-78486272,linkedin.com,sources_cited,NB-CZ-API_2026-08-25_bbs_insurance_perplexity,11
2026-08-25,perplexity,api,Kansas City MO,health insurance brokerage,What is the best health insurance broker in Kansas City MO for someone who is self-employed?,https://www.expertise.com/insurance/health-insurance/missouri/kansas-city,expertise.com,sources_cited,NB-CZ-API_2026-08-25_bbs_insurance_perplexity,12
2026-08-25,perplexity,api,Kansas City MO,health insurance brokerage,What is the best health insurance broker in Kansas City MO for someone who is self-employed?,https://bbs-insurance.com/service-areas/kansas-city/,bbs-insurance.com,sources_cited,NB-CZ-API_2026-08-25_bbs_insurance_perplexity,13
2026-08-25,perplexity,api,Kansas City MO,health insurance brokerage,What is the best health insurance broker in Kansas City MO for someone who is self-employed?,https://www.yellowpages.com/roeland-park-ks/health-insurance,yellowpages.com,sources_cited,NB-CZ-API_2026-08-25_bbs_insurance_perplexity,14
2026-08-25,perplexity,api,Kansas City MO,health insurance brokerage,What is the best health insurance broker in Kansas City MO for someone who is self-employed?,https://www.fdinsuranceagency.com/locations/kansas-city-mo-health-insurance,fdinsuranceagency.com,sources_cited,NB-CZ-API_2026-08-25_bbs_insurance_perplexity,15
2026-08-25,perplexity,api,Kansas City MO,health insurance brokerage,What is the best health insurance broker in Kansas City MO for someone who is self-employed?,https://www.linkedin.com/company/brokerhealthinsurance-com,linkedin.com,sources_cited,NB-CZ-API_2026-08-25_bbs_insurance_perplexity,16
2026-08-25,perplexity,api,Kansas City MO,health insurance brokerage,What is the best health insurance broker in Kansas City MO for someone who is self-employed?,https://mployeradvisor.com/insurance-broker/missouri/kansas-city/rating=2/k:health,mployeradvisor.com,sources_cited,NB-CZ-API_2026-08-25_bbs_insurance_perplexity,17
2026-08-25,perplexity,api,Kansas City MO,health insurance brokerage,What is the best health insurance broker in Kansas City MO for someone who is self-employed?,https://apollo-insurance.com/health-insurance-broker-kansas-city/,apollo-insurance.com,sources_cited,NB-CZ-API_2026-08-25_bbs_insurance_perplexity,18
2026-08-25,perplexity,api,Kansas City MO,health insurance brokerage,What is the best health insurance broker in Kansas City MO for someone who is self-employed?,https://mployeradvisor.com/insurance-broker/missouri/kansas-city,mployeradvisor.com,sources_cited,NB-CZ-API_2026-08-25_bbs_insurance_perplexity,19
2026-08-25,perplexity,api,Kansas City MO,health insurance brokerage,What is the best health insurance broker in Kansas City MO for someone who is self-employed?,https://www.healthcare.gov/find-local-help/,healthcare.gov,sources_cited,NB-CZ-API_2026-08-25_bbs_insurance_perplexity,20
2026-08-25,perplexity,api,Kansas City MO,health insurance brokerage,What is the best health insurance broker in Kansas City MO for someone who is self-employed?,https://nulight-consulting.com/,nulight-consulting.com,sources_cited,NB-CZ-API_2026-08-25_bbs_insurance_perplexity_r2,1
2026-08-25,perplexity,api,Kansas City MO,health insurance brokerage,What is the best health insurance broker in Kansas City MO for someone who is self-employed?,https://namebeam.ai/kansas-city-health-insurance,namebeam.ai,sources_cited,NB-CZ-API_2026-08-25_bbs_insurance_perplexity_r2,2
2026-08-25,perplexity,api,Kansas City MO,health insurance brokerage,What is the best health insurance broker in Kansas City MO for someone who is self-employed?,https://kansascity.bloggerlocal.com/reviews/best-kansas-city-small-business-health-insurance-agencies,kansascity.bloggerlocal.com,sources_cited,NB-CZ-API_2026-08-25_bbs_insurance_perplexity_r2,3
2026-08-25,perplexity,api,Kansas City MO,health insurance brokerage,What is the best health insurance broker in Kansas City MO for someone who is self-employed?,https://jeffdavidinsurance.com/,jeffdavidinsurance.com,sources_cited,NB-CZ-API_2026-08-25_bbs_insurance_perplexity_r2,4
2026-08-25,perplexity,api,Kansas City MO,health insurance brokerage,What is the best health insurance broker in Kansas City MO for someone who is self-employed?,https://apollo-insurance.com/kansas-city-health-insurance/,apollo-insurance.com,sources_cited,NB-CZ-API_2026-08-25_bbs_insurance_perplexity_r2,5
2026-08-25,perplexity,api,Kansas City MO,health insurance brokerage,What is the best health insurance broker in Kansas City MO for someone who is self-employed?,https://www.linkedin.com/in/kathy-roberts-gba-gbds-19949525,linkedin.com,sources_cited,NB-CZ-API_2026-08-25_bbs_insurance_perplexity_r2,6
2026-08-25,perplexity,api,Kansas City MO,health insurance brokerage,What is the best health insurance broker in Kansas City MO for someone who is self-employed?,https://www.hubinternational.com/offices/us/missouri/kansas-city/healthcare-insurance-brokers/,hubinternational.com,sources_cited,NB-CZ-API_2026-08-25_bbs_insurance_perplexity_r2,7
2026-08-25,perplexity,api,Kansas City MO,health insurance brokerage,What is the best health insurance broker in Kansas City MO for someone who is self-employed?,https://www.expertise.com/insurance/health-insurance/missouri/kansas-city,expertise.com,sources_cited,NB-CZ-API_2026-08-25_bbs_insurance_perplexity_r2,8
2026-08-25,perplexity,api,Kansas City MO,health insurance brokerage,What is the best health insurance broker in Kansas City MO for someone who is self-employed?,https://aishealthadvisors.com/,aishealthadvisors.com,sources_cited,NB-CZ-API_2026-08-25_bbs_insurance_perplexity_r2,9
2026-08-25,perplexity,api,Kansas City MO,health insurance brokerage,What is the best health insurance broker in Kansas City MO for someone who is self-employed?,https://bbs-insurance.com/,bbs-insurance.com,sources_cited,NB-CZ-API_2026-08-25_bbs_insurance_perplexity_r2,10
2026-08-25,perplexity,api,Kansas City MO,health insurance brokerage,What is the best health insurance broker in Kansas City MO for someone who is self-employed?,https://www.linkedin.com/in/chris-hendren-78486272,linkedin.com,sources_cited,NB-CZ-API_2026-08-25_bbs_insurance_perplexity_r2,11
2026-08-25,perplexity,api,Kansas City MO,health insurance brokerage,What is the best health insurance broker in Kansas City MO for someone who is self-employed?,https://bbs-insurance.com/service-areas/kansas-city/,bbs-insurance.com,sources_cited,NB-CZ-API_2026-08-25_bbs_insurance_perplexity_r2,12
2026-08-25,perplexity,api,Kansas City MO,health insurance brokerage,What is the best health insurance broker in Kansas City MO for someone who is self-employed?,https://www.yellowpages.com/roeland-park-ks/health-insurance,yellowpages.com,sources_cited,NB-CZ-API_2026-08-25_bbs_insurance_perplexity_r2,13
2026-08-25,perplexity,api,Kansas City MO,health insurance brokerage,What is the best health insurance broker in Kansas City MO for someone who is self-employed?,https://www.linkedin.com/company/brokerhealthinsurance-com,linkedin.com,sources_cited,NB-CZ-API_2026-08-25_bbs_insurance_perplexity_r2,14
2026-08-25,perplexity,api,Kansas City MO,health insurance brokerage,What is the best health insurance broker in Kansas City MO for someone who is self-employed?,https://www.fdinsuranceagency.com/locations/kansas-city-mo-health-insurance,fdinsuranceagency.com,sources_cited,NB-CZ-API_2026-08-25_bbs_insurance_perplexity_r2,15
2026-08-25,perplexity,api,Kansas City MO,health insurance brokerage,What is the best health insurance broker in Kansas City MO for someone who is self-employed?,https://mployeradvisor.com/insurance-broker/missouri/kansas-city/rating=2/k:health,mployeradvisor.com,sources_cited,NB-CZ-API_2026-08-25_bbs_insurance_perplexity_r2,16
2026-08-25,perplexity,api,Kansas City MO,health insurance brokerage,What is the best health insurance broker in Kansas City MO for someone who is self-employed?,https://mployeradvisor.com/insurance-broker/missouri/kansas-city/k:health+insurance+broker,mployeradvisor.com,sources_cited,NB-CZ-API_2026-08-25_bbs_insurance_perplexity_r2,17
2026-08-25,perplexity,api,Kansas City MO,health insurance brokerage,What is the best health insurance broker in Kansas City MO for someone who is self-employed?,https://www.bluekc.com/,bluekc.com,sources_cited,NB-CZ-API_2026-08-25_bbs_insurance_perplexity_r2,18
2026-08-25,perplexity,api,Kansas City MO,health insurance brokerage,What is the best health insurance broker in Kansas City MO for someone who is self-employed?,https://apollo-insurance.com/health-insurance-broker-kansas-city/,apollo-insurance.com,sources_cited,NB-CZ-API_2026-08-25_bbs_insurance_perplexity_r2,19
2026-08-25,perplexity,api,Kansas City MO,health insurance brokerage,What is the best health insurance broker in Kansas City MO for someone who is self-employed?,https://www.reddit.com/r/kansascity/comments/1kkstvi/what_healthcare_provider_do_you_recommend_in/,reddit.com,sources_cited,NB-CZ-API_2026-08-25_bbs_insurance_perplexity_r2,20
2026-08-25,perplexity,api,St. Louis MO,digital marketing agency,Who is the best digital marketing agency in St. Louis?,https://clutch.co/agencies/digital-marketing/st-louis,clutch.co,sources_cited,NB-CZ-API_2026-08-25_digital_strike_perplexity,1
2026-08-25,perplexity,api,St. Louis MO,digital marketing agency,Who is the best digital marketing agency in St. Louis?,https://www.webtonic.io/blog/best-digital-marketing-agencies-st-louis,webtonic.io,sources_cited,NB-CZ-API_2026-08-25_digital_strike_perplexity,2
2026-08-25,perplexity,api,St. Louis MO,digital marketing agency,Who is the best digital marketing agency in St. Louis?,https://www.expertise.com/business/digital-marketing-agencies/missouri/st-louis,expertise.com,sources_cited,NB-CZ-API_2026-08-25_digital_strike_perplexity,3
2026-08-25,perplexity,api,St. Louis MO,digital marketing agency,Who is the best digital marketing agency in St. Louis?,https://www.ontoplist.com/digital-marketing-companies/mo/st-louis/,ontoplist.com,sources_cited,NB-CZ-API_2026-08-25_digital_strike_perplexity,4
2026-08-25,perplexity,api,St. Louis MO,digital marketing agency,Who is the best digital marketing agency in St. Louis?,https://www.wearetg.com/st-louis-marketing-agency/,wearetg.com,sources_cited,NB-CZ-API_2026-08-25_digital_strike_perplexity,5
2026-08-25,perplexity,api,St. Louis MO,digital marketing agency,Who is the best digital marketing agency in St. Louis?,https://ddiy.co/digital-marketing-st-louis/,ddiy.co,sources_cited,NB-CZ-API_2026-08-25_digital_strike_perplexity,6
2026-08-25,perplexity,api,St. Louis MO,digital marketing agency,Who is the best digital marketing agency in St. Louis?,https://www.citiesagencies.com/us/digital-marketing/st-louis/,citiesagencies.com,sources_cited,NB-CZ-API_2026-08-25_digital_strike_perplexity,7
2026-08-25,perplexity,api,St. Louis MO,digital marketing agency,Who is the best digital marketing agency in St. Louis?,https://www.atomicdust.com/,atomicdust.com,sources_cited,NB-CZ-API_2026-08-25_digital_strike_perplexity,8
2026-08-25,perplexity,api,St. Louis MO,digital marketing agency,Who is the best digital marketing agency in St. Louis?,https://www.goodfirms.co/directory/city/top-digital-marketing-companies/st-louis,goodfirms.co,sources_cited,NB-CZ-API_2026-08-25_digital_strike_perplexity,9
2026-08-25,perplexity,api,St. Louis MO,digital marketing agency,Who is the best digital marketing agency in St. Louis?,https://www.designrush.com/agency/digital-strategy-agencies/missouri/st-louis,designrush.com,sources_cited,NB-CZ-API_2026-08-25_digital_strike_perplexity,10
2026-08-25,perplexity,api,St. Louis MO,digital marketing agency,Who is the best digital marketing agency in St. Louis?,https://collinadigital.com/,collinadigital.com,sources_cited,NB-CZ-API_2026-08-25_digital_strike_perplexity,11
2026-08-25,perplexity,api,St. Louis MO,digital marketing agency,Who is the best digital marketing agency in St. Louis?,https://seafoammedia.com/,seafoammedia.com,sources_cited,NB-CZ-API_2026-08-25_digital_strike_perplexity,12
2026-08-25,perplexity,api,St. Louis MO,digital marketing agency,Who is the best digital marketing agency in St. Louis?,https://www.hownovel.co/,hownovel.co,sources_cited,NB-CZ-API_2026-08-25_digital_strike_perplexity,13
2026-08-25,perplexity,api,St. Louis MO,digital marketing agency,Who is the best digital marketing agency in St. Louis?,https://www.designrush.com/agency/digital-marketing/missouri/st-louis,designrush.com,sources_cited,NB-CZ-API_2026-08-25_digital_strike_perplexity,14
2026-08-25,perplexity,api,St. Louis MO,digital marketing agency,Who is the best digital marketing agency in St. Louis?,https://clutch.co/agencies/digital-marketing/small-business/st-louis,clutch.co,sources_cited,NB-CZ-API_2026-08-25_digital_strike_perplexity,15
2026-08-25,perplexity,api,St. Louis MO,digital marketing agency,Who is the best digital marketing agency in St. Louis?,https://techbehemoths.com/companies/digital-marketing/st-louis,techbehemoths.com,sources_cited,NB-CZ-API_2026-08-25_digital_strike_perplexity,16
2026-08-25,perplexity,api,St. Louis MO,digital marketing agency,Who is the best digital marketing agency in St. Louis?,https://agileandco.com/,agileandco.com,sources_cited,NB-CZ-API_2026-08-25_digital_strike_perplexity,17
2026-08-25,perplexity,api,St. Louis MO,digital marketing agency,Who is the best digital marketing agency in St. Louis?,https://agencylist.org/stlouis,agencylist.org,sources_cited,NB-CZ-API_2026-08-25_digital_strike_perplexity,18
2026-08-25,perplexity,api,St. Louis MO,digital marketing agency,Who is the best digital marketing agency in St. Louis?,https://themanifest.com/digital-marketing/agencies/st-louis,themanifest.com,sources_cited,NB-CZ-API_2026-08-25_digital_strike_perplexity,19
2026-08-25,perplexity,api,St. Louis MO,digital marketing agency,Who is the best digital marketing agency in St. Louis?,https://www.expertise.com/business/advertising-agencies/missouri/st-louis,expertise.com,sources_cited,NB-CZ-API_2026-08-25_digital_strike_perplexity,20
2026-08-25,perplexity,api,St. Louis MO,digital marketing agency,Who is the best digital marketing agency in St. Louis?,https://clutch.co/agencies/digital-marketing/st-louis,clutch.co,sources_cited,NB-CZ-API_2026-08-25_digital_strike_perplexity_r2,1
2026-08-25,perplexity,api,St. Louis MO,digital marketing agency,Who is the best digital marketing agency in St. Louis?,https://www.webtonic.io/blog/best-digital-marketing-agencies-st-louis,webtonic.io,sources_cited,NB-CZ-API_2026-08-25_digital_strike_perplexity_r2,2
2026-08-25,perplexity,api,St. Louis MO,digital marketing agency,Who is the best digital marketing agency in St. Louis?,https://www.expertise.com/business/digital-marketing-agencies/missouri/st-louis,expertise.com,sources_cited,NB-CZ-API_2026-08-25_digital_strike_perplexity_r2,3
2026-08-25,perplexity,api,St. Louis MO,digital marketing agency,Who is the best digital marketing agency in St. Louis?,https://www.wearetg.com/st-louis-marketing-agency/,wearetg.com,sources_cited,NB-CZ-API_2026-08-25_digital_strike_perplexity_r2,4
2026-08-25,perplexity,api,St. Louis MO,digital marketing agency,Who is the best digital marketing agency in St. Louis?,https://ddiy.co/digital-marketing-st-louis/,ddiy.co,sources_cited,NB-CZ-API_2026-08-25_digital_strike_perplexity_r2,5
2026-08-25,perplexity,api,St. Louis MO,digital marketing agency,Who is the best digital marketing agency in St. Louis?,https://www.ontoplist.com/digital-marketing-companies/mo/st-louis/,ontoplist.com,sources_cited,NB-CZ-API_2026-08-25_digital_strike_perplexity_r2,6
2026-08-25,perplexity,api,St. Louis MO,digital marketing agency,Who is the best digital marketing agency in St. Louis?,https://www.citiesagencies.com/us/digital-marketing/st-louis/,citiesagencies.com,sources_cited,NB-CZ-API_2026-08-25_digital_strike_perplexity_r2,7
2026-08-25,perplexity,api,St. Louis MO,digital marketing agency,Who is the best digital marketing agency in St. Louis?,https://www.atomicdust.com/,atomicdust.com,sources_cited,NB-CZ-API_2026-08-25_digital_strike_perplexity_r2,8
2026-08-25,perplexity,api,St. Louis MO,digital marketing agency,Who is the best digital marketing agency in St. Louis?,https://www.goodfirms.co/directory/city/top-digital-marketing-companies/st-louis,goodfirms.co,sources_cited,NB-CZ-API_2026-08-25_digital_strike_perplexity_r2,9
2026-08-25,perplexity,api,St. Louis MO,digital marketing agency,Who is the best digital marketing agency in St. Louis?,https://www.designrush.com/agency/digital-strategy-agencies/missouri/st-louis,designrush.com,sources_cited,NB-CZ-API_2026-08-25_digital_strike_perplexity_r2,10
2026-08-25,perplexity,api,St. Louis MO,digital marketing agency,Who is the best digital marketing agency in St. Louis?,https://seafoammedia.com/,seafoammedia.com,sources_cited,NB-CZ-API_2026-08-25_digital_strike_perplexity_r2,11
2026-08-25,perplexity,api,St. Louis MO,digital marketing agency,Who is the best digital marketing agency in St. Louis?,https://www.hownovel.co/,hownovel.co,sources_cited,NB-CZ-API_2026-08-25_digital_strike_perplexity_r2,12
2026-08-25,perplexity,api,St. Louis MO,digital marketing agency,Who is the best digital marketing agency in St. Louis?,https://www.designrush.com/agency/digital-marketing/missouri/st-louis,designrush.com,sources_cited,NB-CZ-API_2026-08-25_digital_strike_perplexity_r2,13
2026-08-25,perplexity,api,St. Louis MO,digital marketing agency,Who is the best digital marketing agency in St. Louis?,https://clutch.co/agencies/digital-marketing/small-business/st-louis,clutch.co,sources_cited,NB-CZ-API_2026-08-25_digital_strike_perplexity_r2,14
2026-08-25,perplexity,api,St. Louis MO,digital marketing agency,Who is the best digital marketing agency in St. Louis?,https://techbehemoths.com/companies/digital-marketing/st-louis,techbehemoths.com,sources_cited,NB-CZ-API_2026-08-25_digital_strike_perplexity_r2,15
2026-08-25,perplexity,api,St. Louis MO,digital marketing agency,Who is the best digital marketing agency in St. Louis?,https://agileandco.com/,agileandco.com,sources_cited,NB-CZ-API_2026-08-25_digital_strike_perplexity_r2,16
2026-08-25,perplexity,api,St. Louis MO,digital marketing agency,Who is the best digital marketing agency in St. Louis?,https://collinadigital.com/,collinadigital.com,sources_cited,NB-CZ-API_2026-08-25_digital_strike_perplexity_r2,17
2026-08-25,perplexity,api,St. Louis MO,digital marketing agency,Who is the best digital marketing agency in St. Louis?,https://agencylist.org/stlouis,agencylist.org,sources_cited,NB-CZ-API_2026-08-25_digital_strike_perplexity_r2,18
2026-08-25,perplexity,api,St. Louis MO,digital marketing agency,Who is the best digital marketing agency in St. Louis?,https://www.bammarketingagency.com/,bammarketingagency.com,sources_cited,NB-CZ-API_2026-08-25_digital_strike_perplexity_r2,19
2026-08-25,perplexity,api,St. Louis MO,digital marketing agency,Who is the best digital marketing agency in St. Louis?,https://themanifest.com/digital-marketing/agencies/st-louis,themanifest.com,sources_cited,NB-CZ-API_2026-08-25_digital_strike_perplexity_r2,20
2026-08-25,perplexity,api,Joplin MO,residential remodeling and repair,Who is a reliable contractor in Joplin MO for a home remodel or repair project?,https://sheresconstruction.com/,sheresconstruction.com,sources_cited,NB-CZ-API_2026-08-25_flatline_contracting_perplexity,1
2026-08-25,perplexity,api,Joplin MO,residential remodeling and repair,Who is a reliable contractor in Joplin MO for a home remodel or repair project?,https://collinsbrothersremodeling.com/,collinsbrothersremodeling.com,sources_cited,NB-CZ-API_2026-08-25_flatline_contracting_perplexity,2
2026-08-25,perplexity,api,Joplin MO,residential remodeling and repair,Who is a reliable contractor in Joplin MO for a home remodel or repair project?,https://www.americanconstructionincorporated.com/,americanconstructionincorporated.com,sources_cited,NB-CZ-API_2026-08-25_flatline_contracting_perplexity,3
2026-08-25,perplexity,api,Joplin MO,residential remodeling and repair,Who is a reliable contractor in Joplin MO for a home remodel or repair project?,https://www.jomohousedr.com/,jomohousedr.com,sources_cited,NB-CZ-API_2026-08-25_flatline_contracting_perplexity,4
2026-08-25,perplexity,api,Joplin MO,residential remodeling and repair,Who is a reliable contractor in Joplin MO for a home remodel or repair project?,https://tuckerhandymanjoplin.com/about-us/,tuckerhandymanjoplin.com,sources_cited,NB-CZ-API_2026-08-25_flatline_contracting_perplexity,5
2026-08-25,perplexity,api,Joplin MO,residential remodeling and repair,Who is a reliable contractor in Joplin MO for a home remodel or repair project?,https://www.bbb.org/us/mo/joplin/category/remodel-contractors,bbb.org,sources_cited,NB-CZ-API_2026-08-25_flatline_contracting_perplexity,6
2026-08-25,perplexity,api,Joplin MO,residential remodeling and repair,Who is a reliable contractor in Joplin MO for a home remodel or repair project?,https://yes-homeimprovement.com/,yes-homeimprovement.com,sources_cited,NB-CZ-API_2026-08-25_flatline_contracting_perplexity,7
2026-08-25,perplexity,api,Joplin MO,residential remodeling and repair,Who is a reliable contractor in Joplin MO for a home remodel or repair project?,https://teambuildconstructionmo.com/,teambuildconstructionmo.com,sources_cited,NB-CZ-API_2026-08-25_flatline_contracting_perplexity,8
2026-08-25,perplexity,api,Joplin MO,residential remodeling and repair,Who is a reliable contractor in Joplin MO for a home remodel or repair project?,https://www.bbb.org/us/mo/joplin/category/remodeling,bbb.org,sources_cited,NB-CZ-API_2026-08-25_flatline_contracting_perplexity,9
2026-08-25,perplexity,api,Joplin MO,residential remodeling and repair,Who is a reliable contractor in Joplin MO for a home remodel or repair project?,https://www.goodlifehomerenovations.com/cities/joplin-mo/home-remodeling/,goodlifehomerenovations.com,sources_cited,NB-CZ-API_2026-08-25_flatline_contracting_perplexity,10
2026-08-25,perplexity,api,Joplin MO,residential remodeling and repair,Who is a reliable contractor in Joplin MO for a home remodel or repair project?,https://www.houzz.com/professionals/home-remodeling/joplin-mo-us-probr0-bo~t_34257~r_4392768?fi=15,houzz.com,sources_cited,NB-CZ-API_2026-08-25_flatline_contracting_perplexity,11
2026-08-25,perplexity,api,Joplin MO,residential remodeling and repair,Who is a reliable contractor in Joplin MO for a home remodel or repair project?,https://www.houzz.com/professionals/general-contractor/joplin-mo-us-probr0-bo~t_11786~r_4392768,houzz.com,sources_cited,NB-CZ-API_2026-08-25_flatline_contracting_perplexity,12
2026-08-25,perplexity,api,Joplin MO,residential remodeling and repair,Who is a reliable contractor in Joplin MO for a home remodel or repair project?,https://www.homeadvisor.com/rated.TSSConstructionLLC.29845270.html,homeadvisor.com,sources_cited,NB-CZ-API_2026-08-25_flatline_contracting_perplexity,13
2026-08-25,perplexity,api,Joplin MO,residential remodeling and repair,Who is a reliable contractor in Joplin MO for a home remodel or repair project?,https://www.americanconstructionincorporated.com/construction-and-remodeling,americanconstructionincorporated.com,sources_cited,NB-CZ-API_2026-08-25_flatline_contracting_perplexity,14
2026-08-25,perplexity,api,Joplin MO,residential remodeling and repair,Who is a reliable contractor in Joplin MO for a home remodel or repair project?,https://www.houzz.com/professionals/design-build/joplin-mo-us-project-type-home-remodeling-probr1-bo~t_11793~r_4392768~sv_29345,houzz.com,sources_cited,NB-CZ-API_2026-08-25_flatline_contracting_perplexity,15
2026-08-25,perplexity,api,Joplin MO,residential remodeling and repair,Who is a reliable contractor in Joplin MO for a home remodel or repair project?,https://www.bbb.org/us/mo/joplin/category/home-improvement,bbb.org,sources_cited,NB-CZ-API_2026-08-25_flatline_contracting_perplexity,16
2026-08-25,perplexity,api,Joplin MO,residential remodeling and repair,Who is a reliable contractor in Joplin MO for a home remodel or repair project?,https://www.reddit.com/r/joplinmo/comments/oulzjn/general_contractor_remodel_recommendation/,reddit.com,sources_cited,NB-CZ-API_2026-08-25_flatline_contracting_perplexity,17
2026-08-25,perplexity,api,Joplin MO,residential remodeling and repair,Who is a reliable contractor in Joplin MO for a home remodel or repair project?,https://www.houzz.com/professionals/general-contractor/joplin-mo-us-project-type-home-restoration-probr1-bo~t_11786~r_4392768~sv_29675,houzz.com,sources_cited,NB-CZ-API_2026-08-25_flatline_contracting_perplexity,18
2026-08-25,perplexity,api,Joplin MO,residential remodeling and repair,Who is a reliable contractor in Joplin MO for a home remodel or repair project?,https://saintsconstructionco.com/,saintsconstructionco.com,sources_cited,NB-CZ-API_2026-08-25_flatline_contracting_perplexity,19
2026-08-25,perplexity,api,Joplin MO,residential remodeling and repair,Who is a reliable contractor in Joplin MO for a home remodel or repair project?,https://sheresconstruction.com/,sheresconstruction.com,sources_cited,NB-CZ-API_2026-08-25_flatline_contracting_perplexity_r2,1
2026-08-25,perplexity,api,Joplin MO,residential remodeling and repair,Who is a reliable contractor in Joplin MO for a home remodel or repair project?,https://collinsbrothersremodeling.com/,collinsbrothersremodeling.com,sources_cited,NB-CZ-API_2026-08-25_flatline_contracting_perplexity_r2,2
2026-08-25,perplexity,api,Joplin MO,residential remodeling and repair,Who is a reliable contractor in Joplin MO for a home remodel or repair project?,https://www.americanconstructionincorporated.com/,americanconstructionincorporated.com,sources_cited,NB-CZ-API_2026-08-25_flatline_contracting_perplexity_r2,3
2026-08-25,perplexity,api,Joplin MO,residential remodeling and repair,Who is a reliable contractor in Joplin MO for a home remodel or repair project?,https://tuckerhandymanjoplin.com/about-us/,tuckerhandymanjoplin.com,sources_cited,NB-CZ-API_2026-08-25_flatline_contracting_perplexity_r2,4
2026-08-25,perplexity,api,Joplin MO,residential remodeling and repair,Who is a reliable contractor in Joplin MO for a home remodel or repair project?,https://www.jomohousedr.com/,jomohousedr.com,sources_cited,NB-CZ-API_2026-08-25_flatline_contracting_perplexity_r2,5
2026-08-25,perplexity,api,Joplin MO,residential remodeling and repair,Who is a reliable contractor in Joplin MO for a home remodel or repair project?,https://yes-homeimprovement.com/,yes-homeimprovement.com,sources_cited,NB-CZ-API_2026-08-25_flatline_contracting_perplexity_r2,6
2026-08-25,perplexity,api,Joplin MO,residential remodeling and repair,Who is a reliable contractor in Joplin MO for a home remodel or repair project?,https://www.bbb.org/us/mo/joplin/category/remodel-contractors,bbb.org,sources_cited,NB-CZ-API_2026-08-25_flatline_contracting_perplexity_r2,7
2026-08-25,perplexity,api,Joplin MO,residential remodeling and repair,Who is a reliable contractor in Joplin MO for a home remodel or repair project?,https://teambuildconstructionmo.com/,teambuildconstructionmo.com,sources_cited,NB-CZ-API_2026-08-25_flatline_contracting_perplexity_r2,8
2026-08-25,perplexity,api,Joplin MO,residential remodeling and repair,Who is a reliable contractor in Joplin MO for a home remodel or repair project?,https://www.goodlifehomerenovations.com/cities/joplin-mo/home-remodeling/,goodlifehomerenovations.com,sources_cited,NB-CZ-API_2026-08-25_flatline_contracting_perplexity_r2,9
2026-08-25,perplexity,api,Joplin MO,residential remodeling and repair,Who is a reliable contractor in Joplin MO for a home remodel or repair project?,https://www.bbb.org/us/mo/joplin/category/remodeling,bbb.org,sources_cited,NB-CZ-API_2026-08-25_flatline_contracting_perplexity_r2,10
2026-08-25,perplexity,api,Joplin MO,residential remodeling and repair,Who is a reliable contractor in Joplin MO for a home remodel or repair project?,https://www.houzz.com/professionals/home-remodeling/joplin-mo-us-probr0-bo~t_34257~r_4392768?fi=15,houzz.com,sources_cited,NB-CZ-API_2026-08-25_flatline_contracting_perplexity_r2,11
2026-08-25,perplexity,api,Joplin MO,residential remodeling and repair,Who is a reliable contractor in Joplin MO for a home remodel or repair project?,https://www.homeadvisor.com/rated.TSSConstructionLLC.29845270.html,homeadvisor.com,sources_cited,NB-CZ-API_2026-08-25_flatline_contracting_perplexity_r2,12
2026-08-25,perplexity,api,Joplin MO,residential remodeling and repair,Who is a reliable contractor in Joplin MO for a home remodel or repair project?,https://www.americanconstructionincorporated.com/construction-and-remodeling,americanconstructionincorporated.com,sources_cited,NB-CZ-API_2026-08-25_flatline_contracting_perplexity_r2,13
2026-08-25,perplexity,api,Joplin MO,residential remodeling and repair,Who is a reliable contractor in Joplin MO for a home remodel or repair project?,https://www.houzz.com/professionals/general-contractor/joplin-mo-us-probr0-bo~t_11786~r_4392768,houzz.com,sources_cited,NB-CZ-API_2026-08-25_flatline_contracting_perplexity_r2,14
2026-08-25,perplexity,api,Joplin MO,residential remodeling and repair,Who is a reliable contractor in Joplin MO for a home remodel or repair project?,https://www.houzz.com/professionals/design-build/joplin-mo-us-project-type-home-remodeling-probr1-bo~t_11793~r_4392768~sv_29345,houzz.com,sources_cited,NB-CZ-API_2026-08-25_flatline_contracting_perplexity_r2,15
2026-08-25,perplexity,api,Joplin MO,residential remodeling and repair,Who is a reliable contractor in Joplin MO for a home remodel or repair project?,https://www.bbb.org/us/mo/joplin/category/home-improvement,bbb.org,sources_cited,NB-CZ-API_2026-08-25_flatline_contracting_perplexity_r2,16
2026-08-25,perplexity,api,Joplin MO,residential remodeling and repair,Who is a reliable contractor in Joplin MO for a home remodel or repair project?,https://www.reddit.com/r/joplinmo/comments/oulzjn/general_contractor_remodel_recommendation/,reddit.com,sources_cited,NB-CZ-API_2026-08-25_flatline_contracting_perplexity_r2,17
2026-08-25,perplexity,api,Joplin MO,residential remodeling and repair,Who is a reliable contractor in Joplin MO for a home remodel or repair project?,https://www.houzz.com/professionals/general-contractor/joplin-mo-us-project-type-home-restoration-probr1-bo~t_11786~r_4392768~sv_29675,houzz.com,sources_cited,NB-CZ-API_2026-08-25_flatline_contracting_perplexity_r2,18
2026-08-25,perplexity,api,Joplin MO,residential remodeling and repair,Who is a reliable contractor in Joplin MO for a home remodel or repair project?,https://saintsconstructionco.com/,saintsconstructionco.com,sources_cited,NB-CZ-API_2026-08-25_flatline_contracting_perplexity_r2,19
2026-08-25,perplexity,api,Joplin MO,residential remodeling and repair,Who is a reliable contractor in Joplin MO for a home remodel or repair project?,https://www.solidrr.com/,solidrr.com,sources_cited,NB-CZ-API_2026-08-25_flatline_contracting_perplexity_r2,20
2026-08-25,perplexity,api,St. Louis MO,healthcare marketing agency,Who is the best healthcare marketing agency in St. Louis?,https://www.digitalstrike.com/industries/healthcare-marketing/,digitalstrike.com,sources_cited,NB-CZ-API_2026-08-25_hedy_hopp_perplexity,1
2026-08-25,perplexity,api,St. Louis MO,healthcare marketing agency,Who is the best healthcare marketing agency in St. Louis?,https://martech.health/united-states/missouri/st-louis/vendor,martech.health,sources_cited,NB-CZ-API_2026-08-25_hedy_hopp_perplexity,2
2026-08-25,perplexity,api,St. Louis MO,healthcare marketing agency,Who is the best healthcare marketing agency in St. Louis?,https://www.advertisingsavants.com/health-care,advertisingsavants.com,sources_cited,NB-CZ-API_2026-08-25_hedy_hopp_perplexity,3
2026-08-25,perplexity,api,St. Louis MO,healthcare marketing agency,Who is the best healthcare marketing agency in St. Louis?,https://werremeyer.com/about/,werremeyer.com,sources_cited,NB-CZ-API_2026-08-25_hedy_hopp_perplexity,4
2026-08-25,perplexity,api,St. Louis MO,healthcare marketing agency,Who is the best healthcare marketing agency in St. Louis?,https://pilotpractice.com/healthcare-digital-marketing-agency-in-st-louis-mo.html,pilotpractice.com,sources_cited,NB-CZ-API_2026-08-25_hedy_hopp_perplexity,5
2026-08-25,perplexity,api,St. Louis MO,healthcare marketing agency,Who is the best healthcare marketing agency in St. Louis?,https://www.atomicdust.com/healthcare-branding-agency/,atomicdust.com,sources_cited,NB-CZ-API_2026-08-25_hedy_hopp_perplexity,6
2026-08-25,perplexity,api,St. Louis MO,healthcare marketing agency,Who is the best healthcare marketing agency in St. Louis?,https://www.mediverticals.com/lp/healthcare-marketing-st-louis-missouri,mediverticals.com,sources_cited,NB-CZ-API_2026-08-25_hedy_hopp_perplexity,7
2026-08-25,perplexity,api,St. Louis MO,healthcare marketing agency,Who is the best healthcare marketing agency in St. Louis?,https://hedyandhopp.com/healthcare-marketing-services/patient-marketing-acquisition/,hedyandhopp.com,sources_cited,NB-CZ-API_2026-08-25_hedy_hopp_perplexity,8
2026-08-25,perplexity,api,St. Louis MO,healthcare marketing agency,Who is the best healthcare marketing agency in St. Louis?,https://brandingpioneers.com/locations/usa/st-louis,brandingpioneers.com,sources_cited,NB-CZ-API_2026-08-25_hedy_hopp_perplexity,9
2026-08-25,perplexity,api,St. Louis MO,healthcare marketing agency,Who is the best healthcare marketing agency in St. Louis?,https://www.zoominfo.com/c/hedy--hopp-llc/1312853801,zoominfo.com,sources_cited,NB-CZ-API_2026-08-25_hedy_hopp_perplexity,10
2026-08-25,perplexity,api,St. Louis MO,healthcare marketing agency,Who is the best healthcare marketing agency in St. Louis?,https://www.lewiscommunications.com/industry/healthcare,lewiscommunications.com,sources_cited,NB-CZ-API_2026-08-25_hedy_hopp_perplexity,11
2026-08-25,perplexity,api,St. Louis MO,healthcare marketing agency,Who is the best healthcare marketing agency in St. Louis?,https://agencies.semrush.com/list/healthcare-medical-services/missouri/,agencies.semrush.com,sources_cited,NB-CZ-API_2026-08-25_hedy_hopp_perplexity,12
2026-08-25,perplexity,api,St. Louis MO,healthcare marketing agency,Who is the best healthcare marketing agency in St. Louis?,https://pilotpractice.com/urgent-care-digital-marketing-agency-in-st-louis-mo.html,pilotpractice.com,sources_cited,NB-CZ-API_2026-08-25_hedy_hopp_perplexity,13
2026-08-25,perplexity,api,St. Louis MO,healthcare marketing agency,Who is the best healthcare marketing agency in St. Louis?,https://www.singlegrain.com/location/digital-marketing-agency-st-louis/,singlegrain.com,sources_cited,NB-CZ-API_2026-08-25_hedy_hopp_perplexity,14
2026-08-25,perplexity,api,St. Louis MO,healthcare marketing agency,Who is the best healthcare marketing agency in St. Louis?,https://intrepy.com/,intrepy.com,sources_cited,NB-CZ-API_2026-08-25_hedy_hopp_perplexity,15
2026-08-25,perplexity,api,St. Louis MO,healthcare marketing agency,Who is the best healthcare marketing agency in St. Louis?,https://healthcaresuccess.com/,healthcaresuccess.com,sources_cited,NB-CZ-API_2026-08-25_hedy_hopp_perplexity,16
2026-08-25,perplexity,api,St. Louis MO,healthcare marketing agency,Who is the best healthcare marketing agency in St. Louis?,https://health.amsive.com/,health.amsive.com,sources_cited,NB-CZ-API_2026-08-25_hedy_hopp_perplexity,17
2026-08-25,perplexity,api,St. Louis MO,healthcare marketing agency,Who is the best healthcare marketing agency in St. Louis?,https://clutch.co/agencies/digital-marketing/healthcare-industry/missouri,clutch.co,sources_cited,NB-CZ-API_2026-08-25_hedy_hopp_perplexity,18
2026-08-25,perplexity,api,St. Louis MO,healthcare marketing agency,Who is the best healthcare marketing agency in St. Louis?,https://www.kokoquest.com/companies/agencies/healthcare-marketing-agencies,kokoquest.com,sources_cited,NB-CZ-API_2026-08-25_hedy_hopp_perplexity,19
2026-08-25,perplexity,api,St. Louis MO,healthcare marketing agency,Who is the best healthcare marketing agency in St. Louis?,https://intrepy.com/35-best-healthcare-marketing-agencies/,intrepy.com,sources_cited,NB-CZ-API_2026-08-25_hedy_hopp_perplexity,20
2026-08-25,perplexity,api,St. Louis MO,healthcare marketing agency,Who is the best healthcare marketing agency in St. Louis?,https://martech.health/united-states/missouri/st-louis/vendor,martech.health,sources_cited,NB-CZ-API_2026-08-25_hedy_hopp_perplexity_r2,1
2026-08-25,perplexity,api,St. Louis MO,healthcare marketing agency,Who is the best healthcare marketing agency in St. Louis?,https://www.digitalstrike.com/industries/healthcare-marketing/,digitalstrike.com,sources_cited,NB-CZ-API_2026-08-25_hedy_hopp_perplexity_r2,2
2026-08-25,perplexity,api,St. Louis MO,healthcare marketing agency,Who is the best healthcare marketing agency in St. Louis?,https://werremeyer.com/about/,werremeyer.com,sources_cited,NB-CZ-API_2026-08-25_hedy_hopp_perplexity_r2,3
2026-08-25,perplexity,api,St. Louis MO,healthcare marketing agency,Who is the best healthcare marketing agency in St. Louis?,https://pilotpractice.com/healthcare-digital-marketing-agency-in-st-louis-mo.html,pilotpractice.com,sources_cited,NB-CZ-API_2026-08-25_hedy_hopp_perplexity_r2,4
2026-08-25,perplexity,api,St. Louis MO,healthcare marketing agency,Who is the best healthcare marketing agency in St. Louis?,https://www.atomicdust.com/healthcare-branding-agency/,atomicdust.com,sources_cited,NB-CZ-API_2026-08-25_hedy_hopp_perplexity_r2,5
2026-08-25,perplexity,api,St. Louis MO,healthcare marketing agency,Who is the best healthcare marketing agency in St. Louis?,https://www.advertisingsavants.com/health-care,advertisingsavants.com,sources_cited,NB-CZ-API_2026-08-25_hedy_hopp_perplexity_r2,6
2026-08-25,perplexity,api,St. Louis MO,healthcare marketing agency,Who is the best healthcare marketing agency in St. Louis?,https://brandingpioneers.com/locations/usa/st-louis,brandingpioneers.com,sources_cited,NB-CZ-API_2026-08-25_hedy_hopp_perplexity_r2,7
2026-08-25,perplexity,api,St. Louis MO,healthcare marketing agency,Who is the best healthcare marketing agency in St. Louis?,https://www.mediverticals.com/lp/healthcare-marketing-st-louis-missouri,mediverticals.com,sources_cited,NB-CZ-API_2026-08-25_hedy_hopp_perplexity_r2,8
2026-08-25,perplexity,api,St. Louis MO,healthcare marketing agency,Who is the best healthcare marketing agency in St. Louis?,https://hedyandhopp.com/healthcare-marketing-services/patient-marketing-acquisition/,hedyandhopp.com,sources_cited,NB-CZ-API_2026-08-25_hedy_hopp_perplexity_r2,9
2026-08-25,perplexity,api,St. Louis MO,healthcare marketing agency,Who is the best healthcare marketing agency in St. Louis?,https://www.zoominfo.com/c/hedy--hopp-llc/1312853801,zoominfo.com,sources_cited,NB-CZ-API_2026-08-25_hedy_hopp_perplexity_r2,10
2026-08-25,perplexity,api,St. Louis MO,healthcare marketing agency,Who is the best healthcare marketing agency in St. Louis?,https://www.lewiscommunications.com/industry/healthcare,lewiscommunications.com,sources_cited,NB-CZ-API_2026-08-25_hedy_hopp_perplexity_r2,11
2026-08-25,perplexity,api,St. Louis MO,healthcare marketing agency,Who is the best healthcare marketing agency in St. Louis?,https://agencies.semrush.com/list/healthcare-medical-services/missouri/,agencies.semrush.com,sources_cited,NB-CZ-API_2026-08-25_hedy_hopp_perplexity_r2,12
2026-08-25,perplexity,api,St. Louis MO,healthcare marketing agency,Who is the best healthcare marketing agency in St. Louis?,https://pilotpractice.com/urgent-care-digital-marketing-agency-in-st-louis-mo.html,pilotpractice.com,sources_cited,NB-CZ-API_2026-08-25_hedy_hopp_perplexity_r2,13
2026-08-25,perplexity,api,St. Louis MO,healthcare marketing agency,Who is the best healthcare marketing agency in St. Louis?,https://www.singlegrain.com/location/digital-marketing-agency-st-louis/,singlegrain.com,sources_cited,NB-CZ-API_2026-08-25_hedy_hopp_perplexity_r2,14
2026-08-25,perplexity,api,St. Louis MO,healthcare marketing agency,Who is the best healthcare marketing agency in St. Louis?,https://intrepy.com/,intrepy.com,sources_cited,NB-CZ-API_2026-08-25_hedy_hopp_perplexity_r2,15
2026-08-25,perplexity,api,St. Louis MO,healthcare marketing agency,Who is the best healthcare marketing agency in St. Louis?,https://health.amsive.com/,health.amsive.com,sources_cited,NB-CZ-API_2026-08-25_hedy_hopp_perplexity_r2,16
2026-08-25,perplexity,api,St. Louis MO,healthcare marketing agency,Who is the best healthcare marketing agency in St. Louis?,https://www.atomicdust.com/,atomicdust.com,sources_cited,NB-CZ-API_2026-08-25_hedy_hopp_perplexity_r2,17
2026-08-25,perplexity,api,St. Louis MO,healthcare marketing agency,Who is the best healthcare marketing agency in St. Louis?,https://clutch.co/agencies/digital-marketing/healthcare-industry/missouri,clutch.co,sources_cited,NB-CZ-API_2026-08-25_hedy_hopp_perplexity_r2,18
2026-08-25,perplexity,api,St. Louis MO,healthcare marketing agency,Who is the best healthcare marketing agency in St. Louis?,https://healthcaresuccess.com/,healthcaresuccess.com,sources_cited,NB-CZ-API_2026-08-25_hedy_hopp_perplexity_r2,19
2026-08-25,perplexity,api,St. Louis MO,healthcare marketing agency,Who is the best healthcare marketing agency in St. Louis?,https://www.kokoquest.com/companies/agencies/healthcare-marketing-agencies,kokoquest.com,sources_cited,NB-CZ-API_2026-08-25_hedy_hopp_perplexity_r2,20
2026-08-25,perplexity,api,US nationwide,connected TV and streaming advertising agency,What is the best connected TV advertising agency?,https://clutch.co/agencies/connected-tv,clutch.co,sources_cited,NB-CZ-API_2026-08-25_lambos_digital_perplexity,1
2026-08-25,perplexity,api,US nationwide,connected TV and streaming advertising agency,What is the best connected TV advertising agency?,https://brillmedia.co/resources/best-connected-tv-advertising-companies/,brillmedia.co,sources_cited,NB-CZ-API_2026-08-25_lambos_digital_perplexity,2
2026-08-25,perplexity,api,US nationwide,connected TV and streaming advertising agency,What is the best connected TV advertising agency?,https://www.sortlist.com/connected-tv-advertising,sortlist.com,sources_cited,NB-CZ-API_2026-08-25_lambos_digital_perplexity,3
2026-08-25,perplexity,api,US nationwide,connected TV and streaming advertising agency,What is the best connected TV advertising agency?,https://zipdo.co/service/connected-tv-advertising/,zipdo.co,sources_cited,NB-CZ-API_2026-08-25_lambos_digital_perplexity,4
2026-08-25,perplexity,api,US nationwide,connected TV and streaming advertising agency,What is the best connected TV advertising agency?,https://directiveconsulting.com/blog/best-ctv-ads-agencies/,directiveconsulting.com,sources_cited,NB-CZ-API_2026-08-25_lambos_digital_perplexity,5
2026-08-25,perplexity,api,US nationwide,connected TV and streaming advertising agency,What is the best connected TV advertising agency?,https://medium.com/@shakeeldayo2016/top-10-connected-tv-advertising-services-companies-in-the-world-5ad43022afc6,medium.com,sources_cited,NB-CZ-API_2026-08-25_lambos_digital_perplexity,6
2026-08-25,perplexity,api,US nationwide,connected TV and streaming advertising agency,What is the best connected TV advertising agency?,https://www.fieldtrip.agency/post/top-connected-tv-advertising-agencies-for-enterprise,fieldtrip.agency,sources_cited,NB-CZ-API_2026-08-25_lambos_digital_perplexity,7
2026-08-25,perplexity,api,US nationwide,connected TV and streaming advertising agency,What is the best connected TV advertising agency?,https://www.50pros.com/hire/advertising/connected-tv-advertising,50pros.com,sources_cited,NB-CZ-API_2026-08-25_lambos_digital_perplexity,8
2026-08-25,perplexity,api,US nationwide,connected TV and streaming advertising agency,What is the best connected TV advertising agency?,https://www.gourmetads.com/articles/best-connected-tv-advertising-companies/,gourmetads.com,sources_cited,NB-CZ-API_2026-08-25_lambos_digital_perplexity,9
2026-08-25,perplexity,api,US nationwide,connected TV and streaming advertising agency,What is the best connected TV advertising agency?,https://www.businessofapps.com/ads/ctv-advertising/,businessofapps.com,sources_cited,NB-CZ-API_2026-08-25_lambos_digital_perplexity,10
2026-08-25,perplexity,api,US nationwide,connected TV and streaming advertising agency,What is the best connected TV advertising agency?,https://www.linkedin.com/pulse/top-15-connected-tv-advertising-companies-clutch-global-spring-yms3e,linkedin.com,sources_cited,NB-CZ-API_2026-08-25_lambos_digital_perplexity,11
2026-08-25,perplexity,api,US nationwide,connected TV and streaming advertising agency,What is the best connected TV advertising agency?,https://www.vibe.co/,vibe.co,sources_cited,NB-CZ-API_2026-08-25_lambos_digital_perplexity,12
2026-08-25,perplexity,api,US nationwide,connected TV and streaming advertising agency,What is the best connected TV advertising agency?,https://www.thetradedesk.com/our-demand-side-platform/omnichannel-advertising/connected-tv,thetradedesk.com,sources_cited,NB-CZ-API_2026-08-25_lambos_digital_perplexity,13
2026-08-25,perplexity,api,US nationwide,connected TV and streaming advertising agency,What is the best connected TV advertising agency?,https://www.strategus.com/,strategus.com,sources_cited,NB-CZ-API_2026-08-25_lambos_digital_perplexity,14
2026-08-25,perplexity,api,US nationwide,connected TV and streaming advertising agency,What is the best connected TV advertising agency?,https://superbcompanies.com/categories/connected-tv-advertising-companies/,superbcompanies.com,sources_cited,NB-CZ-API_2026-08-25_lambos_digital_perplexity,15
2026-08-25,perplexity,api,US nationwide,connected TV and streaming advertising agency,What is the best connected TV advertising agency?,https://www.demandbase.com/blog/best-ctv-advertising-platforms/,demandbase.com,sources_cited,NB-CZ-API_2026-08-25_lambos_digital_perplexity,16
2026-08-25,perplexity,api,US nationwide,connected TV and streaming advertising agency,What is the best connected TV advertising agency?,https://www.sociummedia.com/services/connected-tv/,sociummedia.com,sources_cited,NB-CZ-API_2026-08-25_lambos_digital_perplexity,17
2026-08-25,perplexity,api,US nationwide,connected TV and streaming advertising agency,What is the best connected TV advertising agency?,https://www.viantinc.com/solutions/omnichannel/connected-tv/,viantinc.com,sources_cited,NB-CZ-API_2026-08-25_lambos_digital_perplexity,18
2026-08-25,perplexity,api,US nationwide,connected TV and streaming advertising agency,What is the best connected TV advertising agency?,https://adsmanager.paramount.com/insights/ctv-advertising-platforms,adsmanager.paramount.com,sources_cited,NB-CZ-API_2026-08-25_lambos_digital_perplexity,19
2026-08-25,perplexity,api,US nationwide,connected TV and streaming advertising agency,What is the best connected TV advertising agency?,https://clutch.co/agencies/connected-tv/new-york,clutch.co,sources_cited,NB-CZ-API_2026-08-25_lambos_digital_perplexity,20
2026-08-25,perplexity,api,US nationwide,connected TV and streaming advertising agency,What is the best connected TV advertising agency?,https://clutch.co/agencies/connected-tv,clutch.co,sources_cited,NB-CZ-API_2026-08-25_lambos_digital_perplexity_r2,1
2026-08-25,perplexity,api,US nationwide,connected TV and streaming advertising agency,What is the best connected TV advertising agency?,https://brillmedia.co/resources/best-connected-tv-advertising-companies/,brillmedia.co,sources_cited,NB-CZ-API_2026-08-25_lambos_digital_perplexity_r2,2
2026-08-25,perplexity,api,US nationwide,connected TV and streaming advertising agency,What is the best connected TV advertising agency?,https://directiveconsulting.com/blog/best-ctv-ads-agencies/,directiveconsulting.com,sources_cited,NB-CZ-API_2026-08-25_lambos_digital_perplexity_r2,3
2026-08-25,perplexity,api,US nationwide,connected TV and streaming advertising agency,What is the best connected TV advertising agency?,https://zipdo.co/service/connected-tv-advertising/,zipdo.co,sources_cited,NB-CZ-API_2026-08-25_lambos_digital_perplexity_r2,4
2026-08-25,perplexity,api,US nationwide,connected TV and streaming advertising agency,What is the best connected TV advertising agency?,https://www.sortlist.com/connected-tv-advertising,sortlist.com,sources_cited,NB-CZ-API_2026-08-25_lambos_digital_perplexity_r2,5
2026-08-25,perplexity,api,US nationwide,connected TV and streaming advertising agency,What is the best connected TV advertising agency?,https://medium.com/@shakeeldayo2016/top-10-connected-tv-advertising-services-companies-in-the-world-5ad43022afc6,medium.com,sources_cited,NB-CZ-API_2026-08-25_lambos_digital_perplexity_r2,6
2026-08-25,perplexity,api,US nationwide,connected TV and streaming advertising agency,What is the best connected TV advertising agency?,https://www.fieldtrip.agency/post/top-connected-tv-advertising-agencies-for-enterprise,fieldtrip.agency,sources_cited,NB-CZ-API_2026-08-25_lambos_digital_perplexity_r2,7
2026-08-25,perplexity,api,US nationwide,connected TV and streaming advertising agency,What is the best connected TV advertising agency?,https://www.50pros.com/hire/advertising/connected-tv-advertising,50pros.com,sources_cited,NB-CZ-API_2026-08-25_lambos_digital_perplexity_r2,8
2026-08-25,perplexity,api,US nationwide,connected TV and streaming advertising agency,What is the best connected TV advertising agency?,https://www.businessofapps.com/ads/ctv-advertising/,businessofapps.com,sources_cited,NB-CZ-API_2026-08-25_lambos_digital_perplexity_r2,9
2026-08-25,perplexity,api,US nationwide,connected TV and streaming advertising agency,What is the best connected TV advertising agency?,https://www.linkedin.com/pulse/top-15-connected-tv-advertising-companies-clutch-global-spring-yms3e,linkedin.com,sources_cited,NB-CZ-API_2026-08-25_lambos_digital_perplexity_r2,10
2026-08-25,perplexity,api,US nationwide,connected TV and streaming advertising agency,What is the best connected TV advertising agency?,https://www.gourmetads.com/articles/best-connected-tv-advertising-companies/,gourmetads.com,sources_cited,NB-CZ-API_2026-08-25_lambos_digital_perplexity_r2,11
2026-08-25,perplexity,api,US nationwide,connected TV and streaming advertising agency,What is the best connected TV advertising agency?,https://www.vibe.co/,vibe.co,sources_cited,NB-CZ-API_2026-08-25_lambos_digital_perplexity_r2,12
2026-08-25,perplexity,api,US nationwide,connected TV and streaming advertising agency,What is the best connected TV advertising agency?,https://www.thetradedesk.com/our-demand-side-platform/omnichannel-advertising/connected-tv,thetradedesk.com,sources_cited,NB-CZ-API_2026-08-25_lambos_digital_perplexity_r2,13
2026-08-25,perplexity,api,US nationwide,connected TV and streaming advertising agency,What is the best connected TV advertising agency?,https://www.strategus.com/,strategus.com,sources_cited,NB-CZ-API_2026-08-25_lambos_digital_perplexity_r2,14
2026-08-25,perplexity,api,US nationwide,connected TV and streaming advertising agency,What is the best connected TV advertising agency?,https://www.demandbase.com/blog/best-ctv-advertising-platforms/,demandbase.com,sources_cited,NB-CZ-API_2026-08-25_lambos_digital_perplexity_r2,15
2026-08-25,perplexity,api,US nationwide,connected TV and streaming advertising agency,What is the best connected TV advertising agency?,https://superbcompanies.com/categories/connected-tv-advertising-companies/,superbcompanies.com,sources_cited,NB-CZ-API_2026-08-25_lambos_digital_perplexity_r2,16
2026-08-25,perplexity,api,US nationwide,connected TV and streaming advertising agency,What is the best connected TV advertising agency?,https://www.sociummedia.com/services/connected-tv/,sociummedia.com,sources_cited,NB-CZ-API_2026-08-25_lambos_digital_perplexity_r2,17
2026-08-25,perplexity,api,US nationwide,connected TV and streaming advertising agency,What is the best connected TV advertising agency?,https://www.viantinc.com/solutions/omnichannel/connected-tv/,viantinc.com,sources_cited,NB-CZ-API_2026-08-25_lambos_digital_perplexity_r2,18
2026-08-25,perplexity,api,US nationwide,connected TV and streaming advertising agency,What is the best connected TV advertising agency?,https://adsmanager.paramount.com/insights/ctv-advertising-platforms,adsmanager.paramount.com,sources_cited,NB-CZ-API_2026-08-25_lambos_digital_perplexity_r2,19
2026-08-25,perplexity,api,US nationwide,connected TV and streaming advertising agency,What is the best connected TV advertising agency?,https://clutch.co/agencies/connected-tv/uk/england/london,clutch.co,sources_cited,NB-CZ-API_2026-08-25_lambos_digital_perplexity_r2,20
2026-08-25,perplexity,api,US nationwide,ai visibility checks,What is the best service to check if AI engines like ChatGPT recommend my small business?,https://thetechfounders.co.uk/guides/10-best-ai-readiness-assessment-platforms-available-in-2026/,thetechfounders.co.uk,sources_cited,NB-CZ-API_2026-08-25_namebeam_perplexity,1
2026-08-25,perplexity,api,US nationwide,ai visibility checks,What is the best service to check if AI engines like ChatGPT recommend my small business?,https://www.christianandtimbers.com/insights/best-ai-assessment-services-2026,christianandtimbers.com,sources_cited,NB-CZ-API_2026-08-25_namebeam_perplexity,2
2026-08-25,perplexity,api,US nationwide,ai visibility checks,What is the best service to check if AI engines like ChatGPT recommend my small business?,https://www.confident-ai.com/knowledge-base/compare/best-ai-evaluation-tools-2026,confident-ai.com,sources_cited,NB-CZ-API_2026-08-25_namebeam_perplexity,3
2026-08-25,perplexity,api,US nationwide,ai visibility checks,What is the best service to check if AI engines like ChatGPT recommend my small business?,https://www.tfsfventures.com/blog/best-ai-assessment-tools-for-business-2026,tfsfventures.com,sources_cited,NB-CZ-API_2026-08-25_namebeam_perplexity,4
2026-08-25,perplexity,api,US nationwide,ai visibility checks,What is the best service to check if AI engines like ChatGPT recommend my small business?,https://aibusinessoptimization.com/pricing,aibusinessoptimization.com,sources_cited,NB-CZ-API_2026-08-25_namebeam_perplexity,5
2026-08-25,perplexity,api,US nationwide,ai visibility checks,What is the best service to check if AI engines like ChatGPT recommend my small business?,https://www.f6s.com/software/category/ai-evaluation,f6s.com,sources_cited,NB-CZ-API_2026-08-25_namebeam_perplexity,6
2026-08-25,perplexity,api,US nationwide,ai visibility checks,What is the best service to check if AI engines like ChatGPT recommend my small business?,https://biztechmagazine.com/article/2025/12/ai-tool-evaluation-tips-smbs,biztechmagazine.com,sources_cited,NB-CZ-API_2026-08-25_namebeam_perplexity,7
2026-08-25,perplexity,api,US nationwide,ai visibility checks,What is the best service to check if AI engines like ChatGPT recommend my small business?,https://naviask.ai/,naviask.ai,sources_cited,NB-CZ-API_2026-08-25_namebeam_perplexity,8
2026-08-25,perplexity,api,US nationwide,ai visibility checks,What is the best service to check if AI engines like ChatGPT recommend my small business?,https://www.capterra.com/p/10046737/AI-Business-Optimization-Assessment/,capterra.com,sources_cited,NB-CZ-API_2026-08-25_namebeam_perplexity,9
2026-08-25,perplexity,api,US nationwide,ai visibility checks,What is the best service to check if AI engines like ChatGPT recommend my small business?,https://www.aitruescore.com/blog/best-ai-visibility-tools-for-small-business,aitruescore.com,sources_cited,NB-CZ-API_2026-08-25_namebeam_perplexity,10
2026-08-25,perplexity,api,US nationwide,ai visibility checks,What is the best service to check if AI engines like ChatGPT recommend my small business?,https://www.salesforce.com/artificial-intelligence/ai-for-small-business/best-ai-tools/,salesforce.com,sources_cited,NB-CZ-API_2026-08-25_namebeam_perplexity,11
2026-08-25,perplexity,api,US nationwide,ai visibility checks,What is the best service to check if AI engines like ChatGPT recommend my small business?,https://ai-marketinglabs.com/lab-experiments/the-best-ai-visibility-tools-for-small-businesses-right-now,ai-marketinglabs.com,sources_cited,NB-CZ-API_2026-08-25_namebeam_perplexity,12
2026-08-25,perplexity,api,US nationwide,ai visibility checks,What is the best service to check if AI engines like ChatGPT recommend my small business?,https://cieden.com/ai-consulting-firms-for-small-businesses,cieden.com,sources_cited,NB-CZ-API_2026-08-25_namebeam_perplexity,13
2026-08-25,perplexity,api,US nationwide,ai visibility checks,What is the best service to check if AI engines like ChatGPT recommend my small business?,https://suprmind.ai/hub/insights/best-rated-ai-seo-services-for-small-business-a-transparent-scoring/,suprmind.ai,sources_cited,NB-CZ-API_2026-08-25_namebeam_perplexity,14
2026-08-25,perplexity,api,US nationwide,ai visibility checks,What is the best service to check if AI engines like ChatGPT recommend my small business?,https://aijourn.com/best-ai-consultants-for-small-business/,aijourn.com,sources_cited,NB-CZ-API_2026-08-25_namebeam_perplexity,15
2026-08-25,perplexity,api,US nationwide,ai visibility checks,What is the best service to check if AI engines like ChatGPT recommend my small business?,https://cloudnsite.com/blog/best-ai-consulting-agencies-small-business-automation-2025,cloudnsite.com,sources_cited,NB-CZ-API_2026-08-25_namebeam_perplexity,16
2026-08-25,perplexity,api,US nationwide,ai visibility checks,What is the best service to check if AI engines like ChatGPT recommend my small business?,https://helply.com/blog/15-best-ai-agents-for-small-business,helply.com,sources_cited,NB-CZ-API_2026-08-25_namebeam_perplexity,17
2026-08-25,perplexity,api,US nationwide,ai visibility checks,What is the best service to check if AI engines like ChatGPT recommend my small business?,https://www.cloudtalk.io/blog/ai-for-small-business/,cloudtalk.io,sources_cited,NB-CZ-API_2026-08-25_namebeam_perplexity,18
2026-08-25,perplexity,api,US nationwide,ai visibility checks,What is the best service to check if AI engines like ChatGPT recommend my small business?,https://www.reddit.com/r/smallbusiness/comments/1n0elfc/what_are_the_best_ai_tools_for_business_that/,reddit.com,sources_cited,NB-CZ-API_2026-08-25_namebeam_perplexity,19
2026-08-25,perplexity,api,US nationwide,ai visibility checks,What is the best service to check if AI engines like ChatGPT recommend my small business?,https://missiveapp.com/blog/best-ai-tools-for-small-businesses,missiveapp.com,sources_cited,NB-CZ-API_2026-08-25_namebeam_perplexity,20
2026-08-25,perplexity,api,US nationwide,ai visibility checks,What is the best service to check if AI engines like ChatGPT recommend my small business?,https://thetechfounders.co.uk/guides/10-best-ai-readiness-assessment-platforms-available-in-2026/,thetechfounders.co.uk,sources_cited,NB-CZ-API_2026-08-25_namebeam_perplexity_r2,1
2026-08-25,perplexity,api,US nationwide,ai visibility checks,What is the best service to check if AI engines like ChatGPT recommend my small business?,https://www.christianandtimbers.com/insights/best-ai-assessment-services-2026,christianandtimbers.com,sources_cited,NB-CZ-API_2026-08-25_namebeam_perplexity_r2,2
2026-08-25,perplexity,api,US nationwide,ai visibility checks,What is the best service to check if AI engines like ChatGPT recommend my small business?,https://www.confident-ai.com/knowledge-base/compare/best-ai-evaluation-tools-2026,confident-ai.com,sources_cited,NB-CZ-API_2026-08-25_namebeam_perplexity_r2,3
2026-08-25,perplexity,api,US nationwide,ai visibility checks,What is the best service to check if AI engines like ChatGPT recommend my small business?,https://www.tfsfventures.com/blog/best-ai-assessment-tools-for-business-2026,tfsfventures.com,sources_cited,NB-CZ-API_2026-08-25_namebeam_perplexity_r2,4
2026-08-25,perplexity,api,US nationwide,ai visibility checks,What is the best service to check if AI engines like ChatGPT recommend my small business?,https://aibusinessoptimization.com/pricing,aibusinessoptimization.com,sources_cited,NB-CZ-API_2026-08-25_namebeam_perplexity_r2,5
2026-08-25,perplexity,api,US nationwide,ai visibility checks,What is the best service to check if AI engines like ChatGPT recommend my small business?,https://www.f6s.com/software/category/ai-evaluation,f6s.com,sources_cited,NB-CZ-API_2026-08-25_namebeam_perplexity_r2,6
2026-08-25,perplexity,api,US nationwide,ai visibility checks,What is the best service to check if AI engines like ChatGPT recommend my small business?,https://cieden.com/ai-consulting-firms-for-small-businesses,cieden.com,sources_cited,NB-CZ-API_2026-08-25_namebeam_perplexity_r2,7
2026-08-25,perplexity,api,US nationwide,ai visibility checks,What is the best service to check if AI engines like ChatGPT recommend my small business?,https://suprmind.ai/hub/insights/best-rated-ai-seo-services-for-small-business-a-transparent-scoring/,suprmind.ai,sources_cited,NB-CZ-API_2026-08-25_namebeam_perplexity_r2,8
2026-08-25,perplexity,api,US nationwide,ai visibility checks,What is the best service to check if AI engines like ChatGPT recommend my small business?,https://www.capterra.com/p/10046737/AI-Business-Optimization-Assessment/,capterra.com,sources_cited,NB-CZ-API_2026-08-25_namebeam_perplexity_r2,9
2026-08-25,perplexity,api,US nationwide,ai visibility checks,What is the best service to check if AI engines like ChatGPT recommend my small business?,https://www.bridgeviewit.com/services/small-business-ai-consulting/,bridgeviewit.com,sources_cited,NB-CZ-API_2026-08-25_namebeam_perplexity_r2,10
2026-08-25,perplexity,api,US nationwide,ai visibility checks,What is the best service to check if AI engines like ChatGPT recommend my small business?,https://aijourn.com/best-ai-consultants-for-small-business/,aijourn.com,sources_cited,NB-CZ-API_2026-08-25_namebeam_perplexity_r2,11
2026-08-25,perplexity,api,US nationwide,ai visibility checks,What is the best service to check if AI engines like ChatGPT recommend my small business?,https://naviask.ai/,naviask.ai,sources_cited,NB-CZ-API_2026-08-25_namebeam_perplexity_r2,12
2026-08-25,perplexity,api,US nationwide,ai visibility checks,What is the best service to check if AI engines like ChatGPT recommend my small business?,https://www.aitruescore.com/blog/best-ai-visibility-tools-for-small-business,aitruescore.com,sources_cited,NB-CZ-API_2026-08-25_namebeam_perplexity_r2,13
2026-08-25,perplexity,api,US nationwide,ai visibility checks,What is the best service to check if AI engines like ChatGPT recommend my small business?,https://ai-marketinglabs.com/lab-experiments/the-best-ai-visibility-tools-for-small-businesses-right-now,ai-marketinglabs.com,sources_cited,NB-CZ-API_2026-08-25_namebeam_perplexity_r2,14
2026-08-25,perplexity,api,US nationwide,ai visibility checks,What is the best service to check if AI engines like ChatGPT recommend my small business?,https://cloudnsite.com/blog/best-ai-consulting-agencies-small-business-automation-2025,cloudnsite.com,sources_cited,NB-CZ-API_2026-08-25_namebeam_perplexity_r2,15
2026-08-25,perplexity,api,US nationwide,ai visibility checks,What is the best service to check if AI engines like ChatGPT recommend my small business?,https://www.reddit.com/r/smallbusiness/comments/1qo267y/small_business_owners_which_ai_platform_actually/,reddit.com,sources_cited,NB-CZ-API_2026-08-25_namebeam_perplexity_r2,16
2026-08-25,perplexity,api,US nationwide,ai visibility checks,What is the best service to check if AI engines like ChatGPT recommend my small business?,https://workspace.google.com/resources/ai-for-small-business/,workspace.google.com,sources_cited,NB-CZ-API_2026-08-25_namebeam_perplexity_r2,17
2026-08-25,perplexity,api,US nationwide,ai visibility checks,What is the best service to check if AI engines like ChatGPT recommend my small business?,https://airiam.com/blog/best-ai-tools-small-business/,airiam.com,sources_cited,NB-CZ-API_2026-08-25_namebeam_perplexity_r2,18
2026-08-25,perplexity,api,US nationwide,ai visibility checks,What is the best service to check if AI engines like ChatGPT recommend my small business?,https://www.dialpad.com/blog/ai-tools-for-small-business/,dialpad.com,sources_cited,NB-CZ-API_2026-08-25_namebeam_perplexity_r2,19
2026-08-25,perplexity,api,US nationwide,ai visibility checks,What is the best service to check if AI engines like ChatGPT recommend my small business?,https://www.reddit.com/r/ChatGPTPro/comments/1nlngy5/what_are_the_best_ai_tools_for_business_owners/,reddit.com,sources_cited,NB-CZ-API_2026-08-25_namebeam_perplexity_r2,20
2026-08-25,perplexity,api,Kansas City MO,marketing agency,Who is the best marketing agency in Kansas City?,https://themarketingagency.ca/blog/top-marketing-agencies-kansas-city/,themarketingagency.ca,sources_cited,NB-CZ-API_2026-08-25_native_digital_perplexity,1
2026-08-25,perplexity,api,Kansas City MO,marketing agency,Who is the best marketing agency in Kansas City?,https://www.designity.com/blog/top-advertising-agencies-in-kansas-city,designity.com,sources_cited,NB-CZ-API_2026-08-25_native_digital_perplexity,2
2026-08-25,perplexity,api,Kansas City MO,marketing agency,Who is the best marketing agency in Kansas City?,https://www.hellobigidea.com/,hellobigidea.com,sources_cited,NB-CZ-API_2026-08-25_native_digital_perplexity,3
2026-08-25,perplexity,api,Kansas City MO,marketing agency,Who is the best marketing agency in Kansas City?,https://clutch.co/agencies/kansas-city,clutch.co,sources_cited,NB-CZ-API_2026-08-25_native_digital_perplexity,4
2026-08-25,perplexity,api,Kansas City MO,marketing agency,Who is the best marketing agency in Kansas City?,https://www.uforocks.com/blog/20-top-marketing-agencies-in-kansas-city-for-impressive-business-growth/,uforocks.com,sources_cited,NB-CZ-API_2026-08-25_native_digital_perplexity,5
2026-08-25,perplexity,api,Kansas City MO,marketing agency,Who is the best marketing agency in Kansas City?,https://amakc.com/kansas-city-marketing-companies-directory/,amakc.com,sources_cited,NB-CZ-API_2026-08-25_native_digital_perplexity,6
2026-08-25,perplexity,api,Kansas City MO,marketing agency,Who is the best marketing agency in Kansas City?,https://www.designity.com/blog/top-advertising-agencies-in-kansas,designity.com,sources_cited,NB-CZ-API_2026-08-25_native_digital_perplexity,7
2026-08-25,perplexity,api,Kansas City MO,marketing agency,Who is the best marketing agency in Kansas City?,https://eagadv.com/,eagadv.com,sources_cited,NB-CZ-API_2026-08-25_native_digital_perplexity,8
2026-08-25,perplexity,api,Kansas City MO,marketing agency,Who is the best marketing agency in Kansas City?,https://builtin.com/articles/marketing-agency-kansas-city,builtin.com,sources_cited,NB-CZ-API_2026-08-25_native_digital_perplexity,9
2026-08-25,perplexity,api,Kansas City MO,marketing agency,Who is the best marketing agency in Kansas City?,https://nationalmarketingawards.com/awards/kansas/,nationalmarketingawards.com,sources_cited,NB-CZ-API_2026-08-25_native_digital_perplexity,10
2026-08-25,perplexity,api,Kansas City MO,marketing agency,Who is the best marketing agency in Kansas City?,https://www.enrichlabs.ai/agencies/city/kansas-city-mo,enrichlabs.ai,sources_cited,NB-CZ-API_2026-08-25_native_digital_perplexity,11
2026-08-25,perplexity,api,Kansas City MO,marketing agency,Who is the best marketing agency in Kansas City?,https://www.reddit.com/r/DigitalMarketing/comments/1m23g6h/looking_for_a_solid_marketing_agency_in_kansas/,reddit.com,sources_cited,NB-CZ-API_2026-08-25_native_digital_perplexity,12
2026-08-25,perplexity,api,Kansas City MO,marketing agency,Who is the best marketing agency in Kansas City?,https://clutch.co/agencies/digital-marketing/kansas-city,clutch.co,sources_cited,NB-CZ-API_2026-08-25_native_digital_perplexity,13
2026-08-25,perplexity,api,Kansas City MO,marketing agency,Who is the best marketing agency in Kansas City?,https://www.webdesignrankings.com/best-kansas-city-marketing-agencies/,webdesignrankings.com,sources_cited,NB-CZ-API_2026-08-25_native_digital_perplexity,14
2026-08-25,perplexity,api,Kansas City MO,marketing agency,Who is the best marketing agency in Kansas City?,https://builtin.com/articles/advertising-agencies-in-kansas-city,builtin.com,sources_cited,NB-CZ-API_2026-08-25_native_digital_perplexity,15
2026-08-25,perplexity,api,Kansas City MO,marketing agency,Who is the best marketing agency in Kansas City?,https://newmedia.com/kansas-city-digital-marketing-agency,newmedia.com,sources_cited,NB-CZ-API_2026-08-25_native_digital_perplexity,16
2026-08-25,perplexity,api,Kansas City MO,marketing agency,Who is the best marketing agency in Kansas City?,https://2amarketing.com/,2amarketing.com,sources_cited,NB-CZ-API_2026-08-25_native_digital_perplexity,17
2026-08-25,perplexity,api,Kansas City MO,marketing agency,Who is the best marketing agency in Kansas City?,https://clutch.co/agencies/kansas-city?page=2,clutch.co,sources_cited,NB-CZ-API_2026-08-25_native_digital_perplexity,18
2026-08-25,perplexity,api,Kansas City MO,marketing agency,Who is the best marketing agency in Kansas City?,https://thriveagency.com/kansas-city-digital-marketing-agency/,thriveagency.com,sources_cited,NB-CZ-API_2026-08-25_native_digital_perplexity,19
2026-08-25,perplexity,api,Kansas City MO,marketing agency,Who is the best marketing agency in Kansas City?,https://themarketingagency.ca/blog/top-marketing-agencies-kansas-city/,themarketingagency.ca,sources_cited,NB-CZ-API_2026-08-25_native_digital_perplexity_r2,1
2026-08-25,perplexity,api,Kansas City MO,marketing agency,Who is the best marketing agency in Kansas City?,https://www.hellobigidea.com/,hellobigidea.com,sources_cited,NB-CZ-API_2026-08-25_native_digital_perplexity_r2,2
2026-08-25,perplexity,api,Kansas City MO,marketing agency,Who is the best marketing agency in Kansas City?,https://builtin.com/articles/marketing-agency-kansas-city,builtin.com,sources_cited,NB-CZ-API_2026-08-25_native_digital_perplexity_r2,3
2026-08-25,perplexity,api,Kansas City MO,marketing agency,Who is the best marketing agency in Kansas City?,https://www.designity.com/blog/top-advertising-agencies-in-kansas-city,designity.com,sources_cited,NB-CZ-API_2026-08-25_native_digital_perplexity_r2,4
2026-08-25,perplexity,api,Kansas City MO,marketing agency,Who is the best marketing agency in Kansas City?,https://www.reddit.com/r/DigitalMarketing/comments/1m23g6h/looking_for_a_solid_marketing_agency_in_kansas/,reddit.com,sources_cited,NB-CZ-API_2026-08-25_native_digital_perplexity_r2,5
2026-08-25,perplexity,api,Kansas City MO,marketing agency,Who is the best marketing agency in Kansas City?,https://clutch.co/agencies/kansas-city,clutch.co,sources_cited,NB-CZ-API_2026-08-25_native_digital_perplexity_r2,6
2026-08-25,perplexity,api,Kansas City MO,marketing agency,Who is the best marketing agency in Kansas City?,https://www.designity.com/blog/top-advertising-agencies-in-kansas,designity.com,sources_cited,NB-CZ-API_2026-08-25_native_digital_perplexity_r2,7
2026-08-25,perplexity,api,Kansas City MO,marketing agency,Who is the best marketing agency in Kansas City?,https://eagadv.com/,eagadv.com,sources_cited,NB-CZ-API_2026-08-25_native_digital_perplexity_r2,8
2026-08-25,perplexity,api,Kansas City MO,marketing agency,Who is the best marketing agency in Kansas City?,https://www.uforocks.com/blog/20-top-marketing-agencies-in-kansas-city-for-impressive-business-growth/,uforocks.com,sources_cited,NB-CZ-API_2026-08-25_native_digital_perplexity_r2,9
2026-08-25,perplexity,api,Kansas City MO,marketing agency,Who is the best marketing agency in Kansas City?,https://nationalmarketingawards.com/awards/kansas/,nationalmarketingawards.com,sources_cited,NB-CZ-API_2026-08-25_native_digital_perplexity_r2,10
2026-08-25,perplexity,api,Kansas City MO,marketing agency,Who is the best marketing agency in Kansas City?,https://www.enrichlabs.ai/agencies/city/kansas-city-mo,enrichlabs.ai,sources_cited,NB-CZ-API_2026-08-25_native_digital_perplexity_r2,11
2026-08-25,perplexity,api,Kansas City MO,marketing agency,Who is the best marketing agency in Kansas City?,https://clutch.co/agencies/digital-marketing/kansas-city,clutch.co,sources_cited,NB-CZ-API_2026-08-25_native_digital_perplexity_r2,12
2026-08-25,perplexity,api,Kansas City MO,marketing agency,Who is the best marketing agency in Kansas City?,https://amakc.com/kansas-city-marketing-companies-directory/,amakc.com,sources_cited,NB-CZ-API_2026-08-25_native_digital_perplexity_r2,13
2026-08-25,perplexity,api,Kansas City MO,marketing agency,Who is the best marketing agency in Kansas City?,https://www.j29creative.com/,j29creative.com,sources_cited,NB-CZ-API_2026-08-25_native_digital_perplexity_r2,14
2026-08-25,perplexity,api,Kansas City MO,marketing agency,Who is the best marketing agency in Kansas City?,https://2amarketing.com/,2amarketing.com,sources_cited,NB-CZ-API_2026-08-25_native_digital_perplexity_r2,15
2026-08-25,perplexity,api,Kansas City MO,marketing agency,Who is the best marketing agency in Kansas City?,https://www.designrush.com/agency/ad-agencies/missouri/kansas-city,designrush.com,sources_cited,NB-CZ-API_2026-08-25_native_digital_perplexity_r2,16
2026-08-25,perplexity,api,Kansas City MO,marketing agency,Who is the best marketing agency in Kansas City?,https://clutch.co/agencies/kansas-city?page=2,clutch.co,sources_cited,NB-CZ-API_2026-08-25_native_digital_perplexity_r2,17
2026-08-25,perplexity,api,Kansas City MO,marketing agency,Who is the best marketing agency in Kansas City?,https://www.webdesignrankings.com/best-kansas-city-marketing-agencies/,webdesignrankings.com,sources_cited,NB-CZ-API_2026-08-25_native_digital_perplexity_r2,18
2026-08-25,perplexity,api,Kansas City MO,marketing agency,Who is the best marketing agency in Kansas City?,https://thriveagency.com/kansas-city-digital-marketing-agency/,thriveagency.com,sources_cited,NB-CZ-API_2026-08-25_native_digital_perplexity_r2,19
2026-08-25,perplexity,api,US nationwide,AI marketing tool for DTC brands,What is the best AI marketing tool for DTC brands?,https://www.lifemind.ai/top-ten-ai-marketing-tools-for-dtc-and-retail,lifemind.ai,sources_cited,NB-CZ-API_2026-08-25_needle_perplexity,1
2026-08-25,perplexity,api,US nationwide,AI marketing tool for DTC brands,What is the best AI marketing tool for DTC brands?,https://www.admetrics.io/en/post/best-ai-tools-for-dtc,admetrics.io,sources_cited,NB-CZ-API_2026-08-25_needle_perplexity,2
2026-08-25,perplexity,api,US nationwide,AI marketing tool for DTC brands,What is the best AI marketing tool for DTC brands?,https://www.askneedle.com/blog/best-ai-marketing-tools,askneedle.com,sources_cited,NB-CZ-API_2026-08-25_needle_perplexity,3
2026-08-25,perplexity,api,US nationwide,AI marketing tool for DTC brands,What is the best AI marketing tool for DTC brands?,https://merlingotme.com/blog/best-ai-marketing-tools-dtc-2026,merlingotme.com,sources_cited,NB-CZ-API_2026-08-25_needle_perplexity,4
2026-08-25,perplexity,api,US nationwide,AI marketing tool for DTC brands,What is the best AI marketing tool for DTC brands?,https://dtcskills.com/blog/best-ai-marketing-tools-dtc,dtcskills.com,sources_cited,NB-CZ-API_2026-08-25_needle_perplexity,5
2026-08-25,perplexity,api,US nationwide,AI marketing tool for DTC brands,What is the best AI marketing tool for DTC brands?,https://www.askneedle.com/blog/5-best-ai-tools-for-dtc-marketing-in-2026,askneedle.com,sources_cited,NB-CZ-API_2026-08-25_needle_perplexity,6
2026-08-25,perplexity,api,US nationwide,AI marketing tool for DTC brands,What is the best AI marketing tool for DTC brands?,https://adlyse.com/articles/best-ai-advertising-tools-dtc-ecommerce,adlyse.com,sources_cited,NB-CZ-API_2026-08-25_needle_perplexity,7
2026-08-25,perplexity,api,US nationwide,AI marketing tool for DTC brands,What is the best AI marketing tool for DTC brands?,https://shanerbrady.com/best/ai-tools-for/dtc-brands,shanerbrady.com,sources_cited,NB-CZ-API_2026-08-25_needle_perplexity,8
2026-08-25,perplexity,api,US nationwide,AI marketing tool for DTC brands,What is the best AI marketing tool for DTC brands?,https://www.openpr.com/news/4586542/best-ai-campaign-planning-tools-for-dtc-brands-in-2026-marklo,openpr.com,sources_cited,NB-CZ-API_2026-08-25_needle_perplexity,9
2026-08-25,perplexity,api,US nationwide,AI marketing tool for DTC brands,What is the best AI marketing tool for DTC brands?,https://segwise.ai/blog/ai-ad-optimizers-dtc-brands-2026,segwise.ai,sources_cited,NB-CZ-API_2026-08-25_needle_perplexity,10
2026-08-25,perplexity,api,US nationwide,AI marketing tool for DTC brands,What is the best AI marketing tool for DTC brands?,https://www.involve.me/blog/best-dtc-tools,involve.me,sources_cited,NB-CZ-API_2026-08-25_needle_perplexity,11
2026-08-25,perplexity,api,US nationwide,AI marketing tool for DTC brands,What is the best AI marketing tool for DTC brands?,https://startuptalky.com/best-ai-marketing-tools-for-dtc-brands/,startuptalky.com,sources_cited,NB-CZ-API_2026-08-25_needle_perplexity,12
2026-08-25,perplexity,api,US nationwide,AI marketing tool for DTC brands,What is the best AI marketing tool for DTC brands?,https://adlibrary.com/posts/ai-marketing-tools-for-ecommerce,adlibrary.com,sources_cited,NB-CZ-API_2026-08-25_needle_perplexity,13
2026-08-25,perplexity,api,US nationwide,AI marketing tool for DTC brands,What is the best AI marketing tool for DTC brands?,https://theaiagentindex.com/ai-marketing-agents/dtc,theaiagentindex.com,sources_cited,NB-CZ-API_2026-08-25_needle_perplexity,14
2026-08-25,perplexity,api,US nationwide,AI marketing tool for DTC brands,What is the best AI marketing tool for DTC brands?,https://www.yotpo.com/blog/best-ai-tools-ecommerce-operations/,yotpo.com,sources_cited,NB-CZ-API_2026-08-25_needle_perplexity,15
2026-08-25,perplexity,api,US nationwide,AI marketing tool for DTC brands,What is the best AI marketing tool for DTC brands?,https://www.nudgenow.com/blogs/best-ai-visibility-aeo-platforms-dtc-brands,nudgenow.com,sources_cited,NB-CZ-API_2026-08-25_needle_perplexity,16
2026-08-25,perplexity,api,US nationwide,AI marketing tool for DTC brands,What is the best AI marketing tool for DTC brands?,https://www.campaignmonitor.com/blog/comparison/best-ai-marketing-tools/,campaignmonitor.com,sources_cited,NB-CZ-API_2026-08-25_needle_perplexity,17
2026-08-25,perplexity,api,US nationwide,AI marketing tool for DTC brands,What is the best AI marketing tool for DTC brands?,https://www.askneedle.com/blog/ai-marketing-tools-for-small-business,askneedle.com,sources_cited,NB-CZ-API_2026-08-25_needle_perplexity,18
2026-08-25,perplexity,api,US nationwide,AI marketing tool for DTC brands,What is the best AI marketing tool for DTC brands?,https://www.marketermilk.com/blog/ai-marketing-tools,marketermilk.com,sources_cited,NB-CZ-API_2026-08-25_needle_perplexity,19
2026-08-25,perplexity,api,US nationwide,AI marketing tool for DTC brands,What is the best AI marketing tool for DTC brands?,https://www.gwi.com/blog/ai-marketing-tools,gwi.com,sources_cited,NB-CZ-API_2026-08-25_needle_perplexity,20
2026-08-25,perplexity,api,US nationwide,AI marketing tool for DTC brands,What is the best AI marketing tool for DTC brands?,https://www.lifemind.ai/top-ten-ai-marketing-tools-for-dtc-and-retail,lifemind.ai,sources_cited,NB-CZ-API_2026-08-25_needle_perplexity_r2,1
2026-08-25,perplexity,api,US nationwide,AI marketing tool for DTC brands,What is the best AI marketing tool for DTC brands?,https://www.admetrics.io/en/post/best-ai-tools-for-dtc,admetrics.io,sources_cited,NB-CZ-API_2026-08-25_needle_perplexity_r2,2
2026-08-25,perplexity,api,US nationwide,AI marketing tool for DTC brands,What is the best AI marketing tool for DTC brands?,https://www.askneedle.com/blog/best-ai-marketing-tools,askneedle.com,sources_cited,NB-CZ-API_2026-08-25_needle_perplexity_r2,3
2026-08-25,perplexity,api,US nationwide,AI marketing tool for DTC brands,What is the best AI marketing tool for DTC brands?,https://merlingotme.com/blog/best-ai-marketing-tools-dtc-2026,merlingotme.com,sources_cited,NB-CZ-API_2026-08-25_needle_perplexity_r2,4
2026-08-25,perplexity,api,US nationwide,AI marketing tool for DTC brands,What is the best AI marketing tool for DTC brands?,https://dtcskills.com/blog/best-ai-marketing-tools-dtc,dtcskills.com,sources_cited,NB-CZ-API_2026-08-25_needle_perplexity_r2,5
2026-08-25,perplexity,api,US nationwide,AI marketing tool for DTC brands,What is the best AI marketing tool for DTC brands?,https://www.askneedle.com/blog/5-best-ai-tools-for-dtc-marketing-in-2026,askneedle.com,sources_cited,NB-CZ-API_2026-08-25_needle_perplexity_r2,6
2026-08-25,perplexity,api,US nationwide,AI marketing tool for DTC brands,What is the best AI marketing tool for DTC brands?,https://benly.ai/learn/ai-marketing/best-ad-tools-for-dtc-brands-2026,benly.ai,sources_cited,NB-CZ-API_2026-08-25_needle_perplexity_r2,7
2026-08-25,perplexity,api,US nationwide,AI marketing tool for DTC brands,What is the best AI marketing tool for DTC brands?,https://segwise.ai/blog/ai-ad-optimizers-dtc-brands-2026,segwise.ai,sources_cited,NB-CZ-API_2026-08-25_needle_perplexity_r2,8
2026-08-25,perplexity,api,US nationwide,AI marketing tool for DTC brands,What is the best AI marketing tool for DTC brands?,https://adlyse.com/articles/best-ai-advertising-tools-dtc-ecommerce,adlyse.com,sources_cited,NB-CZ-API_2026-08-25_needle_perplexity_r2,9
2026-08-25,perplexity,api,US nationwide,AI marketing tool for DTC brands,What is the best AI marketing tool for DTC brands?,https://shanerbrady.com/best/ai-tools-for/dtc-brands,shanerbrady.com,sources_cited,NB-CZ-API_2026-08-25_needle_perplexity_r2,10
2026-08-25,perplexity,api,US nationwide,AI marketing tool for DTC brands,What is the best AI marketing tool for DTC brands?,https://www.openpr.com/news/4586542/best-ai-campaign-planning-tools-for-dtc-brands-in-2026-marklo,openpr.com,sources_cited,NB-CZ-API_2026-08-25_needle_perplexity_r2,11
2026-08-25,perplexity,api,US nationwide,AI marketing tool for DTC brands,What is the best AI marketing tool for DTC brands?,https://www.involve.me/blog/best-dtc-tools,involve.me,sources_cited,NB-CZ-API_2026-08-25_needle_perplexity_r2,12
2026-08-25,perplexity,api,US nationwide,AI marketing tool for DTC brands,What is the best AI marketing tool for DTC brands?,https://startuptalky.com/best-ai-marketing-tools-for-dtc-brands/,startuptalky.com,sources_cited,NB-CZ-API_2026-08-25_needle_perplexity_r2,13
2026-08-25,perplexity,api,US nationwide,AI marketing tool for DTC brands,What is the best AI marketing tool for DTC brands?,https://adlibrary.com/posts/ai-marketing-tools-for-ecommerce,adlibrary.com,sources_cited,NB-CZ-API_2026-08-25_needle_perplexity_r2,14
2026-08-25,perplexity,api,US nationwide,AI marketing tool for DTC brands,What is the best AI marketing tool for DTC brands?,https://theaiagentindex.com/ai-marketing-agents/dtc,theaiagentindex.com,sources_cited,NB-CZ-API_2026-08-25_needle_perplexity_r2,15
2026-08-25,perplexity,api,US nationwide,AI marketing tool for DTC brands,What is the best AI marketing tool for DTC brands?,https://www.yotpo.com/blog/best-ai-tools-ecommerce-operations/,yotpo.com,sources_cited,NB-CZ-API_2026-08-25_needle_perplexity_r2,16
2026-08-25,perplexity,api,US nationwide,AI marketing tool for DTC brands,What is the best AI marketing tool for DTC brands?,https://www.nudgenow.com/blogs/best-ai-visibility-aeo-platforms-dtc-brands,nudgenow.com,sources_cited,NB-CZ-API_2026-08-25_needle_perplexity_r2,17
2026-08-25,perplexity,api,US nationwide,AI marketing tool for DTC brands,What is the best AI marketing tool for DTC brands?,https://www.campaignmonitor.com/blog/comparison/best-ai-marketing-tools/,campaignmonitor.com,sources_cited,NB-CZ-API_2026-08-25_needle_perplexity_r2,18
2026-08-25,perplexity,api,US nationwide,AI marketing tool for DTC brands,What is the best AI marketing tool for DTC brands?,https://www.askneedle.com/blog/ai-marketing-tools-for-small-business,askneedle.com,sources_cited,NB-CZ-API_2026-08-25_needle_perplexity_r2,19
2026-08-25,perplexity,api,US nationwide,AI marketing tool for DTC brands,What is the best AI marketing tool for DTC brands?,https://www.gwi.com/blog/ai-marketing-tools,gwi.com,sources_cited,NB-CZ-API_2026-08-25_needle_perplexity_r2,20
2026-08-25,perplexity,api,St. Louis MO,interior painting,Who is the best interior painting company in St. Louis MO?,https://www.stlouishousepainting.com/,stlouishousepainting.com,sources_cited,NB-CZ-API_2026-08-25_paint_saint_louis_llc_perplexity,1
2026-08-25,perplexity,api,St. Louis MO,interior painting,Who is the best interior painting company in St. Louis MO?,https://stlouishousepainter.com/,stlouishousepainter.com,sources_cited,NB-CZ-API_2026-08-25_paint_saint_louis_llc_perplexity,2
2026-08-25,perplexity,api,St. Louis MO,interior painting,Who is the best interior painting company in St. Louis MO?,https://snlpainting.com/,snlpainting.com,sources_cited,NB-CZ-API_2026-08-25_paint_saint_louis_llc_perplexity,3
2026-08-25,perplexity,api,St. Louis MO,interior painting,Who is the best interior painting company in St. Louis MO?,https://www.angi.com/companylist/us/mo/st-louis/interior-painting.htm,angi.com,sources_cited,NB-CZ-API_2026-08-25_paint_saint_louis_llc_perplexity,4
2026-08-25,perplexity,api,St. Louis MO,interior painting,Who is the best interior painting company in St. Louis MO?,https://www.modpaint.com/interior-painting,modpaint.com,sources_cited,NB-CZ-API_2026-08-25_paint_saint_louis_llc_perplexity,5
2026-08-25,perplexity,api,St. Louis MO,interior painting,Who is the best interior painting company in St. Louis MO?,https://malonepainting.com/services/residential/interior-painting-in-st-louis/,malonepainting.com,sources_cited,NB-CZ-API_2026-08-25_paint_saint_louis_llc_perplexity,6
2026-08-25,perplexity,api,St. Louis MO,interior painting,Who is the best interior painting company in St. Louis MO?,https://gigopro.com/missouri/st-louis/interior-painting/,gigopro.com,sources_cited,NB-CZ-API_2026-08-25_paint_saint_louis_llc_perplexity,7
2026-08-25,perplexity,api,St. Louis MO,interior painting,Who is the best interior painting company in St. Louis MO?,https://www.expertise.com/home-improvement/painting/missouri/st-louis,expertise.com,sources_cited,NB-CZ-API_2026-08-25_paint_saint_louis_llc_perplexity,8
2026-08-25,perplexity,api,St. Louis MO,interior painting,Who is the best interior painting company in St. Louis MO?,https://www.reddit.com/r/StLouis/comments/p9zxwp/reputable_painters_or_company/,reddit.com,sources_cited,NB-CZ-API_2026-08-25_paint_saint_louis_llc_perplexity,9
2026-08-25,perplexity,api,St. Louis MO,interior painting,Who is the best interior painting company in St. Louis MO?,https://malonepainting.com/,malonepainting.com,sources_cited,NB-CZ-API_2026-08-25_paint_saint_louis_llc_perplexity,10
2026-08-25,perplexity,api,St. Louis MO,interior painting,Who is the best interior painting company in St. Louis MO?,https://www.stlouishousepainting.com/blogs/uncategorized/interior-painters-in-st-louis-mo-why-kennedy-painting-stands-out/,stlouishousepainting.com,sources_cited,NB-CZ-API_2026-08-25_paint_saint_louis_llc_perplexity,11
2026-08-25,perplexity,api,St. Louis MO,interior painting,Who is the best interior painting company in St. Louis MO?,https://www.reddit.com/r/StLouis/comments/tapcsz/anyone_know_of_a_good_painter_for_interior/,reddit.com,sources_cited,NB-CZ-API_2026-08-25_paint_saint_louis_llc_perplexity,12
2026-08-25,perplexity,api,St. Louis MO,interior painting,Who is the best interior painting company in St. Louis MO?,https://www.paintingdunnrightllc.com/,paintingdunnrightllc.com,sources_cited,NB-CZ-API_2026-08-25_paint_saint_louis_llc_perplexity,13
2026-08-25,perplexity,api,St. Louis MO,interior painting,Who is the best interior painting company in St. Louis MO?,https://www.hcopainting.com/,hcopainting.com,sources_cited,NB-CZ-API_2026-08-25_paint_saint_louis_llc_perplexity,14
2026-08-25,perplexity,api,St. Louis MO,interior painting,Who is the best interior painting company in St. Louis MO?,https://betterpainting.com/,betterpainting.com,sources_cited,NB-CZ-API_2026-08-25_paint_saint_louis_llc_perplexity,15
2026-08-25,perplexity,api,St. Louis MO,interior painting,Who is the best interior painting company in St. Louis MO?,https://certapro.com/kirkwood/best-painting-contractors-st-louis/,certapro.com,sources_cited,NB-CZ-API_2026-08-25_paint_saint_louis_llc_perplexity,16
2026-08-25,perplexity,api,St. Louis MO,interior painting,Who is the best interior painting company in St. Louis MO?,https://stlouis.thehomemag.online/house-painting-companies-st-louis/,stlouis.thehomemag.online,sources_cited,NB-CZ-API_2026-08-25_paint_saint_louis_llc_perplexity,17
2026-08-25,perplexity,api,St. Louis MO,interior painting,Who is the best interior painting company in St. Louis MO?,https://www.thumbtack.com/mo/saint-louis/painting,thumbtack.com,sources_cited,NB-CZ-API_2026-08-25_paint_saint_louis_llc_perplexity,18
2026-08-25,perplexity,api,St. Louis MO,interior painting,Who is the best interior painting company in St. Louis MO?,https://www.fivestarpainting.com/st-louis/,fivestarpainting.com,sources_cited,NB-CZ-API_2026-08-25_paint_saint_louis_llc_perplexity,19
2026-08-25,perplexity,api,St. Louis MO,interior painting,Who is the best interior painting company in St. Louis MO?,https://paintsaintlouis.com/,paintsaintlouis.com,sources_cited,NB-CZ-API_2026-08-25_paint_saint_louis_llc_perplexity,20
2026-08-25,perplexity,api,St. Louis MO,interior painting,Who is the best interior painting company in St. Louis MO?,https://www.stlouishousepainting.com/,stlouishousepainting.com,sources_cited,NB-CZ-API_2026-08-25_paint_saint_louis_llc_perplexity_r2,1
2026-08-25,perplexity,api,St. Louis MO,interior painting,Who is the best interior painting company in St. Louis MO?,https://stlouishousepainter.com/,stlouishousepainter.com,sources_cited,NB-CZ-API_2026-08-25_paint_saint_louis_llc_perplexity_r2,2
2026-08-25,perplexity,api,St. Louis MO,interior painting,Who is the best interior painting company in St. Louis MO?,https://snlpainting.com/,snlpainting.com,sources_cited,NB-CZ-API_2026-08-25_paint_saint_louis_llc_perplexity_r2,3
2026-08-25,perplexity,api,St. Louis MO,interior painting,Who is the best interior painting company in St. Louis MO?,https://www.angi.com/companylist/us/mo/st-louis/interior-painting.htm,angi.com,sources_cited,NB-CZ-API_2026-08-25_paint_saint_louis_llc_perplexity_r2,4
2026-08-25,perplexity,api,St. Louis MO,interior painting,Who is the best interior painting company in St. Louis MO?,https://www.modpaint.com/interior-painting,modpaint.com,sources_cited,NB-CZ-API_2026-08-25_paint_saint_louis_llc_perplexity_r2,5
2026-08-25,perplexity,api,St. Louis MO,interior painting,Who is the best interior painting company in St. Louis MO?,https://malonepainting.com/services/residential/interior-painting-in-st-louis/,malonepainting.com,sources_cited,NB-CZ-API_2026-08-25_paint_saint_louis_llc_perplexity_r2,6
2026-08-25,perplexity,api,St. Louis MO,interior painting,Who is the best interior painting company in St. Louis MO?,https://gigopro.com/missouri/st-louis/interior-painting/,gigopro.com,sources_cited,NB-CZ-API_2026-08-25_paint_saint_louis_llc_perplexity_r2,7
2026-08-25,perplexity,api,St. Louis MO,interior painting,Who is the best interior painting company in St. Louis MO?,https://www.reddit.com/r/StLouis/comments/tapcsz/anyone_know_of_a_good_painter_for_interior/,reddit.com,sources_cited,NB-CZ-API_2026-08-25_paint_saint_louis_llc_perplexity_r2,8
2026-08-25,perplexity,api,St. Louis MO,interior painting,Who is the best interior painting company in St. Louis MO?,https://www.expertise.com/home-improvement/painting/missouri/st-louis,expertise.com,sources_cited,NB-CZ-API_2026-08-25_paint_saint_louis_llc_perplexity_r2,9
2026-08-25,perplexity,api,St. Louis MO,interior painting,Who is the best interior painting company in St. Louis MO?,https://malonepainting.com/,malonepainting.com,sources_cited,NB-CZ-API_2026-08-25_paint_saint_louis_llc_perplexity_r2,10
2026-08-25,perplexity,api,St. Louis MO,interior painting,Who is the best interior painting company in St. Louis MO?,https://www.stlouishousepainting.com/blogs/uncategorized/interior-painters-in-st-louis-mo-why-kennedy-painting-stands-out/,stlouishousepainting.com,sources_cited,NB-CZ-API_2026-08-25_paint_saint_louis_llc_perplexity_r2,11
2026-08-25,perplexity,api,St. Louis MO,interior painting,Who is the best interior painting company in St. Louis MO?,https://www.paintingdunnrightllc.com/,paintingdunnrightllc.com,sources_cited,NB-CZ-API_2026-08-25_paint_saint_louis_llc_perplexity_r2,12
2026-08-25,perplexity,api,St. Louis MO,interior painting,Who is the best interior painting company in St. Louis MO?,https://www.hcopainting.com/,hcopainting.com,sources_cited,NB-CZ-API_2026-08-25_paint_saint_louis_llc_perplexity_r2,13
2026-08-25,perplexity,api,St. Louis MO,interior painting,Who is the best interior painting company in St. Louis MO?,https://www.thumbtack.com/mo/saint-louis/interior-painting,thumbtack.com,sources_cited,NB-CZ-API_2026-08-25_paint_saint_louis_llc_perplexity_r2,14
2026-08-25,perplexity,api,St. Louis MO,interior painting,Who is the best interior painting company in St. Louis MO?,https://betterpainting.com/,betterpainting.com,sources_cited,NB-CZ-API_2026-08-25_paint_saint_louis_llc_perplexity_r2,15
2026-08-25,perplexity,api,St. Louis MO,interior painting,Who is the best interior painting company in St. Louis MO?,https://stlouis.thehomemag.online/house-painting-companies-st-louis/,stlouis.thehomemag.online,sources_cited,NB-CZ-API_2026-08-25_paint_saint_louis_llc_perplexity_r2,16
2026-08-25,perplexity,api,St. Louis MO,interior painting,Who is the best interior painting company in St. Louis MO?,https://certapro.com/kirkwood/best-painting-contractors-st-louis/,certapro.com,sources_cited,NB-CZ-API_2026-08-25_paint_saint_louis_llc_perplexity_r2,17
2026-08-25,perplexity,api,St. Louis MO,interior painting,Who is the best interior painting company in St. Louis MO?,https://www.fivestarpainting.com/st-louis/,fivestarpainting.com,sources_cited,NB-CZ-API_2026-08-25_paint_saint_louis_llc_perplexity_r2,18
2026-08-25,perplexity,api,St. Louis MO,interior painting,Who is the best interior painting company in St. Louis MO?,https://paintsaintlouis.com/,paintsaintlouis.com,sources_cited,NB-CZ-API_2026-08-25_paint_saint_louis_llc_perplexity_r2,19
2026-08-25,perplexity,api,St. Louis MO,interior painting,Who is the best interior painting company in St. Louis MO?,https://www.houzz.com/professionals/painters/st-louis-mo-us-probr0-bo~t_27105~r_4407066,houzz.com,sources_cited,NB-CZ-API_2026-08-25_paint_saint_louis_llc_perplexity_r2,20
2026-08-25,perplexity,api,Maryland,marketing and brand strategy consultancy,Who is the best marketing agency in Maryland?,https://nationalmarketingawards.com/awards/maryland/,nationalmarketingawards.com,sources_cited,NB-CZ-API_2026-08-25_pyne_creative_perplexity,1
2026-08-25,perplexity,api,Maryland,marketing and brand strategy consultancy,Who is the best marketing agency in Maryland?,https://clutch.co/agencies/maryland,clutch.co,sources_cited,NB-CZ-API_2026-08-25_pyne_creative_perplexity,2
2026-08-25,perplexity,api,Maryland,marketing and brand strategy consultancy,Who is the best marketing agency in Maryland?,https://medium.com/@vilvas/5-top-advertising-agencies-in-maryland-you-should-know-45727d08c9e4,medium.com,sources_cited,NB-CZ-API_2026-08-25_pyne_creative_perplexity,3
2026-08-25,perplexity,api,Maryland,marketing and brand strategy consultancy,Who is the best marketing agency in Maryland?,https://www.morispr.com/best-advertising-agency-in-maryland-united-states,morispr.com,sources_cited,NB-CZ-API_2026-08-25_pyne_creative_perplexity,4
2026-08-25,perplexity,api,Maryland,marketing and brand strategy consultancy,Who is the best marketing agency in Maryland?,https://www.enrichlabs.ai/agencies/state/maryland,enrichlabs.ai,sources_cited,NB-CZ-API_2026-08-25_pyne_creative_perplexity,5
2026-08-25,perplexity,api,Maryland,marketing and brand strategy consultancy,Who is the best marketing agency in Maryland?,https://www.designity.com/blog/top-advertising-agencies-in-maryland,designity.com,sources_cited,NB-CZ-API_2026-08-25_pyne_creative_perplexity,6
2026-08-25,perplexity,api,Maryland,marketing and brand strategy consultancy,Who is the best marketing agency in Maryland?,https://itprofiles.com/services/advertising-marketing/maryland,itprofiles.com,sources_cited,NB-CZ-API_2026-08-25_pyne_creative_perplexity,7
2026-08-25,perplexity,api,Maryland,marketing and brand strategy consultancy,Who is the best marketing agency in Maryland?,https://www.sortlist.com/l/maryland-md-us,sortlist.com,sources_cited,NB-CZ-API_2026-08-25_pyne_creative_perplexity,8
2026-08-25,perplexity,api,Maryland,marketing and brand strategy consultancy,Who is the best marketing agency in Maryland?,https://www.designrush.com/agency/ad-agencies/maryland,designrush.com,sources_cited,NB-CZ-API_2026-08-25_pyne_creative_perplexity,9
2026-08-25,perplexity,api,Maryland,marketing and brand strategy consultancy,Who is the best marketing agency in Maryland?,https://www.gappsy.com/marketing-agencies-in-maryland-united-states/,gappsy.com,sources_cited,NB-CZ-API_2026-08-25_pyne_creative_perplexity,10
2026-08-25,perplexity,api,Maryland,marketing and brand strategy consultancy,Who is the best marketing agency in Maryland?,https://agencies.semrush.com/list/maryland/,agencies.semrush.com,sources_cited,NB-CZ-API_2026-08-25_pyne_creative_perplexity,11
2026-08-25,perplexity,api,Maryland,marketing and brand strategy consultancy,Who is the best marketing agency in Maryland?,https://plushmarketingagency.com/,plushmarketingagency.com,sources_cited,NB-CZ-API_2026-08-25_pyne_creative_perplexity,12
2026-08-25,perplexity,api,Maryland,marketing and brand strategy consultancy,Who is the best marketing agency in Maryland?,https://themanifest.com/advertising/agencies/maryland,themanifest.com,sources_cited,NB-CZ-API_2026-08-25_pyne_creative_perplexity,13
2026-08-25,perplexity,api,Maryland,marketing and brand strategy consultancy,Who is the best marketing agency in Maryland?,https://ecosystem.hubspot.com/marketplace/solutions/brand-social-management/united-states/maryland,ecosystem.hubspot.com,sources_cited,NB-CZ-API_2026-08-25_pyne_creative_perplexity,14
2026-08-25,perplexity,api,Maryland,marketing and brand strategy consultancy,Who is the best marketing agency in Maryland?,https://clutch.co/agencies/digital-marketing/maryland,clutch.co,sources_cited,NB-CZ-API_2026-08-25_pyne_creative_perplexity,15
2026-08-25,perplexity,api,Maryland,marketing and brand strategy consultancy,Who is the best marketing agency in Maryland?,https://themanifest.com/marketing-strategy/agencies/maryland,themanifest.com,sources_cited,NB-CZ-API_2026-08-25_pyne_creative_perplexity,16
2026-08-25,perplexity,api,Maryland,marketing and brand strategy consultancy,Who is the best marketing agency in Maryland?,https://mdadagency.md.gov/,mdadagency.md.gov,sources_cited,NB-CZ-API_2026-08-25_pyne_creative_perplexity,17
2026-08-25,perplexity,api,Maryland,marketing and brand strategy consultancy,Who is the best marketing agency in Maryland?,https://clutch.co/agencies/baltimore,clutch.co,sources_cited,NB-CZ-API_2026-08-25_pyne_creative_perplexity,18
2026-08-25,perplexity,api,Maryland,marketing and brand strategy consultancy,Who is the best marketing agency in Maryland?,https://mghus.com/,mghus.com,sources_cited,NB-CZ-API_2026-08-25_pyne_creative_perplexity,19
2026-08-25,perplexity,api,Maryland,marketing and brand strategy consultancy,Who is the best marketing agency in Maryland?,https://alchemidesign.com/alchemi-design-ranked-as-top-10-maryland-digital-marketing-agency/,alchemidesign.com,sources_cited,NB-CZ-API_2026-08-25_pyne_creative_perplexity,20
2026-08-25,perplexity,api,Maryland,marketing and brand strategy consultancy,Who is the best marketing agency in Maryland?,https://nationalmarketingawards.com/awards/maryland/,nationalmarketingawards.com,sources_cited,NB-CZ-API_2026-08-25_pyne_creative_perplexity_r2,1
2026-08-25,perplexity,api,Maryland,marketing and brand strategy consultancy,Who is the best marketing agency in Maryland?,https://clutch.co/agencies/maryland,clutch.co,sources_cited,NB-CZ-API_2026-08-25_pyne_creative_perplexity_r2,2
2026-08-25,perplexity,api,Maryland,marketing and brand strategy consultancy,Who is the best marketing agency in Maryland?,https://medium.com/@vilvas/5-top-advertising-agencies-in-maryland-you-should-know-45727d08c9e4,medium.com,sources_cited,NB-CZ-API_2026-08-25_pyne_creative_perplexity_r2,3
2026-08-25,perplexity,api,Maryland,marketing and brand strategy consultancy,Who is the best marketing agency in Maryland?,https://www.morispr.com/best-advertising-agency-in-maryland-united-states,morispr.com,sources_cited,NB-CZ-API_2026-08-25_pyne_creative_perplexity_r2,4
2026-08-25,perplexity,api,Maryland,marketing and brand strategy consultancy,Who is the best marketing agency in Maryland?,https://www.enrichlabs.ai/agencies/state/maryland,enrichlabs.ai,sources_cited,NB-CZ-API_2026-08-25_pyne_creative_perplexity_r2,5
2026-08-25,perplexity,api,Maryland,marketing and brand strategy consultancy,Who is the best marketing agency in Maryland?,https://www.designity.com/blog/top-advertising-agencies-in-maryland,designity.com,sources_cited,NB-CZ-API_2026-08-25_pyne_creative_perplexity_r2,6
2026-08-25,perplexity,api,Maryland,marketing and brand strategy consultancy,Who is the best marketing agency in Maryland?,https://clutch.co/agencies/maryland?page=2,clutch.co,sources_cited,NB-CZ-API_2026-08-25_pyne_creative_perplexity_r2,7
2026-08-25,perplexity,api,Maryland,marketing and brand strategy consultancy,Who is the best marketing agency in Maryland?,https://itprofiles.com/services/advertising-marketing/maryland,itprofiles.com,sources_cited,NB-CZ-API_2026-08-25_pyne_creative_perplexity_r2,8
2026-08-25,perplexity,api,Maryland,marketing and brand strategy consultancy,Who is the best marketing agency in Maryland?,https://www.sortlist.com/l/maryland-md-us,sortlist.com,sources_cited,NB-CZ-API_2026-08-25_pyne_creative_perplexity_r2,9
2026-08-25,perplexity,api,Maryland,marketing and brand strategy consultancy,Who is the best marketing agency in Maryland?,https://www.designrush.com/agency/ad-agencies/maryland,designrush.com,sources_cited,NB-CZ-API_2026-08-25_pyne_creative_perplexity_r2,10
2026-08-25,perplexity,api,Maryland,marketing and brand strategy consultancy,Who is the best marketing agency in Maryland?,https://www.gappsy.com/marketing-agencies-in-maryland-united-states/,gappsy.com,sources_cited,NB-CZ-API_2026-08-25_pyne_creative_perplexity_r2,11
2026-08-25,perplexity,api,Maryland,marketing and brand strategy consultancy,Who is the best marketing agency in Maryland?,https://agencies.semrush.com/list/maryland/,agencies.semrush.com,sources_cited,NB-CZ-API_2026-08-25_pyne_creative_perplexity_r2,12
2026-08-25,perplexity,api,Maryland,marketing and brand strategy consultancy,Who is the best marketing agency in Maryland?,https://themanifest.com/advertising/agencies/maryland,themanifest.com,sources_cited,NB-CZ-API_2026-08-25_pyne_creative_perplexity_r2,13
2026-08-25,perplexity,api,Maryland,marketing and brand strategy consultancy,Who is the best marketing agency in Maryland?,https://mdadagency.md.gov/,mdadagency.md.gov,sources_cited,NB-CZ-API_2026-08-25_pyne_creative_perplexity_r2,14
2026-08-25,perplexity,api,Maryland,marketing and brand strategy consultancy,Who is the best marketing agency in Maryland?,https://ecosystem.hubspot.com/marketplace/solutions/brand-social-management/united-states/maryland,ecosystem.hubspot.com,sources_cited,NB-CZ-API_2026-08-25_pyne_creative_perplexity_r2,15
2026-08-25,perplexity,api,Maryland,marketing and brand strategy consultancy,Who is the best marketing agency in Maryland?,https://clutch.co/agencies/digital-marketing/maryland,clutch.co,sources_cited,NB-CZ-API_2026-08-25_pyne_creative_perplexity_r2,16
2026-08-25,perplexity,api,Maryland,marketing and brand strategy consultancy,Who is the best marketing agency in Maryland?,https://themanifest.com/marketing-strategy/agencies/maryland,themanifest.com,sources_cited,NB-CZ-API_2026-08-25_pyne_creative_perplexity_r2,17
2026-08-25,perplexity,api,Maryland,marketing and brand strategy consultancy,Who is the best marketing agency in Maryland?,https://plushmarketingagency.com/,plushmarketingagency.com,sources_cited,NB-CZ-API_2026-08-25_pyne_creative_perplexity_r2,18
2026-08-25,perplexity,api,Maryland,marketing and brand strategy consultancy,Who is the best marketing agency in Maryland?,https://clutch.co/agencies/baltimore,clutch.co,sources_cited,NB-CZ-API_2026-08-25_pyne_creative_perplexity_r2,19
2026-08-25,perplexity,api,Maryland,marketing and brand strategy consultancy,Who is the best marketing agency in Maryland?,https://mghus.com/,mghus.com,sources_cited,NB-CZ-API_2026-08-25_pyne_creative_perplexity_r2,20
2026-08-25,perplexity,api,US nationwide,AI video ad maker,What is the best AI video ad maker?,https://www.heygen.com/blog/best-ai-video-generator-for-ads,heygen.com,sources_cited,NB-CZ-API_2026-08-25_quickads_perplexity,1
2026-08-25,perplexity,api,US nationwide,AI video ad maker,What is the best AI video ad maker?,https://contentmavericks.com/best-ai-video-ad-generator/,contentmavericks.com,sources_cited,NB-CZ-API_2026-08-25_quickads_perplexity,2
2026-08-25,perplexity,api,US nationwide,AI video ad maker,What is the best AI video ad maker?,https://www.ngram.com/blog/who-makes-best-ai-generated-ad-videos,ngram.com,sources_cited,NB-CZ-API_2026-08-25_quickads_perplexity,3
2026-08-25,perplexity,api,US nationwide,AI video ad maker,What is the best AI video ad maker?,https://aicontentdrop.com/blog/best-ai-video-ad-makers,aicontentdrop.com,sources_cited,NB-CZ-API_2026-08-25_quickads_perplexity,4
2026-08-25,perplexity,api,US nationwide,AI video ad maker,What is the best AI video ad maker?,https://heyfish.ai/best-ai-video-ad-maker,heyfish.ai,sources_cited,NB-CZ-API_2026-08-25_quickads_perplexity,5
2026-08-25,perplexity,api,US nationwide,AI video ad maker,What is the best AI video ad maker?,https://www.cometly.com/post/ai-video-ad-maker,cometly.com,sources_cited,NB-CZ-API_2026-08-25_quickads_perplexity,6
2026-08-25,perplexity,api,US nationwide,AI video ad maker,What is the best AI video ad maker?,https://designrevision.com/blog/best-ai-video-tools-for-ads,designrevision.com,sources_cited,NB-CZ-API_2026-08-25_quickads_perplexity,7
2026-08-25,perplexity,api,US nationwide,AI video ad maker,What is the best AI video ad maker?,https://designrevision.com/blog/best-ai-video-ad-generators,designrevision.com,sources_cited,NB-CZ-API_2026-08-25_quickads_perplexity,8
2026-08-25,perplexity,api,US nationwide,AI video ad maker,What is the best AI video ad maker?,https://creatify.ai/,creatify.ai,sources_cited,NB-CZ-API_2026-08-25_quickads_perplexity,9
2026-08-25,perplexity,api,US nationwide,AI video ad maker,What is the best AI video ad maker?,https://adlibrary.com/posts/ai-video-ad-makers-9-best-tools-for-highconverting,adlibrary.com,sources_cited,NB-CZ-API_2026-08-25_quickads_perplexity,10
2026-08-25,perplexity,api,US nationwide,AI video ad maker,What is the best AI video ad maker?,https://venngage.com/blog/best-ai-ad-generator/,venngage.com,sources_cited,NB-CZ-API_2026-08-25_quickads_perplexity,11
2026-08-25,perplexity,api,US nationwide,AI video ad maker,What is the best AI video ad maker?,https://www.imagine.art/blogs/best-ai-video-ad-generators,imagine.art,sources_cited,NB-CZ-API_2026-08-25_quickads_perplexity,12
2026-08-25,perplexity,api,US nationwide,AI video ad maker,What is the best AI video ad maker?,https://www.chat-data.com/blog/the-5-best-ai-ad-generators-in-2026-for-effortless-advertising,chat-data.com,sources_cited,NB-CZ-API_2026-08-25_quickads_perplexity,13
2026-08-25,perplexity,api,US nationwide,AI video ad maker,What is the best AI video ad maker?,https://www.reddit.com/r/generativeAI/comments/1rova7q/whats_the_best_ai_video_generator/,reddit.com,sources_cited,NB-CZ-API_2026-08-25_quickads_perplexity,14
2026-08-25,perplexity,api,US nationwide,AI video ad maker,What is the best AI video ad maker?,https://www.synthesia.io/post/best-ai-video-generators,synthesia.io,sources_cited,NB-CZ-API_2026-08-25_quickads_perplexity,15
2026-08-25,perplexity,api,US nationwide,AI video ad maker,What is the best AI video ad maker?,https://www.heygen.com/blog/best-ai-video-tools-marketing-ads-2026,heygen.com,sources_cited,NB-CZ-API_2026-08-25_quickads_perplexity,16
2026-08-25,perplexity,api,US nationwide,AI video ad maker,What is the best AI video ad maker?,https://www.imagine.art/blogs/best-ai-video-ad-creator-tool,imagine.art,sources_cited,NB-CZ-API_2026-08-25_quickads_perplexity,17
2026-08-25,perplexity,api,US nationwide,AI video ad maker,What is the best AI video ad maker?,https://www.cometly.com/post/best-ai-video-ad-generator,cometly.com,sources_cited,NB-CZ-API_2026-08-25_quickads_perplexity,18
2026-08-25,perplexity,api,US nationwide,AI video ad maker,What is the best AI video ad maker?,https://zapier.com/blog/best-ai-video-generator/,zapier.com,sources_cited,NB-CZ-API_2026-08-25_quickads_perplexity,19
2026-08-25,perplexity,api,US nationwide,AI video ad maker,What is the best AI video ad maker?,https://zeely.ai/video-ad-creator/,zeely.ai,sources_cited,NB-CZ-API_2026-08-25_quickads_perplexity,20
2026-08-25,perplexity,api,US nationwide,AI video ad maker,What is the best AI video ad maker?,https://contentmavericks.com/best-ai-video-ad-generator/,contentmavericks.com,sources_cited,NB-CZ-API_2026-08-25_quickads_perplexity_r2,1
2026-08-25,perplexity,api,US nationwide,AI video ad maker,What is the best AI video ad maker?,https://www.heygen.com/blog/best-ai-video-generator-for-ads,heygen.com,sources_cited,NB-CZ-API_2026-08-25_quickads_perplexity_r2,2
2026-08-25,perplexity,api,US nationwide,AI video ad maker,What is the best AI video ad maker?,https://www.ngram.com/blog/who-makes-best-ai-generated-ad-videos,ngram.com,sources_cited,NB-CZ-API_2026-08-25_quickads_perplexity_r2,3
2026-08-25,perplexity,api,US nationwide,AI video ad maker,What is the best AI video ad maker?,https://aicontentdrop.com/blog/best-ai-video-ad-makers,aicontentdrop.com,sources_cited,NB-CZ-API_2026-08-25_quickads_perplexity_r2,4
2026-08-25,perplexity,api,US nationwide,AI video ad maker,What is the best AI video ad maker?,https://heyfish.ai/best-ai-video-ad-maker,heyfish.ai,sources_cited,NB-CZ-API_2026-08-25_quickads_perplexity_r2,5
2026-08-25,perplexity,api,US nationwide,AI video ad maker,What is the best AI video ad maker?,https://designrevision.com/blog/best-ai-video-tools-for-ads,designrevision.com,sources_cited,NB-CZ-API_2026-08-25_quickads_perplexity_r2,6
2026-08-25,perplexity,api,US nationwide,AI video ad maker,What is the best AI video ad maker?,https://adlibrary.com/posts/ai-video-ad-makers-9-best-tools-for-highconverting,adlibrary.com,sources_cited,NB-CZ-API_2026-08-25_quickads_perplexity_r2,7
2026-08-25,perplexity,api,US nationwide,AI video ad maker,What is the best AI video ad maker?,https://designrevision.com/blog/best-ai-video-ad-generators,designrevision.com,sources_cited,NB-CZ-API_2026-08-25_quickads_perplexity_r2,8
2026-08-25,perplexity,api,US nationwide,AI video ad maker,What is the best AI video ad maker?,https://adcreate.com/guides/best-ai-video-ad-generators,adcreate.com,sources_cited,NB-CZ-API_2026-08-25_quickads_perplexity_r2,9
2026-08-25,perplexity,api,US nationwide,AI video ad maker,What is the best AI video ad maker?,https://creatify.ai/,creatify.ai,sources_cited,NB-CZ-API_2026-08-25_quickads_perplexity_r2,10
2026-08-25,perplexity,api,US nationwide,AI video ad maker,What is the best AI video ad maker?,https://www.media.io/text-to-video/best-ai-video-ad-creators.html,media.io,sources_cited,NB-CZ-API_2026-08-25_quickads_perplexity_r2,11
2026-08-25,perplexity,api,US nationwide,AI video ad maker,What is the best AI video ad maker?,https://www.cometly.com/post/ai-video-ad-maker,cometly.com,sources_cited,NB-CZ-API_2026-08-25_quickads_perplexity_r2,12
2026-08-25,perplexity,api,US nationwide,AI video ad maker,What is the best AI video ad maker?,https://venngage.com/blog/best-ai-ad-generator/,venngage.com,sources_cited,NB-CZ-API_2026-08-25_quickads_perplexity_r2,13
2026-08-25,perplexity,api,US nationwide,AI video ad maker,What is the best AI video ad maker?,https://www.imagine.art/blogs/best-ai-video-ad-generators,imagine.art,sources_cited,NB-CZ-API_2026-08-25_quickads_perplexity_r2,14
2026-08-25,perplexity,api,US nationwide,AI video ad maker,What is the best AI video ad maker?,https://www.chat-data.com/blog/the-5-best-ai-ad-generators-in-2026-for-effortless-advertising,chat-data.com,sources_cited,NB-CZ-API_2026-08-25_quickads_perplexity_r2,15
2026-08-25,perplexity,api,US nationwide,AI video ad maker,What is the best AI video ad maker?,https://www.reddit.com/r/generativeAI/comments/1rova7q/whats_the_best_ai_video_generator/,reddit.com,sources_cited,NB-CZ-API_2026-08-25_quickads_perplexity_r2,16
2026-08-25,perplexity,api,US nationwide,AI video ad maker,What is the best AI video ad maker?,https://www.imagine.art/blogs/best-ai-video-ad-creator-tool,imagine.art,sources_cited,NB-CZ-API_2026-08-25_quickads_perplexity_r2,17
2026-08-25,perplexity,api,US nationwide,AI video ad maker,What is the best AI video ad maker?,https://www.synthesia.io/post/best-ai-video-generators,synthesia.io,sources_cited,NB-CZ-API_2026-08-25_quickads_perplexity_r2,18
2026-08-25,perplexity,api,US nationwide,AI video ad maker,What is the best AI video ad maker?,https://www.heygen.com/blog/best-ai-video-tools-marketing-ads-2026,heygen.com,sources_cited,NB-CZ-API_2026-08-25_quickads_perplexity_r2,19
2026-08-25,perplexity,api,US nationwide,AI video ad maker,What is the best AI video ad maker?,https://www.cometly.com/post/best-ai-video-ad-generator,cometly.com,sources_cited,NB-CZ-API_2026-08-25_quickads_perplexity_r2,20
2026-08-25,perplexity,api,"US nationwide, online. LOCATION NOT CAPTURED AT LEAD INTAKE, see notes",online spiritual and shadow work courses,What are the best online courses for learning shadow work and spiritual practice?,https://mindisthemaster.com/blog/best-shadow-work-courses-online/,mindisthemaster.com,sources_cited,NB-CZ-API_2026-08-25_raven_moon_academy_perplexity,1
2026-08-25,perplexity,api,"US nationwide, online. LOCATION NOT CAPTURED AT LEAD INTAKE, see notes",online spiritual and shadow work courses,What are the best online courses for learning shadow work and spiritual practice?,https://jungplatform.com/course/encounters-with-the-shadow,jungplatform.com,sources_cited,NB-CZ-API_2026-08-25_raven_moon_academy_perplexity,2
2026-08-25,perplexity,api,"US nationwide, online. LOCATION NOT CAPTURED AT LEAD INTAKE, see notes",online spiritual and shadow work courses,What are the best online courses for learning shadow work and spiritual practice?,https://www.udemy.com/course/shadow_work/,udemy.com,sources_cited,NB-CZ-API_2026-08-25_raven_moon_academy_perplexity,3
2026-08-25,perplexity,api,"US nationwide, online. LOCATION NOT CAPTURED AT LEAD INTAKE, see notes",online spiritual and shadow work courses,What are the best online courses for learning shadow work and spiritual practice?,https://www.centreofexcellence.com/shop/shadow-mastery-diploma-course/,centreofexcellence.com,sources_cited,NB-CZ-API_2026-08-25_raven_moon_academy_perplexity,4
2026-08-25,perplexity,api,"US nationwide, online. LOCATION NOT CAPTURED AT LEAD INTAKE, see notes",online spiritual and shadow work courses,What are the best online courses for learning shadow work and spiritual practice?,https://thekinkacademy.com/courses/becoming-whole-shadow-work-and-self-acceptance/,thekinkacademy.com,sources_cited,NB-CZ-API_2026-08-25_raven_moon_academy_perplexity,5
2026-08-25,perplexity,api,"US nationwide, online. LOCATION NOT CAPTURED AT LEAD INTAKE, see notes",online spiritual and shadow work courses,What are the best online courses for learning shadow work and spiritual practice?,https://www.udemy.com/course/shadow-work-x/,udemy.com,sources_cited,NB-CZ-API_2026-08-25_raven_moon_academy_perplexity,6
2026-08-25,perplexity,api,"US nationwide, online. LOCATION NOT CAPTURED AT LEAD INTAKE, see notes",online spiritual and shadow work courses,What are the best online courses for learning shadow work and spiritual practice?,https://www.catherineliggett.com/shadowwork101,catherineliggett.com,sources_cited,NB-CZ-API_2026-08-25_raven_moon_academy_perplexity,7
2026-08-25,perplexity,api,"US nationwide, online. LOCATION NOT CAPTURED AT LEAD INTAKE, see notes",online spiritual and shadow work courses,What are the best online courses for learning shadow work and spiritual practice?,https://jungplatform.com/store/encounters-with-the-shadow,jungplatform.com,sources_cited,NB-CZ-API_2026-08-25_raven_moon_academy_perplexity,8
2026-08-25,perplexity,api,"US nationwide, online. LOCATION NOT CAPTURED AT LEAD INTAKE, see notes",online spiritual and shadow work courses,What are the best online courses for learning shadow work and spiritual practice?,https://shadowwork.com/basic-facilitator-training-online/,shadowwork.com,sources_cited,NB-CZ-API_2026-08-25_raven_moon_academy_perplexity,9
2026-08-25,perplexity,api,"US nationwide, online. LOCATION NOT CAPTURED AT LEAD INTAKE, see notes",online spiritual and shadow work courses,What are the best online courses for learning shadow work and spiritual practice?,https://www.udemy.com/course/shadow-work-essentials/,udemy.com,sources_cited,NB-CZ-API_2026-08-25_raven_moon_academy_perplexity,10
2026-08-25,perplexity,api,"US nationwide, online. LOCATION NOT CAPTURED AT LEAD INTAKE, see notes",online spiritual and shadow work courses,What are the best online courses for learning shadow work and spiritual practice?,https://www.zachary-phillips.com/blog/shadow-work-course,zachary-phillips.com,sources_cited,NB-CZ-API_2026-08-25_raven_moon_academy_perplexity,11
2026-08-25,perplexity,api,"US nationwide, online. LOCATION NOT CAPTURED AT LEAD INTAKE, see notes",online spiritual and shadow work courses,What are the best online courses for learning shadow work and spiritual practice?,https://insighttimer.com/meditation-courses/shadow-work-embrace-your-full-self-for-healing-and-growth,insighttimer.com,sources_cited,NB-CZ-API_2026-08-25_raven_moon_academy_perplexity,12
2026-08-25,perplexity,api,"US nationwide, online. LOCATION NOT CAPTURED AT LEAD INTAKE, see notes",online spiritual and shadow work courses,What are the best online courses for learning shadow work and spiritual practice?,https://www.udemy.com/course/shadow-work/,udemy.com,sources_cited,NB-CZ-API_2026-08-25_raven_moon_academy_perplexity,13
2026-08-25,perplexity,api,"US nationwide, online. LOCATION NOT CAPTURED AT LEAD INTAKE, see notes",online spiritual and shadow work courses,What are the best online courses for learning shadow work and spiritual practice?,https://course.careers/personal-development-courses/shadow-work-the-path-to-enlightenment-course,course.careers,sources_cited,NB-CZ-API_2026-08-25_raven_moon_academy_perplexity,14
2026-08-25,perplexity,api,"US nationwide, online. LOCATION NOT CAPTURED AT LEAD INTAKE, see notes",online spiritual and shadow work courses,What are the best online courses for learning shadow work and spiritual practice?,https://jungplatform.com/store/encounters-with-the-shadow/partner/jrose,jungplatform.com,sources_cited,NB-CZ-API_2026-08-25_raven_moon_academy_perplexity,15
2026-08-25,perplexity,api,"US nationwide, online. LOCATION NOT CAPTURED AT LEAD INTAKE, see notes",online spiritual and shadow work courses,What are the best online courses for learning shadow work and spiritual practice?,https://jungplatform.com/program/shadow-courses,jungplatform.com,sources_cited,NB-CZ-API_2026-08-25_raven_moon_academy_perplexity,16
2026-08-25,perplexity,api,"US nationwide, online. LOCATION NOT CAPTURED AT LEAD INTAKE, see notes",online spiritual and shadow work courses,What are the best online courses for learning shadow work and spiritual practice?,https://www.udemy.com/course/shadow-work-course/,udemy.com,sources_cited,NB-CZ-API_2026-08-25_raven_moon_academy_perplexity,17
2026-08-25,perplexity,api,"US nationwide, online. LOCATION NOT CAPTURED AT LEAD INTAKE, see notes",online spiritual and shadow work courses,What are the best online courses for learning shadow work and spiritual practice?,https://courses.sacredhumansco.com/shadowworkcourse,courses.sacredhumansco.com,sources_cited,NB-CZ-API_2026-08-25_raven_moon_academy_perplexity,18
2026-08-25,perplexity,api,"US nationwide, online. LOCATION NOT CAPTURED AT LEAD INTAKE, see notes",online spiritual and shadow work courses,What are the best online courses for learning shadow work and spiritual practice?,https://insighttimer.com/meditation-courses/course_shadow-work-toolkit-for-deep-inner-healing,insighttimer.com,sources_cited,NB-CZ-API_2026-08-25_raven_moon_academy_perplexity,19
2026-08-25,perplexity,api,"US nationwide, online. LOCATION NOT CAPTURED AT LEAD INTAKE, see notes",online spiritual and shadow work courses,What are the best online courses for learning shadow work and spiritual practice?,https://www.awakeacademy.org/course/embracing-the-shadow/,awakeacademy.org,sources_cited,NB-CZ-API_2026-08-25_raven_moon_academy_perplexity,20
2026-08-25,perplexity,api,"US nationwide, online. LOCATION NOT CAPTURED AT LEAD INTAKE, see notes",online spiritual and shadow work courses,What are the best online courses for learning shadow work and spiritual practice?,https://mindisthemaster.com/blog/best-shadow-work-courses-online/,mindisthemaster.com,sources_cited,NB-CZ-API_2026-08-25_raven_moon_academy_perplexity_r2,1
2026-08-25,perplexity,api,"US nationwide, online. LOCATION NOT CAPTURED AT LEAD INTAKE, see notes",online spiritual and shadow work courses,What are the best online courses for learning shadow work and spiritual practice?,https://jungplatform.com/course/encounters-with-the-shadow,jungplatform.com,sources_cited,NB-CZ-API_2026-08-25_raven_moon_academy_perplexity_r2,2
2026-08-25,perplexity,api,"US nationwide, online. LOCATION NOT CAPTURED AT LEAD INTAKE, see notes",online spiritual and shadow work courses,What are the best online courses for learning shadow work and spiritual practice?,https://www.udemy.com/course/shadow_work/,udemy.com,sources_cited,NB-CZ-API_2026-08-25_raven_moon_academy_perplexity_r2,3
2026-08-25,perplexity,api,"US nationwide, online. LOCATION NOT CAPTURED AT LEAD INTAKE, see notes",online spiritual and shadow work courses,What are the best online courses for learning shadow work and spiritual practice?,https://www.centreofexcellence.com/shop/shadow-mastery-diploma-course/,centreofexcellence.com,sources_cited,NB-CZ-API_2026-08-25_raven_moon_academy_perplexity_r2,4
2026-08-25,perplexity,api,"US nationwide, online. LOCATION NOT CAPTURED AT LEAD INTAKE, see notes",online spiritual and shadow work courses,What are the best online courses for learning shadow work and spiritual practice?,https://thekinkacademy.com/courses/becoming-whole-shadow-work-and-self-acceptance/,thekinkacademy.com,sources_cited,NB-CZ-API_2026-08-25_raven_moon_academy_perplexity_r2,5
2026-08-25,perplexity,api,"US nationwide, online. LOCATION NOT CAPTURED AT LEAD INTAKE, see notes",online spiritual and shadow work courses,What are the best online courses for learning shadow work and spiritual practice?,https://www.catherineliggett.com/shadowwork101,catherineliggett.com,sources_cited,NB-CZ-API_2026-08-25_raven_moon_academy_perplexity_r2,6
2026-08-25,perplexity,api,"US nationwide, online. LOCATION NOT CAPTURED AT LEAD INTAKE, see notes",online spiritual and shadow work courses,What are the best online courses for learning shadow work and spiritual practice?,https://jungplatform.com/store/encounters-with-the-shadow,jungplatform.com,sources_cited,NB-CZ-API_2026-08-25_raven_moon_academy_perplexity_r2,7
2026-08-25,perplexity,api,"US nationwide, online. LOCATION NOT CAPTURED AT LEAD INTAKE, see notes",online spiritual and shadow work courses,What are the best online courses for learning shadow work and spiritual practice?,https://shadowwork.com/basic-facilitator-training-online/,shadowwork.com,sources_cited,NB-CZ-API_2026-08-25_raven_moon_academy_perplexity_r2,8
2026-08-25,perplexity,api,"US nationwide, online. LOCATION NOT CAPTURED AT LEAD INTAKE, see notes",online spiritual and shadow work courses,What are the best online courses for learning shadow work and spiritual practice?,https://www.udemy.com/course/shadow-work-x/,udemy.com,sources_cited,NB-CZ-API_2026-08-25_raven_moon_academy_perplexity_r2,9
2026-08-25,perplexity,api,"US nationwide, online. LOCATION NOT CAPTURED AT LEAD INTAKE, see notes",online spiritual and shadow work courses,What are the best online courses for learning shadow work and spiritual practice?,https://www.udemy.com/course/shadow-work-essentials/,udemy.com,sources_cited,NB-CZ-API_2026-08-25_raven_moon_academy_perplexity_r2,10
2026-08-25,perplexity,api,"US nationwide, online. LOCATION NOT CAPTURED AT LEAD INTAKE, see notes",online spiritual and shadow work courses,What are the best online courses for learning shadow work and spiritual practice?,https://www.zachary-phillips.com/blog/shadow-work-course,zachary-phillips.com,sources_cited,NB-CZ-API_2026-08-25_raven_moon_academy_perplexity_r2,11
2026-08-25,perplexity,api,"US nationwide, online. LOCATION NOT CAPTURED AT LEAD INTAKE, see notes",online spiritual and shadow work courses,What are the best online courses for learning shadow work and spiritual practice?,https://insighttimer.com/meditation-courses/shadow-work-embrace-your-full-self-for-healing-and-growth,insighttimer.com,sources_cited,NB-CZ-API_2026-08-25_raven_moon_academy_perplexity_r2,12
2026-08-25,perplexity,api,"US nationwide, online. LOCATION NOT CAPTURED AT LEAD INTAKE, see notes",online spiritual and shadow work courses,What are the best online courses for learning shadow work and spiritual practice?,https://www.udemy.com/course/shadow-work/,udemy.com,sources_cited,NB-CZ-API_2026-08-25_raven_moon_academy_perplexity_r2,13
2026-08-25,perplexity,api,"US nationwide, online. LOCATION NOT CAPTURED AT LEAD INTAKE, see notes",online spiritual and shadow work courses,What are the best online courses for learning shadow work and spiritual practice?,https://course.careers/personal-development-courses/shadow-work-the-path-to-enlightenment-course,course.careers,sources_cited,NB-CZ-API_2026-08-25_raven_moon_academy_perplexity_r2,14
2026-08-25,perplexity,api,"US nationwide, online. LOCATION NOT CAPTURED AT LEAD INTAKE, see notes",online spiritual and shadow work courses,What are the best online courses for learning shadow work and spiritual practice?,https://jungplatform.com/program/shadow-courses,jungplatform.com,sources_cited,NB-CZ-API_2026-08-25_raven_moon_academy_perplexity_r2,15
2026-08-25,perplexity,api,"US nationwide, online. LOCATION NOT CAPTURED AT LEAD INTAKE, see notes",online spiritual and shadow work courses,What are the best online courses for learning shadow work and spiritual practice?,https://www.udemy.com/course/shadow-work-course/,udemy.com,sources_cited,NB-CZ-API_2026-08-25_raven_moon_academy_perplexity_r2,16
2026-08-25,perplexity,api,"US nationwide, online. LOCATION NOT CAPTURED AT LEAD INTAKE, see notes",online spiritual and shadow work courses,What are the best online courses for learning shadow work and spiritual practice?,https://www.awakeacademy.org/course/embracing-the-shadow/,awakeacademy.org,sources_cited,NB-CZ-API_2026-08-25_raven_moon_academy_perplexity_r2,17
2026-08-25,perplexity,api,"US nationwide, online. LOCATION NOT CAPTURED AT LEAD INTAKE, see notes",online spiritual and shadow work courses,What are the best online courses for learning shadow work and spiritual practice?,https://www.coursesforsuccess.com/products/shadow-work-practitioner,coursesforsuccess.com,sources_cited,NB-CZ-API_2026-08-25_raven_moon_academy_perplexity_r2,18
2026-08-25,perplexity,api,"US nationwide, online. LOCATION NOT CAPTURED AT LEAD INTAKE, see notes",online spiritual and shadow work courses,What are the best online courses for learning shadow work and spiritual practice?,https://mantalks.com/shadow-course/,mantalks.com,sources_cited,NB-CZ-API_2026-08-25_raven_moon_academy_perplexity_r2,19
2026-08-25,perplexity,api,"US nationwide, online. LOCATION NOT CAPTURED AT LEAD INTAKE, see notes",online spiritual and shadow work courses,What are the best online courses for learning shadow work and spiritual practice?,https://www.reddit.com/r/SASSWitches/comments/18n2spo/online_resources_for_shadow_work/,reddit.com,sources_cited,NB-CZ-API_2026-08-25_raven_moon_academy_perplexity_r2,20
2026-08-25,perplexity,api,St. Louis MO,branding agency,Who is the best branding agency in St. Louis?,https://www.atomicdust.com/,atomicdust.com,sources_cited,NB-CZ-API_2026-08-25_scorch_perplexity,1
2026-08-25,perplexity,api,St. Louis MO,branding agency,Who is the best branding agency in St. Louis?,https://www.expertise.com/business/branding-agencies/missouri/st-louis,expertise.com,sources_cited,NB-CZ-API_2026-08-25_scorch_perplexity,2
2026-08-25,perplexity,api,St. Louis MO,branding agency,Who is the best branding agency in St. Louis?,https://clutch.co/agencies/branding/st-louis?page=4,clutch.co,sources_cited,NB-CZ-API_2026-08-25_scorch_perplexity,3
2026-08-25,perplexity,api,St. Louis MO,branding agency,Who is the best branding agency in St. Louis?,https://thinktankprm.com/,thinktankprm.com,sources_cited,NB-CZ-API_2026-08-25_scorch_perplexity,4
2026-08-25,perplexity,api,St. Louis MO,branding agency,Who is the best branding agency in St. Louis?,https://www.creativesweets.com/top-6-st-louis-branding-agencies-to-elevate-your-business-in-2024/,creativesweets.com,sources_cited,NB-CZ-API_2026-08-25_scorch_perplexity,5
2026-08-25,perplexity,api,St. Louis MO,branding agency,Who is the best branding agency in St. Louis?,https://greatworkguild.com/lists/top-7-branding-agencies-st-louis-mo-2026,greatworkguild.com,sources_cited,NB-CZ-API_2026-08-25_scorch_perplexity,6
2026-08-25,perplexity,api,St. Louis MO,branding agency,Who is the best branding agency in St. Louis?,https://www.designrush.com/agency/logo-branding/missouri/st-louis,designrush.com,sources_cited,NB-CZ-API_2026-08-25_scorch_perplexity,7
2026-08-25,perplexity,api,St. Louis MO,branding agency,Who is the best branding agency in St. Louis?,https://upcity.com/branding/st-louis,upcity.com,sources_cited,NB-CZ-API_2026-08-25_scorch_perplexity,8
2026-08-25,perplexity,api,St. Louis MO,branding agency,Who is the best branding agency in St. Louis?,https://seafoammedia.com/,seafoammedia.com,sources_cited,NB-CZ-API_2026-08-25_scorch_perplexity,9
2026-08-25,perplexity,api,St. Louis MO,branding agency,Who is the best branding agency in St. Louis?,https://www.hownovel.co/,hownovel.co,sources_cited,NB-CZ-API_2026-08-25_scorch_perplexity,10
2026-08-25,perplexity,api,St. Louis MO,branding agency,Who is the best branding agency in St. Louis?,https://dovetail-stl.com/,dovetail-stl.com,sources_cited,NB-CZ-API_2026-08-25_scorch_perplexity,11
2026-08-25,perplexity,api,St. Louis MO,branding agency,Who is the best branding agency in St. Louis?,https://www.atomicdust.com/marketing-services/branding/,atomicdust.com,sources_cited,NB-CZ-API_2026-08-25_scorch_perplexity,12
2026-08-25,perplexity,api,St. Louis MO,branding agency,Who is the best branding agency in St. Louis?,https://www.toppragencies.com/best-branding-agency-agencies-in-st-louis-missouri,toppragencies.com,sources_cited,NB-CZ-API_2026-08-25_scorch_perplexity,13
2026-08-25,perplexity,api,St. Louis MO,branding agency,Who is the best branding agency in St. Louis?,https://agencylist.org/stlouis,agencylist.org,sources_cited,NB-CZ-API_2026-08-25_scorch_perplexity,14
2026-08-25,perplexity,api,St. Louis MO,branding agency,Who is the best branding agency in St. Louis?,https://clutch.co/agencies/branding/corporate/st-louis,clutch.co,sources_cited,NB-CZ-API_2026-08-25_scorch_perplexity,15
2026-08-25,perplexity,api,St. Louis MO,branding agency,Who is the best branding agency in St. Louis?,https://clutch.co/agencies/creative/st-louis,clutch.co,sources_cited,NB-CZ-API_2026-08-25_scorch_perplexity,16
2026-08-25,perplexity,api,St. Louis MO,branding agency,Who is the best branding agency in St. Louis?,https://themanifest.com/branding/brand-strategy/agencies/st-louis,themanifest.com,sources_cited,NB-CZ-API_2026-08-25_scorch_perplexity,17
2026-08-25,perplexity,api,St. Louis MO,branding agency,Who is the best branding agency in St. Louis?,https://www.notionpartners.com/,notionpartners.com,sources_cited,NB-CZ-API_2026-08-25_scorch_perplexity,18
2026-08-25,perplexity,api,St. Louis MO,branding agency,Who is the best branding agency in St. Louis?,https://clutch.co/agencies/st-louis,clutch.co,sources_cited,NB-CZ-API_2026-08-25_scorch_perplexity,19
2026-08-25,perplexity,api,St. Louis MO,branding agency,Who is the best branding agency in St. Louis?,https://www.bucketlistcreative.com/,bucketlistcreative.com,sources_cited,NB-CZ-API_2026-08-25_scorch_perplexity,20
2026-08-25,perplexity,api,St. Louis MO,branding agency,Who is the best branding agency in St. Louis?,https://www.atomicdust.com/,atomicdust.com,sources_cited,NB-CZ-API_2026-08-25_scorch_perplexity_r2,1
2026-08-25,perplexity,api,St. Louis MO,branding agency,Who is the best branding agency in St. Louis?,https://www.expertise.com/business/branding-agencies/missouri/st-louis,expertise.com,sources_cited,NB-CZ-API_2026-08-25_scorch_perplexity_r2,2
2026-08-25,perplexity,api,St. Louis MO,branding agency,Who is the best branding agency in St. Louis?,https://clutch.co/agencies/branding/st-louis?page=4,clutch.co,sources_cited,NB-CZ-API_2026-08-25_scorch_perplexity_r2,3
2026-08-25,perplexity,api,St. Louis MO,branding agency,Who is the best branding agency in St. Louis?,https://thinktankprm.com/,thinktankprm.com,sources_cited,NB-CZ-API_2026-08-25_scorch_perplexity_r2,4
2026-08-25,perplexity,api,St. Louis MO,branding agency,Who is the best branding agency in St. Louis?,https://greatworkguild.com/lists/top-7-branding-agencies-st-louis-mo-2026,greatworkguild.com,sources_cited,NB-CZ-API_2026-08-25_scorch_perplexity_r2,5
2026-08-25,perplexity,api,St. Louis MO,branding agency,Who is the best branding agency in St. Louis?,https://www.designrush.com/agency/logo-branding/missouri/st-louis,designrush.com,sources_cited,NB-CZ-API_2026-08-25_scorch_perplexity_r2,6
2026-08-25,perplexity,api,St. Louis MO,branding agency,Who is the best branding agency in St. Louis?,https://upcity.com/branding/st-louis,upcity.com,sources_cited,NB-CZ-API_2026-08-25_scorch_perplexity_r2,7
2026-08-25,perplexity,api,St. Louis MO,branding agency,Who is the best branding agency in St. Louis?,https://seafoammedia.com/,seafoammedia.com,sources_cited,NB-CZ-API_2026-08-25_scorch_perplexity_r2,8
2026-08-25,perplexity,api,St. Louis MO,branding agency,Who is the best branding agency in St. Louis?,https://dovetail-stl.com/,dovetail-stl.com,sources_cited,NB-CZ-API_2026-08-25_scorch_perplexity_r2,9
2026-08-25,perplexity,api,St. Louis MO,branding agency,Who is the best branding agency in St. Louis?,https://www.hownovel.co/,hownovel.co,sources_cited,NB-CZ-API_2026-08-25_scorch_perplexity_r2,10
2026-08-25,perplexity,api,St. Louis MO,branding agency,Who is the best branding agency in St. Louis?,https://www.atomicdust.com/marketing-services/branding/,atomicdust.com,sources_cited,NB-CZ-API_2026-08-25_scorch_perplexity_r2,11
2026-08-25,perplexity,api,St. Louis MO,branding agency,Who is the best branding agency in St. Louis?,https://www.toppragencies.com/best-branding-agency-agencies-in-st-louis-missouri,toppragencies.com,sources_cited,NB-CZ-API_2026-08-25_scorch_perplexity_r2,12
2026-08-25,perplexity,api,St. Louis MO,branding agency,Who is the best branding agency in St. Louis?,https://agencylist.org/stlouis,agencylist.org,sources_cited,NB-CZ-API_2026-08-25_scorch_perplexity_r2,13
2026-08-25,perplexity,api,St. Louis MO,branding agency,Who is the best branding agency in St. Louis?,https://clutch.co/agencies/branding/corporate/st-louis,clutch.co,sources_cited,NB-CZ-API_2026-08-25_scorch_perplexity_r2,14
2026-08-25,perplexity,api,St. Louis MO,branding agency,Who is the best branding agency in St. Louis?,https://clutch.co/agencies/creative/st-louis,clutch.co,sources_cited,NB-CZ-API_2026-08-25_scorch_perplexity_r2,15
2026-08-25,perplexity,api,St. Louis MO,branding agency,Who is the best branding agency in St. Louis?,https://themanifest.com/branding/brand-strategy/agencies/st-louis,themanifest.com,sources_cited,NB-CZ-API_2026-08-25_scorch_perplexity_r2,16
2026-08-25,perplexity,api,St. Louis MO,branding agency,Who is the best branding agency in St. Louis?,https://www.atomicdust.com/st-louis-branding-and-marketing-agency/,atomicdust.com,sources_cited,NB-CZ-API_2026-08-25_scorch_perplexity_r2,17
2026-08-25,perplexity,api,St. Louis MO,branding agency,Who is the best branding agency in St. Louis?,https://www.notionpartners.com/,notionpartners.com,sources_cited,NB-CZ-API_2026-08-25_scorch_perplexity_r2,18
2026-08-25,perplexity,api,St. Louis MO,branding agency,Who is the best branding agency in St. Louis?,https://clutch.co/agencies/st-louis,clutch.co,sources_cited,NB-CZ-API_2026-08-25_scorch_perplexity_r2,19
2026-08-25,perplexity,api,St. Louis MO,branding agency,Who is the best branding agency in St. Louis?,https://www.bucketlistcreative.com/,bucketlistcreative.com,sources_cited,NB-CZ-API_2026-08-25_scorch_perplexity_r2,20
2026-08-25,perplexity,api,Kansas City MO,health insurance brokers,Who is the best health insurance broker in Kansas City to help me pick a plan?,https://www.expertise.com/insurance/health-insurance/kansas/kansas-city,expertise.com,sources_cited,NB-CZ-API_2026-08-25_segment_health_insurance_kansas_city_perplexity,1
2026-08-25,perplexity,api,Kansas City MO,health insurance brokers,Who is the best health insurance broker in Kansas City to help me pick a plan?,https://nulight-consulting.com/,nulight-consulting.com,sources_cited,NB-CZ-API_2026-08-25_segment_health_insurance_kansas_city_perplexity,2
2026-08-25,perplexity,api,Kansas City MO,health insurance brokers,Who is the best health insurance broker in Kansas City to help me pick a plan?,https://namebeam.ai/kansas-city-health-insurance,namebeam.ai,sources_cited,NB-CZ-API_2026-08-25_segment_health_insurance_kansas_city_perplexity,3
2026-08-25,perplexity,api,Kansas City MO,health insurance brokers,Who is the best health insurance broker in Kansas City to help me pick a plan?,https://jeffdavidinsurance.com/,jeffdavidinsurance.com,sources_cited,NB-CZ-API_2026-08-25_segment_health_insurance_kansas_city_perplexity,4
2026-08-25,perplexity,api,Kansas City MO,health insurance brokers,Who is the best health insurance broker in Kansas City to help me pick a plan?,https://apollo-insurance.com/health-insurance-broker-kansas-city/,apollo-insurance.com,sources_cited,NB-CZ-API_2026-08-25_segment_health_insurance_kansas_city_perplexity,5
2026-08-25,perplexity,api,Kansas City MO,health insurance brokers,Who is the best health insurance broker in Kansas City to help me pick a plan?,https://www.health-insurance-kansas-city.com/,health-insurance-kansas-city.com,sources_cited,NB-CZ-API_2026-08-25_segment_health_insurance_kansas_city_perplexity,6
2026-08-25,perplexity,api,Kansas City MO,health insurance brokers,Who is the best health insurance broker in Kansas City to help me pick a plan?,https://bbs-insurance.com/,bbs-insurance.com,sources_cited,NB-CZ-API_2026-08-25_segment_health_insurance_kansas_city_perplexity,7
2026-08-25,perplexity,api,Kansas City MO,health insurance brokers,Who is the best health insurance broker in Kansas City to help me pick a plan?,https://www.expertise.com/insurance/health-insurance/missouri/kansas-city,expertise.com,sources_cited,NB-CZ-API_2026-08-25_segment_health_insurance_kansas_city_perplexity,8
2026-08-25,perplexity,api,Kansas City MO,health insurance brokers,Who is the best health insurance broker in Kansas City to help me pick a plan?,https://www.expertise.com/insurance/health-insurance/kansas,expertise.com,sources_cited,NB-CZ-API_2026-08-25_segment_health_insurance_kansas_city_perplexity,9
2026-08-25,perplexity,api,Kansas City MO,health insurance brokers,Who is the best health insurance broker in Kansas City to help me pick a plan?,https://apollo-insurance.com/,apollo-insurance.com,sources_cited,NB-CZ-API_2026-08-25_segment_health_insurance_kansas_city_perplexity,10
2026-08-25,perplexity,api,Kansas City MO,health insurance brokers,Who is the best health insurance broker in Kansas City to help me pick a plan?,https://betterliferetirementandinsurancesolutions.com/,betterliferetirementandinsurancesolutions.com,sources_cited,NB-CZ-API_2026-08-25_segment_health_insurance_kansas_city_perplexity,11
2026-08-25,perplexity,api,Kansas City MO,health insurance brokers,Who is the best health insurance broker in Kansas City to help me pick a plan?,https://www.bluekc.com/,bluekc.com,sources_cited,NB-CZ-API_2026-08-25_segment_health_insurance_kansas_city_perplexity,12
2026-08-25,perplexity,api,Kansas City MO,health insurance brokers,Who is the best health insurance broker in Kansas City to help me pick a plan?,https://apollo-insurance.com/health-insurance-broker-in-kansas-city/,apollo-insurance.com,sources_cited,NB-CZ-API_2026-08-25_segment_health_insurance_kansas_city_perplexity,13
2026-08-25,perplexity,api,Kansas City MO,health insurance brokers,Who is the best health insurance broker in Kansas City to help me pick a plan?,https://mployeradvisor.com/insurance-broker/missouri/kansas-city/rating=2/k:health,mployeradvisor.com,sources_cited,NB-CZ-API_2026-08-25_segment_health_insurance_kansas_city_perplexity,14
2026-08-25,perplexity,api,Kansas City MO,health insurance brokers,Who is the best health insurance broker in Kansas City to help me pick a plan?,https://www.reddit.com/r/kansascity/comments/1kkstvi/what_healthcare_provider_do_you_recommend_in/,reddit.com,sources_cited,NB-CZ-API_2026-08-25_segment_health_insurance_kansas_city_perplexity,15
2026-08-25,perplexity,api,Kansas City MO,health insurance brokers,Who is the best health insurance broker in Kansas City to help me pick a plan?,https://aishealthadvisors.com/,aishealthadvisors.com,sources_cited,NB-CZ-API_2026-08-25_segment_health_insurance_kansas_city_perplexity,16
2026-08-25,perplexity,api,Kansas City MO,health insurance brokers,Who is the best health insurance broker in Kansas City to help me pick a plan?,https://www.hubinternational.com/offices/us/missouri/kansas-city/healthcare-insurance-brokers/,hubinternational.com,sources_cited,NB-CZ-API_2026-08-25_segment_health_insurance_kansas_city_perplexity,17
2026-08-25,perplexity,api,Kansas City MO,health insurance brokers,Who is the best health insurance broker in Kansas City to help me pick a plan?,https://apollo-insurance.com/kansas-city-health-insurance/,apollo-insurance.com,sources_cited,NB-CZ-API_2026-08-25_segment_health_insurance_kansas_city_perplexity,18
2026-08-25,perplexity,api,Kansas City MO,health insurance brokers,Who is the best health insurance broker in Kansas City to help me pick a plan?,https://kansascity.bloggerlocal.com/reviews/best-kansas-city-small-business-health-insurance-agencies,kansascity.bloggerlocal.com,sources_cited,NB-CZ-API_2026-08-25_segment_health_insurance_kansas_city_perplexity,19
2026-08-25,perplexity,api,Kansas City MO,health insurance brokers,Who is the best health insurance broker in Kansas City to help me pick a plan?,https://www.healthmarkets.com/local-health-insurance-agent/mo/kansas-city,healthmarkets.com,sources_cited,NB-CZ-API_2026-08-25_segment_health_insurance_kansas_city_perplexity,20
2026-08-25,perplexity,api,Kansas City MO,health insurance brokers,Who is the best health insurance broker in Kansas City to help me pick a plan?,https://www.expertise.com/insurance/health-insurance/kansas/kansas-city,expertise.com,sources_cited,NB-CZ-API_2026-08-25_segment_health_insurance_kansas_city_perplexity_r2,1
2026-08-25,perplexity,api,Kansas City MO,health insurance brokers,Who is the best health insurance broker in Kansas City to help me pick a plan?,https://nulight-consulting.com/,nulight-consulting.com,sources_cited,NB-CZ-API_2026-08-25_segment_health_insurance_kansas_city_perplexity_r2,2
2026-08-25,perplexity,api,Kansas City MO,health insurance brokers,Who is the best health insurance broker in Kansas City to help me pick a plan?,https://namebeam.ai/kansas-city-health-insurance,namebeam.ai,sources_cited,NB-CZ-API_2026-08-25_segment_health_insurance_kansas_city_perplexity_r2,3
2026-08-25,perplexity,api,Kansas City MO,health insurance brokers,Who is the best health insurance broker in Kansas City to help me pick a plan?,https://jeffdavidinsurance.com/,jeffdavidinsurance.com,sources_cited,NB-CZ-API_2026-08-25_segment_health_insurance_kansas_city_perplexity_r2,4
2026-08-25,perplexity,api,Kansas City MO,health insurance brokers,Who is the best health insurance broker in Kansas City to help me pick a plan?,https://apollo-insurance.com/health-insurance-broker-kansas-city/,apollo-insurance.com,sources_cited,NB-CZ-API_2026-08-25_segment_health_insurance_kansas_city_perplexity_r2,5
2026-08-25,perplexity,api,Kansas City MO,health insurance brokers,Who is the best health insurance broker in Kansas City to help me pick a plan?,https://www.health-insurance-kansas-city.com/,health-insurance-kansas-city.com,sources_cited,NB-CZ-API_2026-08-25_segment_health_insurance_kansas_city_perplexity_r2,6
2026-08-25,perplexity,api,Kansas City MO,health insurance brokers,Who is the best health insurance broker in Kansas City to help me pick a plan?,https://bbs-insurance.com/,bbs-insurance.com,sources_cited,NB-CZ-API_2026-08-25_segment_health_insurance_kansas_city_perplexity_r2,7
2026-08-25,perplexity,api,Kansas City MO,health insurance brokers,Who is the best health insurance broker in Kansas City to help me pick a plan?,https://www.expertise.com/insurance/health-insurance/missouri/kansas-city,expertise.com,sources_cited,NB-CZ-API_2026-08-25_segment_health_insurance_kansas_city_perplexity_r2,8
2026-08-25,perplexity,api,Kansas City MO,health insurance brokers,Who is the best health insurance broker in Kansas City to help me pick a plan?,https://www.expertise.com/insurance/health-insurance/kansas,expertise.com,sources_cited,NB-CZ-API_2026-08-25_segment_health_insurance_kansas_city_perplexity_r2,9
2026-08-25,perplexity,api,Kansas City MO,health insurance brokers,Who is the best health insurance broker in Kansas City to help me pick a plan?,https://apollo-insurance.com/,apollo-insurance.com,sources_cited,NB-CZ-API_2026-08-25_segment_health_insurance_kansas_city_perplexity_r2,10
2026-08-25,perplexity,api,Kansas City MO,health insurance brokers,Who is the best health insurance broker in Kansas City to help me pick a plan?,https://betterliferetirementandinsurancesolutions.com/,betterliferetirementandinsurancesolutions.com,sources_cited,NB-CZ-API_2026-08-25_segment_health_insurance_kansas_city_perplexity_r2,11
2026-08-25,perplexity,api,Kansas City MO,health insurance brokers,Who is the best health insurance broker in Kansas City to help me pick a plan?,https://www.bluekc.com/,bluekc.com,sources_cited,NB-CZ-API_2026-08-25_segment_health_insurance_kansas_city_perplexity_r2,12
2026-08-25,perplexity,api,Kansas City MO,health insurance brokers,Who is the best health insurance broker in Kansas City to help me pick a plan?,https://apollo-insurance.com/health-insurance-broker-in-kansas-city/,apollo-insurance.com,sources_cited,NB-CZ-API_2026-08-25_segment_health_insurance_kansas_city_perplexity_r2,13
2026-08-25,perplexity,api,Kansas City MO,health insurance brokers,Who is the best health insurance broker in Kansas City to help me pick a plan?,https://mployeradvisor.com/insurance-broker/missouri/kansas-city/rating=2/k:health,mployeradvisor.com,sources_cited,NB-CZ-API_2026-08-25_segment_health_insurance_kansas_city_perplexity_r2,14
2026-08-25,perplexity,api,Kansas City MO,health insurance brokers,Who is the best health insurance broker in Kansas City to help me pick a plan?,https://www.reddit.com/r/kansascity/comments/1kkstvi/what_healthcare_provider_do_you_recommend_in/,reddit.com,sources_cited,NB-CZ-API_2026-08-25_segment_health_insurance_kansas_city_perplexity_r2,15
2026-08-25,perplexity,api,Kansas City MO,health insurance brokers,Who is the best health insurance broker in Kansas City to help me pick a plan?,https://aishealthadvisors.com/,aishealthadvisors.com,sources_cited,NB-CZ-API_2026-08-25_segment_health_insurance_kansas_city_perplexity_r2,16
2026-08-25,perplexity,api,Kansas City MO,health insurance brokers,Who is the best health insurance broker in Kansas City to help me pick a plan?,https://www.hubinternational.com/offices/us/missouri/kansas-city/healthcare-insurance-brokers/,hubinternational.com,sources_cited,NB-CZ-API_2026-08-25_segment_health_insurance_kansas_city_perplexity_r2,17
2026-08-25,perplexity,api,Kansas City MO,health insurance brokers,Who is the best health insurance broker in Kansas City to help me pick a plan?,https://apollo-insurance.com/kansas-city-health-insurance/,apollo-insurance.com,sources_cited,NB-CZ-API_2026-08-25_segment_health_insurance_kansas_city_perplexity_r2,18
2026-08-25,perplexity,api,Kansas City MO,health insurance brokers,Who is the best health insurance broker in Kansas City to help me pick a plan?,https://kansascity.bloggerlocal.com/reviews/best-kansas-city-small-business-health-insurance-agencies,kansascity.bloggerlocal.com,sources_cited,NB-CZ-API_2026-08-25_segment_health_insurance_kansas_city_perplexity_r2,19
2026-08-25,perplexity,api,Kansas City MO,health insurance brokers,Who is the best health insurance broker in Kansas City to help me pick a plan?,https://www.healthmarkets.com/local-health-insurance-agent/mo/kansas-city,healthmarkets.com,sources_cited,NB-CZ-API_2026-08-25_segment_health_insurance_kansas_city_perplexity_r2,20
2026-08-25,perplexity,api,Atlanta GA,hvac repair and replacement,Who is the best HVAC company in Atlanta to replace my air conditioner?,https://www.coolray.com/,coolray.com,sources_cited,NB-CZ-API_2026-08-25_segment_hvac_atlanta_perplexity,1
2026-08-25,perplexity,api,Atlanta GA,hvac repair and replacement,Who is the best HVAC company in Atlanta to replace my air conditioner?,https://www.reddit.com/r/Atlanta/comments/1ddejui/looking_for_hvac_company_recommendations_in/,reddit.com,sources_cited,NB-CZ-API_2026-08-25_segment_hvac_atlanta_perplexity,2
2026-08-25,perplexity,api,Atlanta GA,hvac repair and replacement,Who is the best HVAC company in Atlanta to replace my air conditioner?,https://www.angi.com/companylist/us/ga/atlanta/hvac.htm,angi.com,sources_cited,NB-CZ-API_2026-08-25_segment_hvac_atlanta_perplexity,3
2026-08-25,perplexity,api,Atlanta GA,hvac repair and replacement,Who is the best HVAC company in Atlanta to replace my air conditioner?,https://www.consumeraffairs.com/homeowners/hvac-repair-atlanta.html,consumeraffairs.com,sources_cited,NB-CZ-API_2026-08-25_segment_hvac_atlanta_perplexity,4
2026-08-25,perplexity,api,Atlanta GA,hvac repair and replacement,Who is the best HVAC company in Atlanta to replace my air conditioner?,https://reliableair.com/,reliableair.com,sources_cited,NB-CZ-API_2026-08-25_segment_hvac_atlanta_perplexity,5
2026-08-25,perplexity,api,Atlanta GA,hvac repair and replacement,Who is the best HVAC company in Atlanta to replace my air conditioner?,https://serviceagent.ai/directory/georgia/atlanta/hvac/replacement/,serviceagent.ai,sources_cited,NB-CZ-API_2026-08-25_segment_hvac_atlanta_perplexity,6
2026-08-25,perplexity,api,Atlanta GA,hvac repair and replacement,Who is the best HVAC company in Atlanta to replace my air conditioner?,https://berrygoodheatingandair.com/,berrygoodheatingandair.com,sources_cited,NB-CZ-API_2026-08-25_segment_hvac_atlanta_perplexity,7
2026-08-25,perplexity,api,Atlanta GA,hvac repair and replacement,Who is the best HVAC company in Atlanta to replace my air conditioner?,https://www.moncriefair.com/,moncriefair.com,sources_cited,NB-CZ-API_2026-08-25_segment_hvac_atlanta_perplexity,8
2026-08-25,perplexity,api,Atlanta GA,hvac repair and replacement,Who is the best HVAC company in Atlanta to replace my air conditioner?,https://www.estesair.com/,estesair.com,sources_cited,NB-CZ-API_2026-08-25_segment_hvac_atlanta_perplexity,9
2026-08-25,perplexity,api,Atlanta GA,hvac repair and replacement,Who is the best HVAC company in Atlanta to replace my air conditioner?,https://www.reddit.com/r/Atlanta/comments/1bc1zuj/air_conditioner_installation_companies/,reddit.com,sources_cited,NB-CZ-API_2026-08-25_segment_hvac_atlanta_perplexity,10
2026-08-25,perplexity,api,Atlanta GA,hvac repair and replacement,Who is the best HVAC company in Atlanta to replace my air conditioner?,https://www.theaircompanyga.com/,theaircompanyga.com,sources_cited,NB-CZ-API_2026-08-25_segment_hvac_atlanta_perplexity,11
2026-08-25,perplexity,api,Atlanta GA,hvac repair and replacement,Who is the best HVAC company in Atlanta to replace my air conditioner?,https://www.expertise.com/home-improvement/hvac/georgia/atlanta,expertise.com,sources_cited,NB-CZ-API_2026-08-25_segment_hvac_atlanta_perplexity,12
2026-08-25,perplexity,api,Atlanta GA,hvac repair and replacement,Who is the best HVAC company in Atlanta to replace my air conditioner?,https://empirehvac.com/,empirehvac.com,sources_cited,NB-CZ-API_2026-08-25_segment_hvac_atlanta_perplexity,13
2026-08-25,perplexity,api,Atlanta GA,hvac repair and replacement,Who is the best HVAC company in Atlanta to replace my air conditioner?,https://reliableair.com/cooling/central-ac-installation,reliableair.com,sources_cited,NB-CZ-API_2026-08-25_segment_hvac_atlanta_perplexity,14
2026-08-25,perplexity,api,Atlanta GA,hvac repair and replacement,Who is the best HVAC company in Atlanta to replace my air conditioner?,https://www.thumbtack.com/ga/atlanta/hvac-contractors,thumbtack.com,sources_cited,NB-CZ-API_2026-08-25_segment_hvac_atlanta_perplexity,15
2026-08-25,perplexity,api,Atlanta GA,hvac repair and replacement,Who is the best HVAC company in Atlanta to replace my air conditioner?,https://www.comfortatlanta.com/,comfortatlanta.com,sources_cited,NB-CZ-API_2026-08-25_segment_hvac_atlanta_perplexity,16
2026-08-25,perplexity,api,Atlanta GA,hvac repair and replacement,Who is the best HVAC company in Atlanta to replace my air conditioner?,https://www.cunninghamhvac.com/,cunninghamhvac.com,sources_cited,NB-CZ-API_2026-08-25_segment_hvac_atlanta_perplexity,17
2026-08-25,perplexity,api,Atlanta GA,hvac repair and replacement,Who is the best HVAC company in Atlanta to replace my air conditioner?,https://www.reddit.com/r/Atlanta/comments/1qee2c5/need_to_replace_a_hvac_unit_in_atlanta_whos_your/,reddit.com,sources_cited,NB-CZ-API_2026-08-25_segment_hvac_atlanta_perplexity,18
2026-08-25,perplexity,api,Atlanta GA,hvac repair and replacement,Who is the best HVAC company in Atlanta to replace my air conditioner?,https://todayshomeowner.com/near-me/georgia/atlanta/hvac/,todayshomeowner.com,sources_cited,NB-CZ-API_2026-08-25_segment_hvac_atlanta_perplexity,19
2026-08-25,perplexity,api,Atlanta GA,hvac repair and replacement,Who is the best HVAC company in Atlanta to replace my air conditioner?,https://www.bestpickreports.com/air-conditioning-and-heating/atlanta,bestpickreports.com,sources_cited,NB-CZ-API_2026-08-25_segment_hvac_atlanta_perplexity,20
2026-08-25,perplexity,api,Atlanta GA,hvac repair and replacement,Who is the best HVAC company in Atlanta to replace my air conditioner?,https://www.coolray.com/,coolray.com,sources_cited,NB-CZ-API_2026-08-25_segment_hvac_atlanta_perplexity_r2,1
2026-08-25,perplexity,api,Atlanta GA,hvac repair and replacement,Who is the best HVAC company in Atlanta to replace my air conditioner?,https://www.reddit.com/r/Atlanta/comments/1ddejui/looking_for_hvac_company_recommendations_in/,reddit.com,sources_cited,NB-CZ-API_2026-08-25_segment_hvac_atlanta_perplexity_r2,2
2026-08-25,perplexity,api,Atlanta GA,hvac repair and replacement,Who is the best HVAC company in Atlanta to replace my air conditioner?,https://www.consumeraffairs.com/homeowners/hvac-repair-atlanta.html,consumeraffairs.com,sources_cited,NB-CZ-API_2026-08-25_segment_hvac_atlanta_perplexity_r2,3
2026-08-25,perplexity,api,Atlanta GA,hvac repair and replacement,Who is the best HVAC company in Atlanta to replace my air conditioner?,https://www.angi.com/companylist/us/ga/atlanta/hvac.htm,angi.com,sources_cited,NB-CZ-API_2026-08-25_segment_hvac_atlanta_perplexity_r2,4
2026-08-25,perplexity,api,Atlanta GA,hvac repair and replacement,Who is the best HVAC company in Atlanta to replace my air conditioner?,https://serviceagent.ai/directory/georgia/atlanta/hvac/replacement/,serviceagent.ai,sources_cited,NB-CZ-API_2026-08-25_segment_hvac_atlanta_perplexity_r2,5
2026-08-25,perplexity,api,Atlanta GA,hvac repair and replacement,Who is the best HVAC company in Atlanta to replace my air conditioner?,https://reliableair.com/,reliableair.com,sources_cited,NB-CZ-API_2026-08-25_segment_hvac_atlanta_perplexity_r2,6
2026-08-25,perplexity,api,Atlanta GA,hvac repair and replacement,Who is the best HVAC company in Atlanta to replace my air conditioner?,https://berrygoodheatingandair.com/,berrygoodheatingandair.com,sources_cited,NB-CZ-API_2026-08-25_segment_hvac_atlanta_perplexity_r2,7
2026-08-25,perplexity,api,Atlanta GA,hvac repair and replacement,Who is the best HVAC company in Atlanta to replace my air conditioner?,https://www.moncriefair.com/,moncriefair.com,sources_cited,NB-CZ-API_2026-08-25_segment_hvac_atlanta_perplexity_r2,8
2026-08-25,perplexity,api,Atlanta GA,hvac repair and replacement,Who is the best HVAC company in Atlanta to replace my air conditioner?,https://www.reddit.com/r/Atlanta/comments/1bc1zuj/air_conditioner_installation_companies/,reddit.com,sources_cited,NB-CZ-API_2026-08-25_segment_hvac_atlanta_perplexity_r2,9
2026-08-25,perplexity,api,Atlanta GA,hvac repair and replacement,Who is the best HVAC company in Atlanta to replace my air conditioner?,https://pro.porch.com/atlanta-ga/hvac-contractors/cp,pro.porch.com,sources_cited,NB-CZ-API_2026-08-25_segment_hvac_atlanta_perplexity_r2,10
2026-08-25,perplexity,api,Atlanta GA,hvac repair and replacement,Who is the best HVAC company in Atlanta to replace my air conditioner?,https://www.theaircompanyga.com/,theaircompanyga.com,sources_cited,NB-CZ-API_2026-08-25_segment_hvac_atlanta_perplexity_r2,11
2026-08-25,perplexity,api,Atlanta GA,hvac repair and replacement,Who is the best HVAC company in Atlanta to replace my air conditioner?,https://www.expertise.com/home-improvement/hvac/georgia/atlanta,expertise.com,sources_cited,NB-CZ-API_2026-08-25_segment_hvac_atlanta_perplexity_r2,12
2026-08-25,perplexity,api,Atlanta GA,hvac repair and replacement,Who is the best HVAC company in Atlanta to replace my air conditioner?,https://empirehvac.com/,empirehvac.com,sources_cited,NB-CZ-API_2026-08-25_segment_hvac_atlanta_perplexity_r2,13
2026-08-25,perplexity,api,Atlanta GA,hvac repair and replacement,Who is the best HVAC company in Atlanta to replace my air conditioner?,https://reliableair.com/cooling/central-ac-installation,reliableair.com,sources_cited,NB-CZ-API_2026-08-25_segment_hvac_atlanta_perplexity_r2,14
2026-08-25,perplexity,api,Atlanta GA,hvac repair and replacement,Who is the best HVAC company in Atlanta to replace my air conditioner?,https://www.thumbtack.com/ga/atlanta/hvac-contractors,thumbtack.com,sources_cited,NB-CZ-API_2026-08-25_segment_hvac_atlanta_perplexity_r2,15
2026-08-25,perplexity,api,Atlanta GA,hvac repair and replacement,Who is the best HVAC company in Atlanta to replace my air conditioner?,https://www.cunninghamhvac.com/,cunninghamhvac.com,sources_cited,NB-CZ-API_2026-08-25_segment_hvac_atlanta_perplexity_r2,16
2026-08-25,perplexity,api,Atlanta GA,hvac repair and replacement,Who is the best HVAC company in Atlanta to replace my air conditioner?,https://www.reddit.com/r/Atlanta/comments/1qee2c5/need_to_replace_a_hvac_unit_in_atlanta_whos_your/,reddit.com,sources_cited,NB-CZ-API_2026-08-25_segment_hvac_atlanta_perplexity_r2,17
2026-08-25,perplexity,api,Atlanta GA,hvac repair and replacement,Who is the best HVAC company in Atlanta to replace my air conditioner?,https://todayshomeowner.com/near-me/georgia/atlanta/hvac/,todayshomeowner.com,sources_cited,NB-CZ-API_2026-08-25_segment_hvac_atlanta_perplexity_r2,18
2026-08-25,perplexity,api,Atlanta GA,hvac repair and replacement,Who is the best HVAC company in Atlanta to replace my air conditioner?,https://www.bestpickreports.com/air-conditioning-and-heating/atlanta,bestpickreports.com,sources_cited,NB-CZ-API_2026-08-25_segment_hvac_atlanta_perplexity_r2,19
2026-08-25,perplexity,api,Atlanta GA,hvac repair and replacement,Who is the best HVAC company in Atlanta to replace my air conditioner?,https://www.comfortatlanta.com/,comfortatlanta.com,sources_cited,NB-CZ-API_2026-08-25_segment_hvac_atlanta_perplexity_r2,20
2026-08-25,perplexity,api,Houston TX,hvac repair and replacement,Who is the best HVAC company in Houston for AC repair?,https://www.chron.com/best/map/best-hvac-houston/,chron.com,sources_cited,NB-CZ-API_2026-08-25_segment_hvac_houston_perplexity,1
2026-08-25,perplexity,api,Houston TX,hvac repair and replacement,Who is the best HVAC company in Houston for AC repair?,https://vouchedpros.com/hvac-houston-tx,vouchedpros.com,sources_cited,NB-CZ-API_2026-08-25_segment_hvac_houston_perplexity,2
2026-08-25,perplexity,api,Houston TX,hvac repair and replacement,Who is the best HVAC company in Houston for AC repair?,https://75degreeac.com/,75degreeac.com,sources_cited,NB-CZ-API_2026-08-25_segment_hvac_houston_perplexity,3
2026-08-25,perplexity,api,Houston TX,hvac repair and replacement,Who is the best HVAC company in Houston for AC repair?,https://www.consumeraffairs.com/homeowners/hvac-repair-houston.html,consumeraffairs.com,sources_cited,NB-CZ-API_2026-08-25_segment_hvac_houston_perplexity,4
2026-08-25,perplexity,api,Houston TX,hvac repair and replacement,Who is the best HVAC company in Houston for AC repair?,https://www.johnmooreservices.com/air-conditioning/,johnmooreservices.com,sources_cited,NB-CZ-API_2026-08-25_segment_hvac_houston_perplexity,5
2026-08-25,perplexity,api,Houston TX,hvac repair and replacement,Who is the best HVAC company in Houston for AC repair?,https://www.reddit.com/r/houston/comments/nvaxm5/home_ac_company_recommendations/,reddit.com,sources_cited,NB-CZ-API_2026-08-25_segment_hvac_houston_perplexity,6
2026-08-25,perplexity,api,Houston TX,hvac repair and replacement,Who is the best HVAC company in Houston for AC repair?,https://becoolachouston.com/,becoolachouston.com,sources_cited,NB-CZ-API_2026-08-25_segment_hvac_houston_perplexity,7
2026-08-25,perplexity,api,Houston TX,hvac repair and replacement,Who is the best HVAC company in Houston for AC repair?,https://www.abacusplumbing.net/air-conditioning/,abacusplumbing.net,sources_cited,NB-CZ-API_2026-08-25_segment_hvac_houston_perplexity,8
2026-08-25,perplexity,api,Houston TX,hvac repair and replacement,Who is the best HVAC company in Houston for AC repair?,https://profindr.com/top/hvac-houston-tx,profindr.com,sources_cited,NB-CZ-API_2026-08-25_segment_hvac_houston_perplexity,9
2026-08-25,perplexity,api,Houston TX,hvac repair and replacement,Who is the best HVAC company in Houston for AC repair?,https://www.expertise.com/home-improvement/hvac/texas/houston,expertise.com,sources_cited,NB-CZ-API_2026-08-25_segment_hvac_houston_perplexity,10
2026-08-25,perplexity,api,Houston TX,hvac repair and replacement,Who is the best HVAC company in Houston for AC repair?,https://allstarairtexas.com/,allstarairtexas.com,sources_cited,NB-CZ-API_2026-08-25_segment_hvac_houston_perplexity,11
2026-08-25,perplexity,api,Houston TX,hvac repair and replacement,Who is the best HVAC company in Houston for AC repair?,https://acscomfort.com/,acscomfort.com,sources_cited,NB-CZ-API_2026-08-25_segment_hvac_houston_perplexity,12
2026-08-25,perplexity,api,Houston TX,hvac repair and replacement,Who is the best HVAC company in Houston for AC repair?,https://championandnash.com/,championandnash.com,sources_cited,NB-CZ-API_2026-08-25_segment_hvac_houston_perplexity,13
2026-08-25,perplexity,api,Houston TX,hvac repair and replacement,Who is the best HVAC company in Houston for AC repair?,https://hvacservice.io/tx/houston/ac-repair,hvacservice.io,sources_cited,NB-CZ-API_2026-08-25_segment_hvac_houston_perplexity,14
2026-08-25,perplexity,api,Houston TX,hvac repair and replacement,Who is the best HVAC company in Houston for AC repair?,https://www.courtesyaconline.com/,courtesyaconline.com,sources_cited,NB-CZ-API_2026-08-25_segment_hvac_houston_perplexity,15
2026-08-25,perplexity,api,Houston TX,hvac repair and replacement,Who is the best HVAC company in Houston for AC repair?,https://www.expertise.com/home-improvement/ac-repair/texas/houston,expertise.com,sources_cited,NB-CZ-API_2026-08-25_segment_hvac_houston_perplexity,16
2026-08-25,perplexity,api,Houston TX,hvac repair and replacement,Who is the best HVAC company in Houston for AC repair?,https://acscomfort.com/services/hvac/houston-tx/,acscomfort.com,sources_cited,NB-CZ-API_2026-08-25_segment_hvac_houston_perplexity,17
2026-08-25,perplexity,api,Houston TX,hvac repair and replacement,Who is the best HVAC company in Houston for AC repair?,https://www.airspecialist.com/,airspecialist.com,sources_cited,NB-CZ-API_2026-08-25_segment_hvac_houston_perplexity,18
2026-08-25,perplexity,api,Houston TX,hvac repair and replacement,Who is the best HVAC company in Houston for AC repair?,https://hvacofhouston.com/,hvacofhouston.com,sources_cited,NB-CZ-API_2026-08-25_segment_hvac_houston_perplexity,19
2026-08-25,perplexity,api,Houston TX,hvac repair and replacement,Who is the best HVAC company in Houston for AC repair?,https://www.bestpickreports.com/air-conditioning-and-heating/houston,bestpickreports.com,sources_cited,NB-CZ-API_2026-08-25_segment_hvac_houston_perplexity,20
2026-08-25,perplexity,api,Houston TX,hvac repair and replacement,Who is the best HVAC company in Houston for AC repair?,https://www.chron.com/best/map/best-hvac-houston/,chron.com,sources_cited,NB-CZ-API_2026-08-25_segment_hvac_houston_perplexity_r2,1
2026-08-25,perplexity,api,Houston TX,hvac repair and replacement,Who is the best HVAC company in Houston for AC repair?,https://www.royalairhouston.com/,royalairhouston.com,sources_cited,NB-CZ-API_2026-08-25_segment_hvac_houston_perplexity_r2,2
2026-08-25,perplexity,api,Houston TX,hvac repair and replacement,Who is the best HVAC company in Houston for AC repair?,https://vouchedpros.com/hvac-houston-tx,vouchedpros.com,sources_cited,NB-CZ-API_2026-08-25_segment_hvac_houston_perplexity_r2,3
2026-08-25,perplexity,api,Houston TX,hvac repair and replacement,Who is the best HVAC company in Houston for AC repair?,https://www.consumeraffairs.com/homeowners/hvac-repair-houston.html,consumeraffairs.com,sources_cited,NB-CZ-API_2026-08-25_segment_hvac_houston_perplexity_r2,4
2026-08-25,perplexity,api,Houston TX,hvac repair and replacement,Who is the best HVAC company in Houston for AC repair?,https://www.courtesyaconline.com/,courtesyaconline.com,sources_cited,NB-CZ-API_2026-08-25_segment_hvac_houston_perplexity_r2,5
2026-08-25,perplexity,api,Houston TX,hvac repair and replacement,Who is the best HVAC company in Houston for AC repair?,https://www.johnmooreservices.com/air-conditioning/,johnmooreservices.com,sources_cited,NB-CZ-API_2026-08-25_segment_hvac_houston_perplexity_r2,6
2026-08-25,perplexity,api,Houston TX,hvac repair and replacement,Who is the best HVAC company in Houston for AC repair?,https://www.reddit.com/r/houston/comments/nvaxm5/home_ac_company_recommendations/,reddit.com,sources_cited,NB-CZ-API_2026-08-25_segment_hvac_houston_perplexity_r2,7
2026-08-25,perplexity,api,Houston TX,hvac repair and replacement,Who is the best HVAC company in Houston for AC repair?,https://becoolachouston.com/,becoolachouston.com,sources_cited,NB-CZ-API_2026-08-25_segment_hvac_houston_perplexity_r2,8
2026-08-25,perplexity,api,Houston TX,hvac repair and replacement,Who is the best HVAC company in Houston for AC repair?,https://www.abacusplumbing.net/air-conditioning/,abacusplumbing.net,sources_cited,NB-CZ-API_2026-08-25_segment_hvac_houston_perplexity_r2,9
2026-08-25,perplexity,api,Houston TX,hvac repair and replacement,Who is the best HVAC company in Houston for AC repair?,https://profindr.com/top/hvac-houston-tx,profindr.com,sources_cited,NB-CZ-API_2026-08-25_segment_hvac_houston_perplexity_r2,10
2026-08-25,perplexity,api,Houston TX,hvac repair and replacement,Who is the best HVAC company in Houston for AC repair?,https://www.expertise.com/home-improvement/hvac/texas/houston,expertise.com,sources_cited,NB-CZ-API_2026-08-25_segment_hvac_houston_perplexity_r2,11
2026-08-25,perplexity,api,Houston TX,hvac repair and replacement,Who is the best HVAC company in Houston for AC repair?,https://acscomfort.com/,acscomfort.com,sources_cited,NB-CZ-API_2026-08-25_segment_hvac_houston_perplexity_r2,12
2026-08-25,perplexity,api,Houston TX,hvac repair and replacement,Who is the best HVAC company in Houston for AC repair?,https://championandnash.com/,championandnash.com,sources_cited,NB-CZ-API_2026-08-25_segment_hvac_houston_perplexity_r2,13
2026-08-25,perplexity,api,Houston TX,hvac repair and replacement,Who is the best HVAC company in Houston for AC repair?,https://hvacservice.io/tx/houston/ac-repair,hvacservice.io,sources_cited,NB-CZ-API_2026-08-25_segment_hvac_houston_perplexity_r2,14
2026-08-25,perplexity,api,Houston TX,hvac repair and replacement,Who is the best HVAC company in Houston for AC repair?,https://www.expertise.com/home-improvement/ac-repair/texas/houston,expertise.com,sources_cited,NB-CZ-API_2026-08-25_segment_hvac_houston_perplexity_r2,15
2026-08-25,perplexity,api,Houston TX,hvac repair and replacement,Who is the best HVAC company in Houston for AC repair?,https://acscomfort.com/services/hvac/houston-tx/,acscomfort.com,sources_cited,NB-CZ-API_2026-08-25_segment_hvac_houston_perplexity_r2,16
2026-08-25,perplexity,api,Houston TX,hvac repair and replacement,Who is the best HVAC company in Houston for AC repair?,https://www.airspecialist.com/,airspecialist.com,sources_cited,NB-CZ-API_2026-08-25_segment_hvac_houston_perplexity_r2,17
2026-08-25,perplexity,api,Houston TX,hvac repair and replacement,Who is the best HVAC company in Houston for AC repair?,https://hvacofhouston.com/,hvacofhouston.com,sources_cited,NB-CZ-API_2026-08-25_segment_hvac_houston_perplexity_r2,18
2026-08-25,perplexity,api,Houston TX,hvac repair and replacement,Who is the best HVAC company in Houston for AC repair?,https://www.bestpickreports.com/air-conditioning-and-heating/houston,bestpickreports.com,sources_cited,NB-CZ-API_2026-08-25_segment_hvac_houston_perplexity_r2,19
2026-08-25,perplexity,api,Houston TX,hvac repair and replacement,Who is the best HVAC company in Houston for AC repair?,https://todayshomeowner.com/near-me/texas/houston/hvac/,todayshomeowner.com,sources_cited,NB-CZ-API_2026-08-25_segment_hvac_houston_perplexity_r2,20
2026-08-25,perplexity,api,Phoenix AZ,hvac repair and replacement,Who is the best HVAC company in Phoenix to fix my air conditioning?,https://hvaccompaniesphoenix.com/best/ac-repair-installation/,hvaccompaniesphoenix.com,sources_cited,NB-CZ-API_2026-08-25_segment_hvac_phoenix_perplexity,1
2026-08-25,perplexity,api,Phoenix AZ,hvac repair and replacement,Who is the best HVAC company in Phoenix to fix my air conditioning?,https://www.parkerandsons.com/,parkerandsons.com,sources_cited,NB-CZ-API_2026-08-25_segment_hvac_phoenix_perplexity,2
2026-08-25,perplexity,api,Phoenix AZ,hvac repair and replacement,Who is the best HVAC company in Phoenix to fix my air conditioning?,https://howardair.com/,howardair.com,sources_cited,NB-CZ-API_2026-08-25_segment_hvac_phoenix_perplexity,3
2026-08-25,perplexity,api,Phoenix AZ,hvac repair and replacement,Who is the best HVAC company in Phoenix to fix my air conditioning?,https://www.azperfectcomfort.com/,azperfectcomfort.com,sources_cited,NB-CZ-API_2026-08-25_segment_hvac_phoenix_perplexity,4
2026-08-25,perplexity,api,Phoenix AZ,hvac repair and replacement,Who is the best HVAC company in Phoenix to fix my air conditioning?,https://www.reddit.com/r/phoenix/comments/14n02g9/ac_companies_with_great_reviews/,reddit.com,sources_cited,NB-CZ-API_2026-08-25_segment_hvac_phoenix_perplexity,5
2026-08-25,perplexity,api,Phoenix AZ,hvac repair and replacement,Who is the best HVAC company in Phoenix to fix my air conditioning?,https://phoenix.consumeraffairs.com/hvac-ac-repair-phoenix/,phoenix.consumeraffairs.com,sources_cited,NB-CZ-API_2026-08-25_segment_hvac_phoenix_perplexity,6
2026-08-25,perplexity,api,Phoenix AZ,hvac repair and replacement,Who is the best HVAC company in Phoenix to fix my air conditioning?,https://www.reddit.com/r/phoenix/comments/1jii6if/air_conditioning_company_recommendations/,reddit.com,sources_cited,NB-CZ-API_2026-08-25_segment_hvac_phoenix_perplexity,7
2026-08-25,perplexity,api,Phoenix AZ,hvac repair and replacement,Who is the best HVAC company in Phoenix to fix my air conditioning?,https://www.expertise.com/home-improvement/hvac/arizona/phoenix,expertise.com,sources_cited,NB-CZ-API_2026-08-25_segment_hvac_phoenix_perplexity,8
2026-08-25,perplexity,api,Phoenix AZ,hvac repair and replacement,Who is the best HVAC company in Phoenix to fix my air conditioning?,https://www.callwaycool.com/,callwaycool.com,sources_cited,NB-CZ-API_2026-08-25_segment_hvac_phoenix_perplexity,9
2026-08-25,perplexity,api,Phoenix AZ,hvac repair and replacement,Who is the best HVAC company in Phoenix to fix my air conditioning?,https://www.goettl.com/location/phoenix-arizona/,goettl.com,sources_cited,NB-CZ-API_2026-08-25_segment_hvac_phoenix_perplexity,10
2026-08-25,perplexity,api,Phoenix AZ,hvac repair and replacement,Who is the best HVAC company in Phoenix to fix my air conditioning?,https://www.consumeraffairs.com/homeowners/hvac-companies-phoenix.html,consumeraffairs.com,sources_cited,NB-CZ-API_2026-08-25_segment_hvac_phoenix_perplexity,11
2026-08-25,perplexity,api,Phoenix AZ,hvac repair and replacement,Who is the best HVAC company in Phoenix to fix my air conditioning?,https://theacdoctors.com/best-ac-companies-phoenix-az/,theacdoctors.com,sources_cited,NB-CZ-API_2026-08-25_segment_hvac_phoenix_perplexity,12
2026-08-25,perplexity,api,Phoenix AZ,hvac repair and replacement,Who is the best HVAC company in Phoenix to fix my air conditioning?,https://hvaccompaniesphoenix.com/category/ac-repair-installation/,hvaccompaniesphoenix.com,sources_cited,NB-CZ-API_2026-08-25_segment_hvac_phoenix_perplexity,13
2026-08-25,perplexity,api,Phoenix AZ,hvac repair and replacement,Who is the best HVAC company in Phoenix to fix my air conditioning?,https://azairpros.com/,azairpros.com,sources_cited,NB-CZ-API_2026-08-25_segment_hvac_phoenix_perplexity,14
2026-08-25,perplexity,api,Phoenix AZ,hvac repair and replacement,Who is the best HVAC company in Phoenix to fix my air conditioning?,https://vouchedpros.com/hvac-phoenix-az,vouchedpros.com,sources_cited,NB-CZ-API_2026-08-25_segment_hvac_phoenix_perplexity,15
2026-08-25,perplexity,api,Phoenix AZ,hvac repair and replacement,Who is the best HVAC company in Phoenix to fix my air conditioning?,https://www.bestpickreports.com/air-conditioning-and-heating/phoenix,bestpickreports.com,sources_cited,NB-CZ-API_2026-08-25_segment_hvac_phoenix_perplexity,16
2026-08-25,perplexity,api,Phoenix AZ,hvac repair and replacement,Who is the best HVAC company in Phoenix to fix my air conditioning?,https://downtobid.com/contractors/hvac/phoenix,downtobid.com,sources_cited,NB-CZ-API_2026-08-25_segment_hvac_phoenix_perplexity,17
2026-08-25,perplexity,api,Phoenix AZ,hvac repair and replacement,Who is the best HVAC company in Phoenix to fix my air conditioning?,https://serviceagent.ai/directory/arizona/phoenix/hvac/repair/,serviceagent.ai,sources_cited,NB-CZ-API_2026-08-25_segment_hvac_phoenix_perplexity,18
2026-08-25,perplexity,api,Phoenix AZ,hvac repair and replacement,Who is the best HVAC company in Phoenix to fix my air conditioning?,https://www.justcalljohns.com/hvac-repair-replacement-phoenix-az,justcalljohns.com,sources_cited,NB-CZ-API_2026-08-25_segment_hvac_phoenix_perplexity,19
2026-08-25,perplexity,api,Phoenix AZ,hvac repair and replacement,Who is the best HVAC company in Phoenix to fix my air conditioning?,https://www.forbes.com/home-improvement/hvac/local-hvac/hvac-phoenix-az/,forbes.com,sources_cited,NB-CZ-API_2026-08-25_segment_hvac_phoenix_perplexity,20
2026-08-25,perplexity,api,Phoenix AZ,hvac repair and replacement,Who is the best HVAC company in Phoenix to fix my air conditioning?,https://hvaccompaniesphoenix.com/best/ac-repair-installation/,hvaccompaniesphoenix.com,sources_cited,NB-CZ-API_2026-08-25_segment_hvac_phoenix_perplexity_r2,1
2026-08-25,perplexity,api,Phoenix AZ,hvac repair and replacement,Who is the best HVAC company in Phoenix to fix my air conditioning?,https://www.parkerandsons.com/,parkerandsons.com,sources_cited,NB-CZ-API_2026-08-25_segment_hvac_phoenix_perplexity_r2,2
2026-08-25,perplexity,api,Phoenix AZ,hvac repair and replacement,Who is the best HVAC company in Phoenix to fix my air conditioning?,https://howardair.com/,howardair.com,sources_cited,NB-CZ-API_2026-08-25_segment_hvac_phoenix_perplexity_r2,3
2026-08-25,perplexity,api,Phoenix AZ,hvac repair and replacement,Who is the best HVAC company in Phoenix to fix my air conditioning?,https://www.azperfectcomfort.com/,azperfectcomfort.com,sources_cited,NB-CZ-API_2026-08-25_segment_hvac_phoenix_perplexity_r2,4
2026-08-25,perplexity,api,Phoenix AZ,hvac repair and replacement,Who is the best HVAC company in Phoenix to fix my air conditioning?,https://idealairaz.com/,idealairaz.com,sources_cited,NB-CZ-API_2026-08-25_segment_hvac_phoenix_perplexity_r2,5
2026-08-25,perplexity,api,Phoenix AZ,hvac repair and replacement,Who is the best HVAC company in Phoenix to fix my air conditioning?,https://phoenix.consumeraffairs.com/hvac-ac-repair-phoenix/,phoenix.consumeraffairs.com,sources_cited,NB-CZ-API_2026-08-25_segment_hvac_phoenix_perplexity_r2,6
2026-08-25,perplexity,api,Phoenix AZ,hvac repair and replacement,Who is the best HVAC company in Phoenix to fix my air conditioning?,https://www.reddit.com/r/phoenix/comments/14n02g9/ac_companies_with_great_reviews/,reddit.com,sources_cited,NB-CZ-API_2026-08-25_segment_hvac_phoenix_perplexity_r2,7
2026-08-25,perplexity,api,Phoenix AZ,hvac repair and replacement,Who is the best HVAC company in Phoenix to fix my air conditioning?,https://www.callwaycool.com/,callwaycool.com,sources_cited,NB-CZ-API_2026-08-25_segment_hvac_phoenix_perplexity_r2,8
2026-08-25,perplexity,api,Phoenix AZ,hvac repair and replacement,Who is the best HVAC company in Phoenix to fix my air conditioning?,https://www.expertise.com/home-improvement/hvac/arizona/phoenix,expertise.com,sources_cited,NB-CZ-API_2026-08-25_segment_hvac_phoenix_perplexity_r2,9
2026-08-25,perplexity,api,Phoenix AZ,hvac repair and replacement,Who is the best HVAC company in Phoenix to fix my air conditioning?,https://www.goettl.com/location/phoenix-arizona/,goettl.com,sources_cited,NB-CZ-API_2026-08-25_segment_hvac_phoenix_perplexity_r2,10
2026-08-25,perplexity,api,Phoenix AZ,hvac repair and replacement,Who is the best HVAC company in Phoenix to fix my air conditioning?,https://theacdoctors.com/best-ac-companies-phoenix-az/,theacdoctors.com,sources_cited,NB-CZ-API_2026-08-25_segment_hvac_phoenix_perplexity_r2,11
2026-08-25,perplexity,api,Phoenix AZ,hvac repair and replacement,Who is the best HVAC company in Phoenix to fix my air conditioning?,https://azairpros.com/,azairpros.com,sources_cited,NB-CZ-API_2026-08-25_segment_hvac_phoenix_perplexity_r2,12
2026-08-25,perplexity,api,Phoenix AZ,hvac repair and replacement,Who is the best HVAC company in Phoenix to fix my air conditioning?,https://www.consumeraffairs.com/homeowners/hvac-companies-phoenix.html,consumeraffairs.com,sources_cited,NB-CZ-API_2026-08-25_segment_hvac_phoenix_perplexity_r2,13
2026-08-25,perplexity,api,Phoenix AZ,hvac repair and replacement,Who is the best HVAC company in Phoenix to fix my air conditioning?,https://vouchedpros.com/hvac-phoenix-az,vouchedpros.com,sources_cited,NB-CZ-API_2026-08-25_segment_hvac_phoenix_perplexity_r2,14
2026-08-25,perplexity,api,Phoenix AZ,hvac repair and replacement,Who is the best HVAC company in Phoenix to fix my air conditioning?,https://hvaccompaniesphoenix.com/category/ac-repair-installation/,hvaccompaniesphoenix.com,sources_cited,NB-CZ-API_2026-08-25_segment_hvac_phoenix_perplexity_r2,15
2026-08-25,perplexity,api,Phoenix AZ,hvac repair and replacement,Who is the best HVAC company in Phoenix to fix my air conditioning?,https://downtobid.com/contractors/hvac/phoenix,downtobid.com,sources_cited,NB-CZ-API_2026-08-25_segment_hvac_phoenix_perplexity_r2,16
2026-08-25,perplexity,api,Phoenix AZ,hvac repair and replacement,Who is the best HVAC company in Phoenix to fix my air conditioning?,https://collinscomfort.com/city/phoenix,collinscomfort.com,sources_cited,NB-CZ-API_2026-08-25_segment_hvac_phoenix_perplexity_r2,17
2026-08-25,perplexity,api,Phoenix AZ,hvac repair and replacement,Who is the best HVAC company in Phoenix to fix my air conditioning?,https://serviceagent.ai/directory/arizona/phoenix/hvac/repair/,serviceagent.ai,sources_cited,NB-CZ-API_2026-08-25_segment_hvac_phoenix_perplexity_r2,18
2026-08-25,perplexity,api,Phoenix AZ,hvac repair and replacement,Who is the best HVAC company in Phoenix to fix my air conditioning?,https://www.justcalljohns.com/hvac-repair-replacement-phoenix-az,justcalljohns.com,sources_cited,NB-CZ-API_2026-08-25_segment_hvac_phoenix_perplexity_r2,19
2026-08-25,perplexity,api,Phoenix AZ,hvac repair and replacement,Who is the best HVAC company in Phoenix to fix my air conditioning?,https://www.reddit.com/r/phoenix/comments/1jii6if/air_conditioning_company_recommendations/,reddit.com,sources_cited,NB-CZ-API_2026-08-25_segment_hvac_phoenix_perplexity_r2,20
2026-08-25,perplexity,api,Atlanta GA,personal injury attorneys,Who is the best personal injury lawyer in Atlanta for a car accident case?,https://www.justia.com/lawyers/personal-injury/georgia/atlanta,justia.com,sources_cited,NB-CZ-API_2026-08-25_segment_personal_injury_law_atlanta_perplexity,1
2026-08-25,perplexity,api,Atlanta GA,personal injury attorneys,Who is the best personal injury lawyer in Atlanta for a car accident case?,https://attorneys.superlawyers.com/motor-vehicle-accidents/georgia/atlanta/,attorneys.superlawyers.com,sources_cited,NB-CZ-API_2026-08-25_segment_personal_injury_law_atlanta_perplexity,2
2026-08-25,perplexity,api,Atlanta GA,personal injury attorneys,Who is the best personal injury lawyer in Atlanta for a car accident case?,https://www.tobininjurylaw.com/,tobininjurylaw.com,sources_cited,NB-CZ-API_2026-08-25_segment_personal_injury_law_atlanta_perplexity,3
2026-08-25,perplexity,api,Atlanta GA,personal injury attorneys,Who is the best personal injury lawyer in Atlanta for a car accident case?,https://www.goldsteinhayeslaw.com/,goldsteinhayeslaw.com,sources_cited,NB-CZ-API_2026-08-25_segment_personal_injury_law_atlanta_perplexity,4
2026-08-25,perplexity,api,Atlanta GA,personal injury attorneys,Who is the best personal injury lawyer in Atlanta for a car accident case?,https://smstrial.com/top-10-best-car-accident-lawyers-in-atlanta-ga-2025/,smstrial.com,sources_cited,NB-CZ-API_2026-08-25_segment_personal_injury_law_atlanta_perplexity,5
2026-08-25,perplexity,api,Atlanta GA,personal injury attorneys,Who is the best personal injury lawyer in Atlanta for a car accident case?,https://topdoglaw.com/locations/atlanta-ga/car-accident-lawyer,topdoglaw.com,sources_cited,NB-CZ-API_2026-08-25_segment_personal_injury_law_atlanta_perplexity,6
2026-08-25,perplexity,api,Atlanta GA,personal injury attorneys,Who is the best personal injury lawyer in Atlanta for a car accident case?,https://www.lawyers.com/personal-injury/atlanta/georgia/law-firms/,lawyers.com,sources_cited,NB-CZ-API_2026-08-25_segment_personal_injury_law_atlanta_perplexity,7
2026-08-25,perplexity,api,Atlanta GA,personal injury attorneys,Who is the best personal injury lawyer in Atlanta for a car accident case?,https://georgiainjurylawyer.com/,georgiainjurylawyer.com,sources_cited,NB-CZ-API_2026-08-25_segment_personal_injury_law_atlanta_perplexity,8
2026-08-25,perplexity,api,Atlanta GA,personal injury attorneys,Who is the best personal injury lawyer in Atlanta for a car accident case?,https://sweetjames.com/atlanta-ga/personal-injury-lawyer/,sweetjames.com,sources_cited,NB-CZ-API_2026-08-25_segment_personal_injury_law_atlanta_perplexity,9
2026-08-25,perplexity,api,Atlanta GA,personal injury attorneys,Who is the best personal injury lawyer in Atlanta for a car accident case?,https://attorneyatlawmagazine.com/best-attorneys/car-accident/georgia/atlanta-attorney,attorneyatlawmagazine.com,sources_cited,NB-CZ-API_2026-08-25_segment_personal_injury_law_atlanta_perplexity,10
2026-08-25,perplexity,api,Atlanta GA,personal injury attorneys,Who is the best personal injury lawyer in Atlanta for a car accident case?,https://attorneys.superlawyers.com/personal-injury-plaintiff/georgia/atlanta/,attorneys.superlawyers.com,sources_cited,NB-CZ-API_2026-08-25_segment_personal_injury_law_atlanta_perplexity,11
2026-08-25,perplexity,api,Atlanta GA,personal injury attorneys,Who is the best personal injury lawyer in Atlanta for a car accident case?,https://www.garymartinhays.com/,garymartinhays.com,sources_cited,NB-CZ-API_2026-08-25_segment_personal_injury_law_atlanta_perplexity,12
2026-08-25,perplexity,api,Atlanta GA,personal injury attorneys,Who is the best personal injury lawyer in Atlanta for a car accident case?,https://www.johnfoy.com/areas-we-serve/atlanta-ga/car-accident-lawyer/,johnfoy.com,sources_cited,NB-CZ-API_2026-08-25_segment_personal_injury_law_atlanta_perplexity,13
2026-08-25,perplexity,api,Atlanta GA,personal injury attorneys,Who is the best personal injury lawyer in Atlanta for a car accident case?,https://hammerslawfirm.com/,hammerslawfirm.com,sources_cited,NB-CZ-API_2026-08-25_segment_personal_injury_law_atlanta_perplexity,14
2026-08-25,perplexity,api,Atlanta GA,personal injury attorneys,Who is the best personal injury lawyer in Atlanta for a car accident case?,https://www.johnfoy.com/,johnfoy.com,sources_cited,NB-CZ-API_2026-08-25_segment_personal_injury_law_atlanta_perplexity,15
2026-08-25,perplexity,api,Atlanta GA,personal injury attorneys,Who is the best personal injury lawyer in Atlanta for a car accident case?,https://www.thewilsonpc.com/,thewilsonpc.com,sources_cited,NB-CZ-API_2026-08-25_segment_personal_injury_law_atlanta_perplexity,16
2026-08-25,perplexity,api,Atlanta GA,personal injury attorneys,Who is the best personal injury lawyer in Atlanta for a car accident case?,https://www.expertise.com/legal/car-accident-lawyers/georgia/atlanta,expertise.com,sources_cited,NB-CZ-API_2026-08-25_segment_personal_injury_law_atlanta_perplexity,17
2026-08-25,perplexity,api,Atlanta GA,personal injury attorneys,Who is the best personal injury lawyer in Atlanta for a car accident case?,https://bencrump.com/areas-we-serve/atlanta-ga/car-accident-lawyer/,bencrump.com,sources_cited,NB-CZ-API_2026-08-25_segment_personal_injury_law_atlanta_perplexity,18
2026-08-25,perplexity,api,Atlanta GA,personal injury attorneys,Who is the best personal injury lawyer in Atlanta for a car accident case?,https://www.warforyou.com/locations/georgia/atlanta/,warforyou.com,sources_cited,NB-CZ-API_2026-08-25_segment_personal_injury_law_atlanta_perplexity,19
2026-08-25,perplexity,api,Atlanta GA,personal injury attorneys,Who is the best personal injury lawyer in Atlanta for a car accident case?,https://www.simoninjurylawyers.com/car-accident-attorney-atlanta/,simoninjurylawyers.com,sources_cited,NB-CZ-API_2026-08-25_segment_personal_injury_law_atlanta_perplexity,20
2026-08-25,perplexity,api,Atlanta GA,personal injury attorneys,Who is the best personal injury lawyer in Atlanta for a car accident case?,https://attorneys.superlawyers.com/motor-vehicle-accidents/georgia/atlanta/,attorneys.superlawyers.com,sources_cited,NB-CZ-API_2026-08-25_segment_personal_injury_law_atlanta_perplexity_r2,1
2026-08-25,perplexity,api,Atlanta GA,personal injury attorneys,Who is the best personal injury lawyer in Atlanta for a car accident case?,https://www.justia.com/lawyers/personal-injury/georgia/atlanta,justia.com,sources_cited,NB-CZ-API_2026-08-25_segment_personal_injury_law_atlanta_perplexity_r2,2
2026-08-25,perplexity,api,Atlanta GA,personal injury attorneys,Who is the best personal injury lawyer in Atlanta for a car accident case?,https://www.tobininjurylaw.com/,tobininjurylaw.com,sources_cited,NB-CZ-API_2026-08-25_segment_personal_injury_law_atlanta_perplexity_r2,3
2026-08-25,perplexity,api,Atlanta GA,personal injury attorneys,Who is the best personal injury lawyer in Atlanta for a car accident case?,https://www.goldsteinhayeslaw.com/,goldsteinhayeslaw.com,sources_cited,NB-CZ-API_2026-08-25_segment_personal_injury_law_atlanta_perplexity_r2,4
2026-08-25,perplexity,api,Atlanta GA,personal injury attorneys,Who is the best personal injury lawyer in Atlanta for a car accident case?,https://smstrial.com/top-10-best-car-accident-lawyers-in-atlanta-ga-2025/,smstrial.com,sources_cited,NB-CZ-API_2026-08-25_segment_personal_injury_law_atlanta_perplexity_r2,5
2026-08-25,perplexity,api,Atlanta GA,personal injury attorneys,Who is the best personal injury lawyer in Atlanta for a car accident case?,https://www.lawyers.com/personal-injury/atlanta/georgia/law-firms/,lawyers.com,sources_cited,NB-CZ-API_2026-08-25_segment_personal_injury_law_atlanta_perplexity_r2,6
2026-08-25,perplexity,api,Atlanta GA,personal injury attorneys,Who is the best personal injury lawyer in Atlanta for a car accident case?,https://topdoglaw.com/locations/atlanta-ga/car-accident-lawyer,topdoglaw.com,sources_cited,NB-CZ-API_2026-08-25_segment_personal_injury_law_atlanta_perplexity_r2,7
2026-08-25,perplexity,api,Atlanta GA,personal injury attorneys,Who is the best personal injury lawyer in Atlanta for a car accident case?,https://georgiainjurylawyer.com/,georgiainjurylawyer.com,sources_cited,NB-CZ-API_2026-08-25_segment_personal_injury_law_atlanta_perplexity_r2,8
2026-08-25,perplexity,api,Atlanta GA,personal injury attorneys,Who is the best personal injury lawyer in Atlanta for a car accident case?,https://www.garymartinhays.com/,garymartinhays.com,sources_cited,NB-CZ-API_2026-08-25_segment_personal_injury_law_atlanta_perplexity_r2,9
2026-08-25,perplexity,api,Atlanta GA,personal injury attorneys,Who is the best personal injury lawyer in Atlanta for a car accident case?,https://attorneyatlawmagazine.com/best-attorneys/car-accident/georgia/atlanta-attorney,attorneyatlawmagazine.com,sources_cited,NB-CZ-API_2026-08-25_segment_personal_injury_law_atlanta_perplexity_r2,10
2026-08-25,perplexity,api,Atlanta GA,personal injury attorneys,Who is the best personal injury lawyer in Atlanta for a car accident case?,https://www.johnfoy.com/areas-we-serve/atlanta-ga/car-accident-lawyer/,johnfoy.com,sources_cited,NB-CZ-API_2026-08-25_segment_personal_injury_law_atlanta_perplexity_r2,11
2026-08-25,perplexity,api,Atlanta GA,personal injury attorneys,Who is the best personal injury lawyer in Atlanta for a car accident case?,https://attorneys.superlawyers.com/personal-injury-plaintiff/georgia/atlanta/,attorneys.superlawyers.com,sources_cited,NB-CZ-API_2026-08-25_segment_personal_injury_law_atlanta_perplexity_r2,12
2026-08-25,perplexity,api,Atlanta GA,personal injury attorneys,Who is the best personal injury lawyer in Atlanta for a car accident case?,https://www.avvo.com/personal-injury-lawyer/ga/atlanta.html,avvo.com,sources_cited,NB-CZ-API_2026-08-25_segment_personal_injury_law_atlanta_perplexity_r2,13
2026-08-25,perplexity,api,Atlanta GA,personal injury attorneys,Who is the best personal injury lawyer in Atlanta for a car accident case?,https://hammerslawfirm.com/,hammerslawfirm.com,sources_cited,NB-CZ-API_2026-08-25_segment_personal_injury_law_atlanta_perplexity_r2,14
2026-08-25,perplexity,api,Atlanta GA,personal injury attorneys,Who is the best personal injury lawyer in Atlanta for a car accident case?,https://www.johnfoy.com/,johnfoy.com,sources_cited,NB-CZ-API_2026-08-25_segment_personal_injury_law_atlanta_perplexity_r2,15
2026-08-25,perplexity,api,Atlanta GA,personal injury attorneys,Who is the best personal injury lawyer in Atlanta for a car accident case?,https://www.expertise.com/legal/car-accident-lawyers/georgia/atlanta,expertise.com,sources_cited,NB-CZ-API_2026-08-25_segment_personal_injury_law_atlanta_perplexity_r2,16
2026-08-25,perplexity,api,Atlanta GA,personal injury attorneys,Who is the best personal injury lawyer in Atlanta for a car accident case?,https://www.montlick.com/areas-we-serve/atlanta-ga/car-accident-lawyers/,montlick.com,sources_cited,NB-CZ-API_2026-08-25_segment_personal_injury_law_atlanta_perplexity_r2,17
2026-08-25,perplexity,api,Atlanta GA,personal injury attorneys,Who is the best personal injury lawyer in Atlanta for a car accident case?,https://bencrump.com/areas-we-serve/atlanta-ga/car-accident-lawyer/,bencrump.com,sources_cited,NB-CZ-API_2026-08-25_segment_personal_injury_law_atlanta_perplexity_r2,18
2026-08-25,perplexity,api,Atlanta GA,personal injury attorneys,Who is the best personal injury lawyer in Atlanta for a car accident case?,https://www.warforyou.com/locations/georgia/atlanta/,warforyou.com,sources_cited,NB-CZ-API_2026-08-25_segment_personal_injury_law_atlanta_perplexity_r2,19
2026-08-25,perplexity,api,Atlanta GA,personal injury attorneys,Who is the best personal injury lawyer in Atlanta for a car accident case?,https://www.simoninjurylawyers.com/car-accident-attorney-atlanta/,simoninjurylawyers.com,sources_cited,NB-CZ-API_2026-08-25_segment_personal_injury_law_atlanta_perplexity_r2,20
2026-08-25,perplexity,api,Chicago IL,personal injury attorneys,Who is the best personal injury attorney in Chicago for a car accident claim?,https://www.salvilaw.com/,salvilaw.com,sources_cited,NB-CZ-API_2026-08-25_segment_personal_injury_law_chicago_perplexity,1
2026-08-25,perplexity,api,Chicago IL,personal injury attorneys,Who is the best personal injury attorney in Chicago for a car accident claim?,https://www.ontoplist.com/car-accident-lawyers/il/chicago/,ontoplist.com,sources_cited,NB-CZ-API_2026-08-25_segment_personal_injury_law_chicago_perplexity,2
2026-08-25,perplexity,api,Chicago IL,personal injury attorneys,Who is the best personal injury attorney in Chicago for a car accident claim?,https://attorneys.superlawyers.com/personal-injury-plaintiff/illinois/chicago/,attorneys.superlawyers.com,sources_cited,NB-CZ-API_2026-08-25_segment_personal_injury_law_chicago_perplexity,3
2026-08-25,perplexity,api,Chicago IL,personal injury attorneys,Who is the best personal injury attorney in Chicago for a car accident claim?,https://www.malmanlaw.com/,malmanlaw.com,sources_cited,NB-CZ-API_2026-08-25_segment_personal_injury_law_chicago_perplexity,4
2026-08-25,perplexity,api,Chicago IL,personal injury attorneys,Who is the best personal injury attorney in Chicago for a car accident claim?,https://www.dispartilaw.com/chicago-car-accident-lawyer/,dispartilaw.com,sources_cited,NB-CZ-API_2026-08-25_segment_personal_injury_law_chicago_perplexity,5
2026-08-25,perplexity,api,Chicago IL,personal injury attorneys,Who is the best personal injury attorney in Chicago for a car accident claim?,https://www.briskmanandbriskman.com/,briskmanandbriskman.com,sources_cited,NB-CZ-API_2026-08-25_segment_personal_injury_law_chicago_perplexity,6
2026-08-25,perplexity,api,Chicago IL,personal injury attorneys,Who is the best personal injury attorney in Chicago for a car accident claim?,https://attorneys.superlawyers.com/motor-vehicle-accidents/illinois/chicago/,attorneys.superlawyers.com,sources_cited,NB-CZ-API_2026-08-25_segment_personal_injury_law_chicago_perplexity,7
2026-08-25,perplexity,api,Chicago IL,personal injury attorneys,Who is the best personal injury attorney in Chicago for a car accident claim?,https://www.walnerlaw.com/,walnerlaw.com,sources_cited,NB-CZ-API_2026-08-25_segment_personal_injury_law_chicago_perplexity,8
2026-08-25,perplexity,api,Chicago IL,personal injury attorneys,Who is the best personal injury attorney in Chicago for a car accident claim?,https://attorneyatlawmagazine.com/best-attorneys/car-accident/illinois/chicago-attorney,attorneyatlawmagazine.com,sources_cited,NB-CZ-API_2026-08-25_segment_personal_injury_law_chicago_perplexity,9
2026-08-25,perplexity,api,Chicago IL,personal injury attorneys,Who is the best personal injury attorney in Chicago for a car accident claim?,https://www.malmanlaw.com/malman-law-injury-blog/the-best-personal-injury-lawyers-in-chicago-in-2025/,malmanlaw.com,sources_cited,NB-CZ-API_2026-08-25_segment_personal_injury_law_chicago_perplexity,10
2026-08-25,perplexity,api,Chicago IL,personal injury attorneys,Who is the best personal injury attorney in Chicago for a car accident claim?,https://www.malmanlaw.com/the-best-personal-injury-lawyers-in-chicago-in-2025/,malmanlaw.com,sources_cited,NB-CZ-API_2026-08-25_segment_personal_injury_law_chicago_perplexity,11
2026-08-25,perplexity,api,Chicago IL,personal injury attorneys,Who is the best personal injury attorney in Chicago for a car accident claim?,https://www.lawyers.com/personal-injury/chicago/illinois/law-firms/,lawyers.com,sources_cited,NB-CZ-API_2026-08-25_segment_personal_injury_law_chicago_perplexity,12
2026-08-25,perplexity,api,Chicago IL,personal injury attorneys,Who is the best personal injury attorney in Chicago for a car accident claim?,https://www.expertise.com/legal/car-accident-lawyers/illinois/chicago,expertise.com,sources_cited,NB-CZ-API_2026-08-25_segment_personal_injury_law_chicago_perplexity,13
2026-08-25,perplexity,api,Chicago IL,personal injury attorneys,Who is the best personal injury attorney in Chicago for a car accident claim?,https://www.horwitzlaw.com/,horwitzlaw.com,sources_cited,NB-CZ-API_2026-08-25_segment_personal_injury_law_chicago_perplexity,14
2026-08-25,perplexity,api,Chicago IL,personal injury attorneys,Who is the best personal injury attorney in Chicago for a car accident claim?,https://www.torhoermanlaw.com/best-personal-injury-lawyer-chicago/,torhoermanlaw.com,sources_cited,NB-CZ-API_2026-08-25_segment_personal_injury_law_chicago_perplexity,15
2026-08-25,perplexity,api,Chicago IL,personal injury attorneys,Who is the best personal injury attorney in Chicago for a car accident claim?,https://www.torhoermanlaw.com/best-personal-injury-lawyer-chicago/auto-accident-lawyer-chicago/,torhoermanlaw.com,sources_cited,NB-CZ-API_2026-08-25_segment_personal_injury_law_chicago_perplexity,16
2026-08-25,perplexity,api,Chicago IL,personal injury attorneys,Who is the best personal injury attorney in Chicago for a car accident claim?,https://www.justia.com/lawyers/personal-injury/illinois/chicago,justia.com,sources_cited,NB-CZ-API_2026-08-25_segment_personal_injury_law_chicago_perplexity,17
2026-08-25,perplexity,api,Chicago IL,personal injury attorneys,Who is the best personal injury attorney in Chicago for a car accident claim?,https://www.slocumblaw.com/chicago/car-accidents/,slocumblaw.com,sources_cited,NB-CZ-API_2026-08-25_segment_personal_injury_law_chicago_perplexity,18
2026-08-25,perplexity,api,Chicago IL,personal injury attorneys,Who is the best personal injury attorney in Chicago for a car accident claim?,https://lernerandrowe.com/illinois/chicago/,lernerandrowe.com,sources_cited,NB-CZ-API_2026-08-25_segment_personal_injury_law_chicago_perplexity,19
2026-08-25,perplexity,api,Chicago IL,personal injury attorneys,Who is the best personal injury attorney in Chicago for a car accident claim?,https://paulandsteve.com/chicago-car-accident-lawyer/,paulandsteve.com,sources_cited,NB-CZ-API_2026-08-25_segment_personal_injury_law_chicago_perplexity,20
2026-08-25,perplexity,api,Chicago IL,personal injury attorneys,Who is the best personal injury attorney in Chicago for a car accident claim?,https://attorneys.superlawyers.com/personal-injury-plaintiff/illinois/chicago/,attorneys.superlawyers.com,sources_cited,NB-CZ-API_2026-08-25_segment_personal_injury_law_chicago_perplexity_r2,1
2026-08-25,perplexity,api,Chicago IL,personal injury attorneys,Who is the best personal injury attorney in Chicago for a car accident claim?,https://www.salvilaw.com/,salvilaw.com,sources_cited,NB-CZ-API_2026-08-25_segment_personal_injury_law_chicago_perplexity_r2,2
2026-08-25,perplexity,api,Chicago IL,personal injury attorneys,Who is the best personal injury attorney in Chicago for a car accident claim?,https://www.ontoplist.com/car-accident-lawyers/il/chicago/,ontoplist.com,sources_cited,NB-CZ-API_2026-08-25_segment_personal_injury_law_chicago_perplexity_r2,3
2026-08-25,perplexity,api,Chicago IL,personal injury attorneys,Who is the best personal injury attorney in Chicago for a car accident claim?,https://www.malmanlaw.com/,malmanlaw.com,sources_cited,NB-CZ-API_2026-08-25_segment_personal_injury_law_chicago_perplexity_r2,4
2026-08-25,perplexity,api,Chicago IL,personal injury attorneys,Who is the best personal injury attorney in Chicago for a car accident claim?,https://www.dispartilaw.com/chicago-car-accident-lawyer/,dispartilaw.com,sources_cited,NB-CZ-API_2026-08-25_segment_personal_injury_law_chicago_perplexity_r2,5
2026-08-25,perplexity,api,Chicago IL,personal injury attorneys,Who is the best personal injury attorney in Chicago for a car accident claim?,https://www.briskmanandbriskman.com/,briskmanandbriskman.com,sources_cited,NB-CZ-API_2026-08-25_segment_personal_injury_law_chicago_perplexity_r2,6
2026-08-25,perplexity,api,Chicago IL,personal injury attorneys,Who is the best personal injury attorney in Chicago for a car accident claim?,https://attorneys.superlawyers.com/motor-vehicle-accidents/illinois/chicago/,attorneys.superlawyers.com,sources_cited,NB-CZ-API_2026-08-25_segment_personal_injury_law_chicago_perplexity_r2,7
2026-08-25,perplexity,api,Chicago IL,personal injury attorneys,Who is the best personal injury attorney in Chicago for a car accident claim?,https://attorneyatlawmagazine.com/best-attorneys/car-accident/illinois/chicago-attorney,attorneyatlawmagazine.com,sources_cited,NB-CZ-API_2026-08-25_segment_personal_injury_law_chicago_perplexity_r2,8
2026-08-25,perplexity,api,Chicago IL,personal injury attorneys,Who is the best personal injury attorney in Chicago for a car accident claim?,https://www.malmanlaw.com/malman-law-injury-blog/the-best-personal-injury-lawyers-in-chicago-in-2025/,malmanlaw.com,sources_cited,NB-CZ-API_2026-08-25_segment_personal_injury_law_chicago_perplexity_r2,9
2026-08-25,perplexity,api,Chicago IL,personal injury attorneys,Who is the best personal injury attorney in Chicago for a car accident claim?,https://www.malmanlaw.com/the-best-personal-injury-lawyers-in-chicago-in-2025/,malmanlaw.com,sources_cited,NB-CZ-API_2026-08-25_segment_personal_injury_law_chicago_perplexity_r2,10
2026-08-25,perplexity,api,Chicago IL,personal injury attorneys,Who is the best personal injury attorney in Chicago for a car accident claim?,https://www.expertise.com/legal/car-accident-lawyers/illinois/chicago,expertise.com,sources_cited,NB-CZ-API_2026-08-25_segment_personal_injury_law_chicago_perplexity_r2,11
2026-08-25,perplexity,api,Chicago IL,personal injury attorneys,Who is the best personal injury attorney in Chicago for a car accident claim?,https://lernerandrowe.com/illinois/chicago/,lernerandrowe.com,sources_cited,NB-CZ-API_2026-08-25_segment_personal_injury_law_chicago_perplexity_r2,12
2026-08-25,perplexity,api,Chicago IL,personal injury attorneys,Who is the best personal injury attorney in Chicago for a car accident claim?,https://www.torhoermanlaw.com/best-personal-injury-lawyer-chicago/,torhoermanlaw.com,sources_cited,NB-CZ-API_2026-08-25_segment_personal_injury_law_chicago_perplexity_r2,13
2026-08-25,perplexity,api,Chicago IL,personal injury attorneys,Who is the best personal injury attorney in Chicago for a car accident claim?,https://www.horwitzlaw.com/,horwitzlaw.com,sources_cited,NB-CZ-API_2026-08-25_segment_personal_injury_law_chicago_perplexity_r2,14
2026-08-25,perplexity,api,Chicago IL,personal injury attorneys,Who is the best personal injury attorney in Chicago for a car accident claim?,https://lawyers.law.cornell.edu/lawyers/personal-injury/illinois/chicago,lawyers.law.cornell.edu,sources_cited,NB-CZ-API_2026-08-25_segment_personal_injury_law_chicago_perplexity_r2,15
2026-08-25,perplexity,api,Chicago IL,personal injury attorneys,Who is the best personal injury attorney in Chicago for a car accident claim?,https://www.justia.com/lawyers/personal-injury/illinois/chicago,justia.com,sources_cited,NB-CZ-API_2026-08-25_segment_personal_injury_law_chicago_perplexity_r2,16
2026-08-25,perplexity,api,Chicago IL,personal injury attorneys,Who is the best personal injury attorney in Chicago for a car accident claim?,https://attorneys.superlawyers.com/personal-injury-defense/illinois/chicago/,attorneys.superlawyers.com,sources_cited,NB-CZ-API_2026-08-25_segment_personal_injury_law_chicago_perplexity_r2,17
2026-08-25,perplexity,api,Chicago IL,personal injury attorneys,Who is the best personal injury attorney in Chicago for a car accident claim?,https://www.slocumblaw.com/chicago/car-accidents/,slocumblaw.com,sources_cited,NB-CZ-API_2026-08-25_segment_personal_injury_law_chicago_perplexity_r2,18
2026-08-25,perplexity,api,Chicago IL,personal injury attorneys,Who is the best personal injury attorney in Chicago for a car accident claim?,https://paulandsteve.com/chicago-car-accident-lawyer/,paulandsteve.com,sources_cited,NB-CZ-API_2026-08-25_segment_personal_injury_law_chicago_perplexity_r2,19
2026-08-25,perplexity,api,Chicago IL,personal injury attorneys,Who is the best personal injury attorney in Chicago for a car accident claim?,https://www.briskmanandbriskman.com/practice-areas/chicago-car-accident-lawyer/,briskmanandbriskman.com,sources_cited,NB-CZ-API_2026-08-25_segment_personal_injury_law_chicago_perplexity_r2,20
2026-08-25,perplexity,api,Dallas TX,personal injury attorneys,Who is the best personal injury lawyer in Dallas for a truck accident case?,https://www.injuryrelief.com/best-lawyer-lists/truck-accident-lawyers-dallas/,injuryrelief.com,sources_cited,NB-CZ-API_2026-08-25_segment_personal_injury_law_dallas_perplexity,1
2026-08-25,perplexity,api,Dallas TX,personal injury attorneys,Who is the best personal injury lawyer in Dallas for a truck accident case?,https://www.ontoplist.com/truck-accident-lawyers/tx/dallas/,ontoplist.com,sources_cited,NB-CZ-API_2026-08-25_segment_personal_injury_law_dallas_perplexity,2
2026-08-25,perplexity,api,Dallas TX,personal injury attorneys,Who is the best personal injury lawyer in Dallas for a truck accident case?,https://www.montgomeryfirm.com/,montgomeryfirm.com,sources_cited,NB-CZ-API_2026-08-25_segment_personal_injury_law_dallas_perplexity,3
2026-08-25,perplexity,api,Dallas TX,personal injury attorneys,Who is the best personal injury lawyer in Dallas for a truck accident case?,https://www.lawyers.com/trucking-accidents/dallas/texas/law-firms/,lawyers.com,sources_cited,NB-CZ-API_2026-08-25_segment_personal_injury_law_dallas_perplexity,4
2026-08-25,perplexity,api,Dallas TX,personal injury attorneys,Who is the best personal injury lawyer in Dallas for a truck accident case?,https://flbranson.com/,flbranson.com,sources_cited,NB-CZ-API_2026-08-25_segment_personal_injury_law_dallas_perplexity,5
2026-08-25,perplexity,api,Dallas TX,personal injury attorneys,Who is the best personal injury lawyer in Dallas for a truck accident case?,https://www.ontoplist.com/personal-injury-lawyers/tx/dallas/,ontoplist.com,sources_cited,NB-CZ-API_2026-08-25_segment_personal_injury_law_dallas_perplexity,6
2026-08-25,perplexity,api,Dallas TX,personal injury attorneys,Who is the best personal injury lawyer in Dallas for a truck accident case?,https://www.texaslegalgroup.com/dallas-personal-injury-lawyer/truck-accidents/fatal-truck-accidents/,texaslegalgroup.com,sources_cited,NB-CZ-API_2026-08-25_segment_personal_injury_law_dallas_perplexity,7
2026-08-25,perplexity,api,Dallas TX,personal injury attorneys,Who is the best personal injury lawyer in Dallas for a truck accident case?,https://www.justia.com/lawyers/personal-injury/texas/dallas,justia.com,sources_cited,NB-CZ-API_2026-08-25_segment_personal_injury_law_dallas_perplexity,8
2026-08-25,perplexity,api,Dallas TX,personal injury attorneys,Who is the best personal injury lawyer in Dallas for a truck accident case?,https://www.lyons-simmons.com/personal-injury/motor-vehicle-accidents/truck-wrecks/,lyons-simmons.com,sources_cited,NB-CZ-API_2026-08-25_segment_personal_injury_law_dallas_perplexity,9
2026-08-25,perplexity,api,Dallas TX,personal injury attorneys,Who is the best personal injury lawyer in Dallas for a truck accident case?,https://attorneys.superlawyers.com/trucking-accidents/texas/dallas/,attorneys.superlawyers.com,sources_cited,NB-CZ-API_2026-08-25_segment_personal_injury_law_dallas_perplexity,10
2026-08-25,perplexity,api,Dallas TX,personal injury attorneys,Who is the best personal injury lawyer in Dallas for a truck accident case?,https://www.mullenandmullen.com/,mullenandmullen.com,sources_cited,NB-CZ-API_2026-08-25_segment_personal_injury_law_dallas_perplexity,11
2026-08-25,perplexity,api,Dallas TX,personal injury attorneys,Who is the best personal injury lawyer in Dallas for a truck accident case?,https://www.mullenandmullen.com/personal-injury-lawyer/car-accident/commercial-truck/,mullenandmullen.com,sources_cited,NB-CZ-API_2026-08-25_segment_personal_injury_law_dallas_perplexity,12
2026-08-25,perplexity,api,Dallas TX,personal injury attorneys,Who is the best personal injury lawyer in Dallas for a truck accident case?,https://1800lionlaw.com/dallas-truck-accident-lawyers/,1800lionlaw.com,sources_cited,NB-CZ-API_2026-08-25_segment_personal_injury_law_dallas_perplexity,13
2026-08-25,perplexity,api,Dallas TX,personal injury attorneys,Who is the best personal injury lawyer in Dallas for a truck accident case?,https://www.dfwinjurylawyer.com/,dfwinjurylawyer.com,sources_cited,NB-CZ-API_2026-08-25_segment_personal_injury_law_dallas_perplexity,14
2026-08-25,perplexity,api,Dallas TX,personal injury attorneys,Who is the best personal injury lawyer in Dallas for a truck accident case?,https://attorneyatlawmagazine.com/best-attorneys/truck-accident/texas/dallas-attorney,attorneyatlawmagazine.com,sources_cited,NB-CZ-API_2026-08-25_segment_personal_injury_law_dallas_perplexity,15
2026-08-25,perplexity,api,Dallas TX,personal injury attorneys,Who is the best personal injury lawyer in Dallas for a truck accident case?,https://www.reyeslaw.com/,reyeslaw.com,sources_cited,NB-CZ-API_2026-08-25_segment_personal_injury_law_dallas_perplexity,16
2026-08-25,perplexity,api,Dallas TX,personal injury attorneys,Who is the best personal injury lawyer in Dallas for a truck accident case?,https://shamiehlaw.com/dallas/truck-accident-lawyer/,shamiehlaw.com,sources_cited,NB-CZ-API_2026-08-25_segment_personal_injury_law_dallas_perplexity,17
2026-08-25,perplexity,api,Dallas TX,personal injury attorneys,Who is the best personal injury lawyer in Dallas for a truck accident case?,https://www.herrmanandherrman.com/texas-personal-injury-firm/dallas/,herrmanandherrman.com,sources_cited,NB-CZ-API_2026-08-25_segment_personal_injury_law_dallas_perplexity,18
2026-08-25,perplexity,api,Dallas TX,personal injury attorneys,Who is the best personal injury lawyer in Dallas for a truck accident case?,https://thomasjhenrylaw.com/locations/dallas/truck-accident-lawyers/,thomasjhenrylaw.com,sources_cited,NB-CZ-API_2026-08-25_segment_personal_injury_law_dallas_perplexity,19
2026-08-25,perplexity,api,Dallas TX,personal injury attorneys,Who is the best personal injury lawyer in Dallas for a truck accident case?,https://www.zehllaw.com/dallas-truck-18-wheeler-accident-lawyers/,zehllaw.com,sources_cited,NB-CZ-API_2026-08-25_segment_personal_injury_law_dallas_perplexity,20
2026-08-25,perplexity,api,Dallas TX,personal injury attorneys,Who is the best personal injury lawyer in Dallas for a truck accident case?,https://www.injuryrelief.com/best-lawyer-lists/truck-accident-lawyers-dallas/,injuryrelief.com,sources_cited,NB-CZ-API_2026-08-25_segment_personal_injury_law_dallas_perplexity_r2,1
2026-08-25,perplexity,api,Dallas TX,personal injury attorneys,Who is the best personal injury lawyer in Dallas for a truck accident case?,https://www.ontoplist.com/truck-accident-lawyers/tx/dallas/,ontoplist.com,sources_cited,NB-CZ-API_2026-08-25_segment_personal_injury_law_dallas_perplexity_r2,2
2026-08-25,perplexity,api,Dallas TX,personal injury attorneys,Who is the best personal injury lawyer in Dallas for a truck accident case?,https://www.montgomeryfirm.com/,montgomeryfirm.com,sources_cited,NB-CZ-API_2026-08-25_segment_personal_injury_law_dallas_perplexity_r2,3
2026-08-25,perplexity,api,Dallas TX,personal injury attorneys,Who is the best personal injury lawyer in Dallas for a truck accident case?,https://www.lawyers.com/trucking-accidents/dallas/texas/law-firms/,lawyers.com,sources_cited,NB-CZ-API_2026-08-25_segment_personal_injury_law_dallas_perplexity_r2,4
2026-08-25,perplexity,api,Dallas TX,personal injury attorneys,Who is the best personal injury lawyer in Dallas for a truck accident case?,https://www.texaslegalgroup.com/dallas-personal-injury-lawyer/truck-accidents/fatal-truck-accidents/,texaslegalgroup.com,sources_cited,NB-CZ-API_2026-08-25_segment_personal_injury_law_dallas_perplexity_r2,5
2026-08-25,perplexity,api,Dallas TX,personal injury attorneys,Who is the best personal injury lawyer in Dallas for a truck accident case?,https://flbranson.com/,flbranson.com,sources_cited,NB-CZ-API_2026-08-25_segment_personal_injury_law_dallas_perplexity_r2,6
2026-08-25,perplexity,api,Dallas TX,personal injury attorneys,Who is the best personal injury lawyer in Dallas for a truck accident case?,https://www.ontoplist.com/personal-injury-lawyers/tx/dallas/,ontoplist.com,sources_cited,NB-CZ-API_2026-08-25_segment_personal_injury_law_dallas_perplexity_r2,7
2026-08-25,perplexity,api,Dallas TX,personal injury attorneys,Who is the best personal injury lawyer in Dallas for a truck accident case?,https://www.lyons-simmons.com/personal-injury/motor-vehicle-accidents/truck-wrecks/,lyons-simmons.com,sources_cited,NB-CZ-API_2026-08-25_segment_personal_injury_law_dallas_perplexity_r2,8
2026-08-25,perplexity,api,Dallas TX,personal injury attorneys,Who is the best personal injury lawyer in Dallas for a truck accident case?,https://www.mullenandmullen.com/,mullenandmullen.com,sources_cited,NB-CZ-API_2026-08-25_segment_personal_injury_law_dallas_perplexity_r2,9
2026-08-25,perplexity,api,Dallas TX,personal injury attorneys,Who is the best personal injury lawyer in Dallas for a truck accident case?,https://www.justia.com/lawyers/personal-injury/texas/dallas,justia.com,sources_cited,NB-CZ-API_2026-08-25_segment_personal_injury_law_dallas_perplexity_r2,10
2026-08-25,perplexity,api,Dallas TX,personal injury attorneys,Who is the best personal injury lawyer in Dallas for a truck accident case?,https://attorneys.superlawyers.com/trucking-accidents/texas/dallas/,attorneys.superlawyers.com,sources_cited,NB-CZ-API_2026-08-25_segment_personal_injury_law_dallas_perplexity_r2,11
2026-08-25,perplexity,api,Dallas TX,personal injury attorneys,Who is the best personal injury lawyer in Dallas for a truck accident case?,https://1800lionlaw.com/dallas-truck-accident-lawyers/,1800lionlaw.com,sources_cited,NB-CZ-API_2026-08-25_segment_personal_injury_law_dallas_perplexity_r2,12
2026-08-25,perplexity,api,Dallas TX,personal injury attorneys,Who is the best personal injury lawyer in Dallas for a truck accident case?,https://www.dfwinjurylawyer.com/,dfwinjurylawyer.com,sources_cited,NB-CZ-API_2026-08-25_segment_personal_injury_law_dallas_perplexity_r2,13
2026-08-25,perplexity,api,Dallas TX,personal injury attorneys,Who is the best personal injury lawyer in Dallas for a truck accident case?,https://attorneyatlawmagazine.com/best-attorneys/truck-accident/texas/dallas-attorney,attorneyatlawmagazine.com,sources_cited,NB-CZ-API_2026-08-25_segment_personal_injury_law_dallas_perplexity_r2,14
2026-08-25,perplexity,api,Dallas TX,personal injury attorneys,Who is the best personal injury lawyer in Dallas for a truck accident case?,https://www.mullenandmullen.com/personal-injury-lawyer/car-accident/commercial-truck/,mullenandmullen.com,sources_cited,NB-CZ-API_2026-08-25_segment_personal_injury_law_dallas_perplexity_r2,15
2026-08-25,perplexity,api,Dallas TX,personal injury attorneys,Who is the best personal injury lawyer in Dallas for a truck accident case?,https://www.winocourlaw.com/practice-areas/dallas-truck-accident-lawyer/,winocourlaw.com,sources_cited,NB-CZ-API_2026-08-25_segment_personal_injury_law_dallas_perplexity_r2,16
2026-08-25,perplexity,api,Dallas TX,personal injury attorneys,Who is the best personal injury lawyer in Dallas for a truck accident case?,https://www.reyeslaw.com/,reyeslaw.com,sources_cited,NB-CZ-API_2026-08-25_segment_personal_injury_law_dallas_perplexity_r2,17
2026-08-25,perplexity,api,Dallas TX,personal injury attorneys,Who is the best personal injury lawyer in Dallas for a truck accident case?,https://shamiehlaw.com/dallas/truck-accident-lawyer/,shamiehlaw.com,sources_cited,NB-CZ-API_2026-08-25_segment_personal_injury_law_dallas_perplexity_r2,18
2026-08-25,perplexity,api,Dallas TX,personal injury attorneys,Who is the best personal injury lawyer in Dallas for a truck accident case?,https://www.herrmanandherrman.com/texas-personal-injury-firm/dallas/,herrmanandherrman.com,sources_cited,NB-CZ-API_2026-08-25_segment_personal_injury_law_dallas_perplexity_r2,19
2026-08-25,perplexity,api,Dallas TX,personal injury attorneys,Who is the best personal injury lawyer in Dallas for a truck accident case?,https://www.zehllaw.com/dallas-truck-18-wheeler-accident-lawyers/,zehllaw.com,sources_cited,NB-CZ-API_2026-08-25_segment_personal_injury_law_dallas_perplexity_r2,20
2026-08-25,perplexity,api,Houston TX,personal injury attorneys,Who is the best personal injury lawyer in Houston for a car wreck?,https://www.smithandhassler.com/,smithandhassler.com,sources_cited,NB-CZ-API_2026-08-25_segment_personal_injury_law_houston_perplexity,1
2026-08-25,perplexity,api,Houston TX,personal injury attorneys,Who is the best personal injury lawyer in Houston for a car wreck?,https://onpattison.com/news/2026/apr/23/5-best-car-accident-attorneys-in-houston-texas/,onpattison.com,sources_cited,NB-CZ-API_2026-08-25_segment_personal_injury_law_houston_perplexity,2
2026-08-25,perplexity,api,Houston TX,personal injury attorneys,Who is the best personal injury lawyer in Houston for a car wreck?,https://www.injuryrelief.com/best-lawyer-lists/car-accident-lawyers-houston/,injuryrelief.com,sources_cited,NB-CZ-API_2026-08-25_segment_personal_injury_law_houston_perplexity,3
2026-08-25,perplexity,api,Houston TX,personal injury attorneys,Who is the best personal injury lawyer in Houston for a car wreck?,https://attorneys.superlawyers.com/motor-vehicle-accidents/texas/houston/,attorneys.superlawyers.com,sources_cited,NB-CZ-API_2026-08-25_segment_personal_injury_law_houston_perplexity,4
2026-08-25,perplexity,api,Houston TX,personal injury attorneys,Who is the best personal injury lawyer in Houston for a car wreck?,https://www.terrybryant.com/,terrybryant.com,sources_cited,NB-CZ-API_2026-08-25_segment_personal_injury_law_houston_perplexity,5
2026-08-25,perplexity,api,Houston TX,personal injury attorneys,Who is the best personal injury lawyer in Houston for a car wreck?,https://www.chron.com/best/map/best-personal-injury-lawyers-houston/,chron.com,sources_cited,NB-CZ-API_2026-08-25_segment_personal_injury_law_houston_perplexity,6
2026-08-25,perplexity,api,Houston TX,personal injury attorneys,Who is the best personal injury lawyer in Houston for a car wreck?,https://perdueandkidd.com/,perdueandkidd.com,sources_cited,NB-CZ-API_2026-08-25_segment_personal_injury_law_houston_perplexity,7
2026-08-25,perplexity,api,Houston TX,personal injury attorneys,Who is the best personal injury lawyer in Houston for a car wreck?,https://americanspcc.org/10-of-the-best-houston-car-accident-lawyers-you-should-know-about/,americanspcc.org,sources_cited,NB-CZ-API_2026-08-25_segment_personal_injury_law_houston_perplexity,8
2026-08-25,perplexity,api,Houston TX,personal injury attorneys,Who is the best personal injury lawyer in Houston for a car wreck?,https://www.houstoncaraccidentlawyers.org/top-10-houston-personal-injury-lawyers/,houstoncaraccidentlawyers.org,sources_cited,NB-CZ-API_2026-08-25_segment_personal_injury_law_houston_perplexity,9
2026-08-25,perplexity,api,Houston TX,personal injury attorneys,Who is the best personal injury lawyer in Houston for a car wreck?,https://www.zehllaw.com/,zehllaw.com,sources_cited,NB-CZ-API_2026-08-25_segment_personal_injury_law_houston_perplexity,10
2026-08-25,perplexity,api,Houston TX,personal injury attorneys,Who is the best personal injury lawyer in Houston for a car wreck?,https://www.johnsongarcialaw.com/,johnsongarcialaw.com,sources_cited,NB-CZ-API_2026-08-25_segment_personal_injury_law_houston_perplexity,11
2026-08-25,perplexity,api,Houston TX,personal injury attorneys,Who is the best personal injury lawyer in Houston for a car wreck?,https://www.ontoplist.com/personal-injury-lawyers/tx/houston/,ontoplist.com,sources_cited,NB-CZ-API_2026-08-25_segment_personal_injury_law_houston_perplexity,12
2026-08-25,perplexity,api,Houston TX,personal injury attorneys,Who is the best personal injury lawyer in Houston for a car wreck?,https://attorneyatlawmagazine.com/best-attorneys/car-accident/texas/houston-attorney,attorneyatlawmagazine.com,sources_cited,NB-CZ-API_2026-08-25_segment_personal_injury_law_houston_perplexity,13
2026-08-25,perplexity,api,Houston TX,personal injury attorneys,Who is the best personal injury lawyer in Houston for a car wreck?,https://www.justia.com/lawyers/personal-injury/texas/houston,justia.com,sources_cited,NB-CZ-API_2026-08-25_segment_personal_injury_law_houston_perplexity,14
2026-08-25,perplexity,api,Houston TX,personal injury attorneys,Who is the best personal injury lawyer in Houston for a car wreck?,https://zaidlaw.com/,zaidlaw.com,sources_cited,NB-CZ-API_2026-08-25_segment_personal_injury_law_houston_perplexity,15
2026-08-25,perplexity,api,Houston TX,personal injury attorneys,Who is the best personal injury lawyer in Houston for a car wreck?,https://amarolawfirm.com/,amarolawfirm.com,sources_cited,NB-CZ-API_2026-08-25_segment_personal_injury_law_houston_perplexity,16
2026-08-25,perplexity,api,Houston TX,personal injury attorneys,Who is the best personal injury lawyer in Houston for a car wreck?,https://www.thehadilawfirm.com/,thehadilawfirm.com,sources_cited,NB-CZ-API_2026-08-25_segment_personal_injury_law_houston_perplexity,17
2026-08-25,perplexity,api,Houston TX,personal injury attorneys,Who is the best personal injury lawyer in Houston for a car wreck?,https://www.attorneyomar.com/,attorneyomar.com,sources_cited,NB-CZ-API_2026-08-25_segment_personal_injury_law_houston_perplexity,18
2026-08-25,perplexity,api,Houston TX,personal injury attorneys,Who is the best personal injury lawyer in Houston for a car wreck?,https://attorneys.superlawyers.com/personal-injury-plaintiff/texas/houston/,attorneys.superlawyers.com,sources_cited,NB-CZ-API_2026-08-25_segment_personal_injury_law_houston_perplexity,19
2026-08-25,perplexity,api,Houston TX,personal injury attorneys,Who is the best personal injury lawyer in Houston for a car wreck?,https://www.sutliffstout.com/,sutliffstout.com,sources_cited,NB-CZ-API_2026-08-25_segment_personal_injury_law_houston_perplexity,20
2026-08-25,perplexity,api,Houston TX,personal injury attorneys,Who is the best personal injury lawyer in Houston for a car wreck?,https://www.smithandhassler.com/,smithandhassler.com,sources_cited,NB-CZ-API_2026-08-25_segment_personal_injury_law_houston_perplexity_r2,1
2026-08-25,perplexity,api,Houston TX,personal injury attorneys,Who is the best personal injury lawyer in Houston for a car wreck?,https://www.terrybryant.com/,terrybryant.com,sources_cited,NB-CZ-API_2026-08-25_segment_personal_injury_law_houston_perplexity_r2,2
2026-08-25,perplexity,api,Houston TX,personal injury attorneys,Who is the best personal injury lawyer in Houston for a car wreck?,https://onpattison.com/news/2026/apr/23/5-best-car-accident-attorneys-in-houston-texas/,onpattison.com,sources_cited,NB-CZ-API_2026-08-25_segment_personal_injury_law_houston_perplexity_r2,3
2026-08-25,perplexity,api,Houston TX,personal injury attorneys,Who is the best personal injury lawyer in Houston for a car wreck?,https://www.injuryrelief.com/best-lawyer-lists/car-accident-lawyers-houston/,injuryrelief.com,sources_cited,NB-CZ-API_2026-08-25_segment_personal_injury_law_houston_perplexity_r2,4
2026-08-25,perplexity,api,Houston TX,personal injury attorneys,Who is the best personal injury lawyer in Houston for a car wreck?,https://attorneys.superlawyers.com/motor-vehicle-accidents/texas/houston/,attorneys.superlawyers.com,sources_cited,NB-CZ-API_2026-08-25_segment_personal_injury_law_houston_perplexity_r2,5
2026-08-25,perplexity,api,Houston TX,personal injury attorneys,Who is the best personal injury lawyer in Houston for a car wreck?,https://www.chron.com/best/map/best-personal-injury-lawyers-houston/,chron.com,sources_cited,NB-CZ-API_2026-08-25_segment_personal_injury_law_houston_perplexity_r2,6
2026-08-25,perplexity,api,Houston TX,personal injury attorneys,Who is the best personal injury lawyer in Houston for a car wreck?,https://americanspcc.org/10-of-the-best-houston-car-accident-lawyers-you-should-know-about/,americanspcc.org,sources_cited,NB-CZ-API_2026-08-25_segment_personal_injury_law_houston_perplexity_r2,7
2026-08-25,perplexity,api,Houston TX,personal injury attorneys,Who is the best personal injury lawyer in Houston for a car wreck?,https://www.houstoncaraccidentlawyers.org/top-10-houston-personal-injury-lawyers/,houstoncaraccidentlawyers.org,sources_cited,NB-CZ-API_2026-08-25_segment_personal_injury_law_houston_perplexity_r2,8
2026-08-25,perplexity,api,Houston TX,personal injury attorneys,Who is the best personal injury lawyer in Houston for a car wreck?,https://www.zehllaw.com/,zehllaw.com,sources_cited,NB-CZ-API_2026-08-25_segment_personal_injury_law_houston_perplexity_r2,9
2026-08-25,perplexity,api,Houston TX,personal injury attorneys,Who is the best personal injury lawyer in Houston for a car wreck?,https://www.johnsongarcialaw.com/,johnsongarcialaw.com,sources_cited,NB-CZ-API_2026-08-25_segment_personal_injury_law_houston_perplexity_r2,10
2026-08-25,perplexity,api,Houston TX,personal injury attorneys,Who is the best personal injury lawyer in Houston for a car wreck?,https://www.simmonsandfletcher.com/car-accident-lawyer/,simmonsandfletcher.com,sources_cited,NB-CZ-API_2026-08-25_segment_personal_injury_law_houston_perplexity_r2,11
2026-08-25,perplexity,api,Houston TX,personal injury attorneys,Who is the best personal injury lawyer in Houston for a car wreck?,https://www.ontoplist.com/personal-injury-lawyers/tx/houston/,ontoplist.com,sources_cited,NB-CZ-API_2026-08-25_segment_personal_injury_law_houston_perplexity_r2,12
2026-08-25,perplexity,api,Houston TX,personal injury attorneys,Who is the best personal injury lawyer in Houston for a car wreck?,https://attorneyatlawmagazine.com/best-attorneys/car-accident/texas/houston-attorney,attorneyatlawmagazine.com,sources_cited,NB-CZ-API_2026-08-25_segment_personal_injury_law_houston_perplexity_r2,13
2026-08-25,perplexity,api,Houston TX,personal injury attorneys,Who is the best personal injury lawyer in Houston for a car wreck?,https://perdueandkidd.com/,perdueandkidd.com,sources_cited,NB-CZ-API_2026-08-25_segment_personal_injury_law_houston_perplexity_r2,14
2026-08-25,perplexity,api,Houston TX,personal injury attorneys,Who is the best personal injury lawyer in Houston for a car wreck?,https://attorneybrianwhite.com/,attorneybrianwhite.com,sources_cited,NB-CZ-API_2026-08-25_segment_personal_injury_law_houston_perplexity_r2,15
2026-08-25,perplexity,api,Houston TX,personal injury attorneys,Who is the best personal injury lawyer in Houston for a car wreck?,https://zaidlaw.com/,zaidlaw.com,sources_cited,NB-CZ-API_2026-08-25_segment_personal_injury_law_houston_perplexity_r2,16
2026-08-25,perplexity,api,Houston TX,personal injury attorneys,Who is the best personal injury lawyer in Houston for a car wreck?,https://amarolawfirm.com/,amarolawfirm.com,sources_cited,NB-CZ-API_2026-08-25_segment_personal_injury_law_houston_perplexity_r2,17
2026-08-25,perplexity,api,Houston TX,personal injury attorneys,Who is the best personal injury lawyer in Houston for a car wreck?,https://www.sutliffstout.com/,sutliffstout.com,sources_cited,NB-CZ-API_2026-08-25_segment_personal_injury_law_houston_perplexity_r2,18
2026-08-25,perplexity,api,Houston TX,personal injury attorneys,Who is the best personal injury lawyer in Houston for a car wreck?,https://www.attorneyomar.com/,attorneyomar.com,sources_cited,NB-CZ-API_2026-08-25_segment_personal_injury_law_houston_perplexity_r2,19
2026-08-25,perplexity,api,Houston TX,personal injury attorneys,Who is the best personal injury lawyer in Houston for a car wreck?,https://attorneys.superlawyers.com/personal-injury-plaintiff/texas/houston/,attorneys.superlawyers.com,sources_cited,NB-CZ-API_2026-08-25_segment_personal_injury_law_houston_perplexity_r2,20
2026-08-25,perplexity,api,Pleasanton CA,personal injury law,Who is the best personal injury lawyer in Pleasanton California?,https://attorneys.superlawyers.com/personal-injury-plaintiff/california/pleasanton/,attorneys.superlawyers.com,sources_cited,NB-CZ-API_2026-08-25_segment_personal_injury_lawyers_pleasanton_shotland_pilot_perplexity,1
2026-08-25,perplexity,api,Pleasanton CA,personal injury law,Who is the best personal injury lawyer in Pleasanton California?,https://www.justia.com/lawyers/personal-injury/california/pleasanton,justia.com,sources_cited,NB-CZ-API_2026-08-25_segment_personal_injury_lawyers_pleasanton_shotland_pilot_perplexity,2
2026-08-25,perplexity,api,Pleasanton CA,personal injury law,Who is the best personal injury lawyer in Pleasanton California?,https://www.karnsandkarns.com/locations/pleasanton-california-personal-injury-lawyers/,karnsandkarns.com,sources_cited,NB-CZ-API_2026-08-25_segment_personal_injury_lawyers_pleasanton_shotland_pilot_perplexity,3
2026-08-25,perplexity,api,Pleasanton CA,personal injury law,Who is the best personal injury lawyer in Pleasanton California?,https://miradorlaw.com/,miradorlaw.com,sources_cited,NB-CZ-API_2026-08-25_segment_personal_injury_lawyers_pleasanton_shotland_pilot_perplexity,4
2026-08-25,perplexity,api,Pleasanton CA,personal injury law,Who is the best personal injury lawyer in Pleasanton California?,https://www.expertise.com/legal/personal-injury-lawyers/california/pleasanton,expertise.com,sources_cited,NB-CZ-API_2026-08-25_segment_personal_injury_lawyers_pleasanton_shotland_pilot_perplexity,5
2026-08-25,perplexity,api,Pleasanton CA,personal injury law,Who is the best personal injury lawyer in Pleasanton California?,https://www.fuerchlegal.com/,fuerchlegal.com,sources_cited,NB-CZ-API_2026-08-25_segment_personal_injury_lawyers_pleasanton_shotland_pilot_perplexity,6
2026-08-25,perplexity,api,Pleasanton CA,personal injury law,Who is the best personal injury lawyer in Pleasanton California?,https://www.avvo.com/personal-injury-lawyer/ca/pleasanton.html,avvo.com,sources_cited,NB-CZ-API_2026-08-25_segment_personal_injury_lawyers_pleasanton_shotland_pilot_perplexity,7
2026-08-25,perplexity,api,Pleasanton CA,personal injury law,Who is the best personal injury lawyer in Pleasanton California?,https://www.tomsokatlaw.com/,tomsokatlaw.com,sources_cited,NB-CZ-API_2026-08-25_segment_personal_injury_lawyers_pleasanton_shotland_pilot_perplexity,8
2026-08-25,perplexity,api,Pleasanton CA,personal injury law,Who is the best personal injury lawyer in Pleasanton California?,https://www.vzlawfirm.com/pleasanton/personal-injury-lawyer/,vzlawfirm.com,sources_cited,NB-CZ-API_2026-08-25_segment_personal_injury_lawyers_pleasanton_shotland_pilot_perplexity,9
2026-08-25,perplexity,api,Pleasanton CA,personal injury law,Who is the best personal injury lawyer in Pleasanton California?,https://lawyers.justia.com/lawyer/john-michael-hosterman-6093,lawyers.justia.com,sources_cited,NB-CZ-API_2026-08-25_segment_personal_injury_lawyers_pleasanton_shotland_pilot_perplexity,10
2026-08-25,perplexity,api,Pleasanton CA,personal injury law,Who is the best personal injury lawyer in Pleasanton California?,https://lawyers.findlaw.com/california/pleasanton/4746109_1/,lawyers.findlaw.com,sources_cited,NB-CZ-API_2026-08-25_segment_personal_injury_lawyers_pleasanton_shotland_pilot_perplexity,11
2026-08-25,perplexity,api,Pleasanton CA,personal injury law,Who is the best personal injury lawyer in Pleasanton California?,https://miradorlaw.com/pleasanton-personal-injury-lawyer/,miradorlaw.com,sources_cited,NB-CZ-API_2026-08-25_segment_personal_injury_lawyers_pleasanton_shotland_pilot_perplexity,12
2026-08-25,perplexity,api,Pleasanton CA,personal injury law,Who is the best personal injury lawyer in Pleasanton California?,https://geerhartlaw.com/pleasanton-personal-injury-attorney/,geerhartlaw.com,sources_cited,NB-CZ-API_2026-08-25_segment_personal_injury_lawyers_pleasanton_shotland_pilot_perplexity,13
2026-08-25,perplexity,api,Pleasanton CA,personal injury law,Who is the best personal injury lawyer in Pleasanton California?,https://lawdesai.com/pleasanton-ca-personal-injury/,lawdesai.com,sources_cited,NB-CZ-API_2026-08-25_segment_personal_injury_lawyers_pleasanton_shotland_pilot_perplexity,14
2026-08-25,perplexity,api,Pleasanton CA,personal injury law,Who is the best personal injury lawyer in Pleasanton California?,https://lawyers.justia.com/lawyer/thomas-edward-sokat-143343,lawyers.justia.com,sources_cited,NB-CZ-API_2026-08-25_segment_personal_injury_lawyers_pleasanton_shotland_pilot_perplexity,15
2026-08-25,perplexity,api,Pleasanton CA,personal injury law,Who is the best personal injury lawyer in Pleasanton California?,https://www.gjel.com/pleasanton,gjel.com,sources_cited,NB-CZ-API_2026-08-25_segment_personal_injury_lawyers_pleasanton_shotland_pilot_perplexity,16
2026-08-25,perplexity,api,Pleasanton CA,personal injury law,Who is the best personal injury lawyer in Pleasanton California?,https://www.martindale.com/personal-injury-lawyers/pleasanton/california/,martindale.com,sources_cited,NB-CZ-API_2026-08-25_segment_personal_injury_lawyers_pleasanton_shotland_pilot_perplexity,17
2026-08-25,perplexity,api,Pleasanton CA,personal injury law,Who is the best personal injury lawyer in Pleasanton California?,https://www.tomsokatlaw.com/pleasanton-personal-injury-lawyer/,tomsokatlaw.com,sources_cited,NB-CZ-API_2026-08-25_segment_personal_injury_lawyers_pleasanton_shotland_pilot_perplexity,18
2026-08-25,perplexity,api,Pleasanton CA,personal injury law,Who is the best personal injury lawyer in Pleasanton California?,https://www.bestlawyers.com/united-states/california/pleasanton,bestlawyers.com,sources_cited,NB-CZ-API_2026-08-25_segment_personal_injury_lawyers_pleasanton_shotland_pilot_perplexity,19
2026-08-25,perplexity,api,Pleasanton CA,personal injury law,Who is the best personal injury lawyer in Pleasanton California?,https://norcalattorney.com/pleasanton/,norcalattorney.com,sources_cited,NB-CZ-API_2026-08-25_segment_personal_injury_lawyers_pleasanton_shotland_pilot_perplexity,20
2026-08-25,perplexity,api,Pleasanton CA,personal injury law,I was in a car accident in Pleasanton CA. Which lawyer should I hire for my injury case?,https://attorneys.superlawyers.com/personal-injury-plaintiff/california/pleasanton/,attorneys.superlawyers.com,sources_cited,NB-CZ-API_2026-08-25_segment_pi_car_accident_intake_pleasanton_shotland_pilot_perplexity,1
2026-08-25,perplexity,api,Pleasanton CA,personal injury law,I was in a car accident in Pleasanton CA. Which lawyer should I hire for my injury case?,https://www.justia.com/lawyers/personal-injury/california/pleasanton,justia.com,sources_cited,NB-CZ-API_2026-08-25_segment_pi_car_accident_intake_pleasanton_shotland_pilot_perplexity,2
2026-08-25,perplexity,api,Pleasanton CA,personal injury law,I was in a car accident in Pleasanton CA. Which lawyer should I hire for my injury case?,https://www.expertise.com/legal/personal-injury-lawyers/california/pleasanton,expertise.com,sources_cited,NB-CZ-API_2026-08-25_segment_pi_car_accident_intake_pleasanton_shotland_pilot_perplexity,3
2026-08-25,perplexity,api,Pleasanton CA,personal injury law,I was in a car accident in Pleasanton CA. Which lawyer should I hire for my injury case?,https://www.karnsandkarns.com/locations/pleasanton-california-personal-injury-lawyers/,karnsandkarns.com,sources_cited,NB-CZ-API_2026-08-25_segment_pi_car_accident_intake_pleasanton_shotland_pilot_perplexity,4
2026-08-25,perplexity,api,Pleasanton CA,personal injury law,I was in a car accident in Pleasanton CA. Which lawyer should I hire for my injury case?,https://miradorlaw.com/,miradorlaw.com,sources_cited,NB-CZ-API_2026-08-25_segment_pi_car_accident_intake_pleasanton_shotland_pilot_perplexity,5
2026-08-25,perplexity,api,Pleasanton CA,personal injury law,I was in a car accident in Pleasanton CA. Which lawyer should I hire for my injury case?,https://www.avvo.com/personal-injury-lawyer/ca/pleasanton.html,avvo.com,sources_cited,NB-CZ-API_2026-08-25_segment_pi_car_accident_intake_pleasanton_shotland_pilot_perplexity,6
2026-08-25,perplexity,api,Pleasanton CA,personal injury law,I was in a car accident in Pleasanton CA. Which lawyer should I hire for my injury case?,https://www.fuerchlegal.com/,fuerchlegal.com,sources_cited,NB-CZ-API_2026-08-25_segment_pi_car_accident_intake_pleasanton_shotland_pilot_perplexity,7
2026-08-25,perplexity,api,Pleasanton CA,personal injury law,I was in a car accident in Pleasanton CA. Which lawyer should I hire for my injury case?,https://www.vzlawfirm.com/pleasanton/personal-injury-lawyer/,vzlawfirm.com,sources_cited,NB-CZ-API_2026-08-25_segment_pi_car_accident_intake_pleasanton_shotland_pilot_perplexity,8
2026-08-25,perplexity,api,Pleasanton CA,personal injury law,I was in a car accident in Pleasanton CA. Which lawyer should I hire for my injury case?,https://lawyers.findlaw.com/california/pleasanton/4746109_1/,lawyers.findlaw.com,sources_cited,NB-CZ-API_2026-08-25_segment_pi_car_accident_intake_pleasanton_shotland_pilot_perplexity,9
2026-08-25,perplexity,api,Pleasanton CA,personal injury law,I was in a car accident in Pleasanton CA. Which lawyer should I hire for my injury case?,https://www.tomsokatlaw.com/,tomsokatlaw.com,sources_cited,NB-CZ-API_2026-08-25_segment_pi_car_accident_intake_pleasanton_shotland_pilot_perplexity,10
2026-08-25,perplexity,api,Pleasanton CA,personal injury law,I was in a car accident in Pleasanton CA. Which lawyer should I hire for my injury case?,https://lawdesai.com/pleasanton-ca-personal-injury/,lawdesai.com,sources_cited,NB-CZ-API_2026-08-25_segment_pi_car_accident_intake_pleasanton_shotland_pilot_perplexity,11
2026-08-25,perplexity,api,Pleasanton CA,personal injury law,I was in a car accident in Pleasanton CA. Which lawyer should I hire for my injury case?,https://profiles.superlawyers.com/california/pleasanton/lawfirm/clapp-moroney-l-vucinich-l-beeman-scheley/5a3501c7-bd4a-49d9-a6f2-182027f12b0c.html,profiles.superlawyers.com,sources_cited,NB-CZ-API_2026-08-25_segment_pi_car_accident_intake_pleasanton_shotland_pilot_perplexity,12
2026-08-25,perplexity,api,Pleasanton CA,personal injury law,I was in a car accident in Pleasanton CA. Which lawyer should I hire for my injury case?,https://www.gjel.com/pleasanton,gjel.com,sources_cited,NB-CZ-API_2026-08-25_segment_pi_car_accident_intake_pleasanton_shotland_pilot_perplexity,13
2026-08-25,perplexity,api,Pleasanton CA,personal injury law,I was in a car accident in Pleasanton CA. Which lawyer should I hire for my injury case?,https://www.yelp.com/biz/mirador-law-pleasanton,yelp.com,sources_cited,NB-CZ-API_2026-08-25_segment_pi_car_accident_intake_pleasanton_shotland_pilot_perplexity,14
2026-08-25,perplexity,api,Pleasanton CA,personal injury law,I was in a car accident in Pleasanton CA. Which lawyer should I hire for my injury case?,https://miradorlaw.com/pleasanton-personal-injury-lawyer/,miradorlaw.com,sources_cited,NB-CZ-API_2026-08-25_segment_pi_car_accident_intake_pleasanton_shotland_pilot_perplexity,15
2026-08-25,perplexity,api,Pleasanton CA,personal injury law,I was in a car accident in Pleasanton CA. Which lawyer should I hire for my injury case?,https://geerhartlaw.com/pleasanton-personal-injury-attorney/,geerhartlaw.com,sources_cited,NB-CZ-API_2026-08-25_segment_pi_car_accident_intake_pleasanton_shotland_pilot_perplexity,16
2026-08-25,perplexity,api,Pleasanton CA,personal injury law,I was in a car accident in Pleasanton CA. Which lawyer should I hire for my injury case?,https://www.lawinfo.com/personal-injury/california/pleasanton/,lawinfo.com,sources_cited,NB-CZ-API_2026-08-25_segment_pi_car_accident_intake_pleasanton_shotland_pilot_perplexity,17
2026-08-25,perplexity,api,Pleasanton CA,personal injury law,I was in a car accident in Pleasanton CA. Which lawyer should I hire for my injury case?,https://www.tomsokatlaw.com/pleasanton-personal-injury-lawyer/,tomsokatlaw.com,sources_cited,NB-CZ-API_2026-08-25_segment_pi_car_accident_intake_pleasanton_shotland_pilot_perplexity,18
2026-08-25,perplexity,api,Pleasanton CA,personal injury law,I was in a car accident in Pleasanton CA. Which lawyer should I hire for my injury case?,https://norcalattorney.com/pleasanton/,norcalattorney.com,sources_cited,NB-CZ-API_2026-08-25_segment_pi_car_accident_intake_pleasanton_shotland_pilot_perplexity,19
2026-08-25,perplexity,api,Pleasanton CA,personal injury law,I was in a car accident in Pleasanton CA. Which lawyer should I hire for my injury case?,https://lawyers.justia.com/lawyer/thomas-edward-sokat-143343,lawyers.justia.com,sources_cited,NB-CZ-API_2026-08-25_segment_pi_car_accident_intake_pleasanton_shotland_pilot_perplexity,20
2026-08-25,perplexity,api,Dallas TX,residential roofing,Who is the best roofing company in Dallas for a roof replacement?,https://dallasroofer.com/,dallasroofer.com,sources_cited,NB-CZ-API_2026-08-25_segment_roofing_dallas_perplexity,1
2026-08-25,perplexity,api,Dallas TX,residential roofing,Who is the best roofing company in Dallas for a roof replacement?,https://priorityroofs.com/location/dallas/,priorityroofs.com,sources_cited,NB-CZ-API_2026-08-25_segment_roofing_dallas_perplexity,2
2026-08-25,perplexity,api,Dallas TX,residential roofing,Who is the best roofing company in Dallas for a roof replacement?,https://www.rxroof.com/,rxroof.com,sources_cited,NB-CZ-API_2026-08-25_segment_roofing_dallas_perplexity,3
2026-08-25,perplexity,api,Dallas TX,residential roofing,Who is the best roofing company in Dallas for a roof replacement?,https://www.roofingdalco.com/,roofingdalco.com,sources_cited,NB-CZ-API_2026-08-25_segment_roofing_dallas_perplexity,4
2026-08-25,perplexity,api,Dallas TX,residential roofing,Who is the best roofing company in Dallas for a roof replacement?,https://www.lonsmith.com/,lonsmith.com,sources_cited,NB-CZ-API_2026-08-25_segment_roofing_dallas_perplexity,5
2026-08-25,perplexity,api,Dallas TX,residential roofing,Who is the best roofing company in Dallas for a roof replacement?,https://homematchup.com/roofers/tx/dallas/,homematchup.com,sources_cited,NB-CZ-API_2026-08-25_segment_roofing_dallas_perplexity,6
2026-08-25,perplexity,api,Dallas TX,residential roofing,Who is the best roofing company in Dallas for a roof replacement?,https://stazonroof.com/,stazonroof.com,sources_cited,NB-CZ-API_2026-08-25_segment_roofing_dallas_perplexity,7
2026-08-25,perplexity,api,Dallas TX,residential roofing,Who is the best roofing company in Dallas for a roof replacement?,https://arringtonroofing.com/,arringtonroofing.com,sources_cited,NB-CZ-API_2026-08-25_segment_roofing_dallas_perplexity,8
2026-08-25,perplexity,api,Dallas TX,residential roofing,Who is the best roofing company in Dallas for a roof replacement?,https://bertroofing.com/,bertroofing.com,sources_cited,NB-CZ-API_2026-08-25_segment_roofing_dallas_perplexity,9
2026-08-25,perplexity,api,Dallas TX,residential roofing,Who is the best roofing company in Dallas for a roof replacement?,https://arringtonroofing.com/blog/best-roofing-contractors-dallas,arringtonroofing.com,sources_cited,NB-CZ-API_2026-08-25_segment_roofing_dallas_perplexity,10
2026-08-25,perplexity,api,Dallas TX,residential roofing,Who is the best roofing company in Dallas for a roof replacement?,https://www.kiddroof.com/dallas-roofing/,kiddroof.com,sources_cited,NB-CZ-API_2026-08-25_segment_roofing_dallas_perplexity,11
2026-08-25,perplexity,api,Dallas TX,residential roofing,Who is the best roofing company in Dallas for a roof replacement?,https://www.expertise.com/home-improvement/roofing/texas/dallas,expertise.com,sources_cited,NB-CZ-API_2026-08-25_segment_roofing_dallas_perplexity,12
2026-08-25,perplexity,api,Dallas TX,residential roofing,Who is the best roofing company in Dallas for a roof replacement?,https://www.raintight.net/,raintight.net,sources_cited,NB-CZ-API_2026-08-25_segment_roofing_dallas_perplexity,13
2026-08-25,perplexity,api,Dallas TX,residential roofing,Who is the best roofing company in Dallas for a roof replacement?,https://www.clcroofing.com/,clcroofing.com,sources_cited,NB-CZ-API_2026-08-25_segment_roofing_dallas_perplexity,14
2026-08-25,perplexity,api,Dallas TX,residential roofing,Who is the best roofing company in Dallas for a roof replacement?,https://baker-roofing.com/,baker-roofing.com,sources_cited,NB-CZ-API_2026-08-25_segment_roofing_dallas_perplexity,15
2026-08-25,perplexity,api,Dallas TX,residential roofing,Who is the best roofing company in Dallas for a roof replacement?,https://www.gaf.com/en-us/roofing-contractors/residential/usa/tx/dallas,gaf.com,sources_cited,NB-CZ-API_2026-08-25_segment_roofing_dallas_perplexity,16
2026-08-25,perplexity,api,Dallas TX,residential roofing,Who is the best roofing company in Dallas for a roof replacement?,https://downtobid.com/contractors/roofing/dallas,downtobid.com,sources_cited,NB-CZ-API_2026-08-25_segment_roofing_dallas_perplexity,17
2026-08-25,perplexity,api,Dallas TX,residential roofing,Who is the best roofing company in Dallas for a roof replacement?,https://www.myrooferstx.com/,myrooferstx.com,sources_cited,NB-CZ-API_2026-08-25_segment_roofing_dallas_perplexity,18
2026-08-25,perplexity,api,Dallas TX,residential roofing,Who is the best roofing company in Dallas for a roof replacement?,https://www.bestpickreports.com/roofers/dallas,bestpickreports.com,sources_cited,NB-CZ-API_2026-08-25_segment_roofing_dallas_perplexity,19
2026-08-25,perplexity,api,Dallas TX,residential roofing,Who is the best roofing company in Dallas for a roof replacement?,https://modernhb.com/news/trusted-texan-roofers-best-roofing-companies-near-dallas/,modernhb.com,sources_cited,NB-CZ-API_2026-08-25_segment_roofing_dallas_perplexity,20
2026-08-25,perplexity,api,Dallas TX,residential roofing,Who is the best roofing company in Dallas for a roof replacement?,https://dallasroofer.com/,dallasroofer.com,sources_cited,NB-CZ-API_2026-08-25_segment_roofing_dallas_perplexity_r2,1
2026-08-25,perplexity,api,Dallas TX,residential roofing,Who is the best roofing company in Dallas for a roof replacement?,https://priorityroofs.com/location/dallas/,priorityroofs.com,sources_cited,NB-CZ-API_2026-08-25_segment_roofing_dallas_perplexity_r2,2
2026-08-25,perplexity,api,Dallas TX,residential roofing,Who is the best roofing company in Dallas for a roof replacement?,https://www.rxroof.com/,rxroof.com,sources_cited,NB-CZ-API_2026-08-25_segment_roofing_dallas_perplexity_r2,3
2026-08-25,perplexity,api,Dallas TX,residential roofing,Who is the best roofing company in Dallas for a roof replacement?,https://www.roofingdalco.com/,roofingdalco.com,sources_cited,NB-CZ-API_2026-08-25_segment_roofing_dallas_perplexity_r2,4
2026-08-25,perplexity,api,Dallas TX,residential roofing,Who is the best roofing company in Dallas for a roof replacement?,https://www.lonsmith.com/,lonsmith.com,sources_cited,NB-CZ-API_2026-08-25_segment_roofing_dallas_perplexity_r2,5
2026-08-25,perplexity,api,Dallas TX,residential roofing,Who is the best roofing company in Dallas for a roof replacement?,https://homematchup.com/roofers/tx/dallas/,homematchup.com,sources_cited,NB-CZ-API_2026-08-25_segment_roofing_dallas_perplexity_r2,6
2026-08-25,perplexity,api,Dallas TX,residential roofing,Who is the best roofing company in Dallas for a roof replacement?,https://stazonroof.com/,stazonroof.com,sources_cited,NB-CZ-API_2026-08-25_segment_roofing_dallas_perplexity_r2,7
2026-08-25,perplexity,api,Dallas TX,residential roofing,Who is the best roofing company in Dallas for a roof replacement?,https://arringtonroofing.com/blog/best-roofing-contractors-dallas,arringtonroofing.com,sources_cited,NB-CZ-API_2026-08-25_segment_roofing_dallas_perplexity_r2,8
2026-08-25,perplexity,api,Dallas TX,residential roofing,Who is the best roofing company in Dallas for a roof replacement?,https://arringtonroofing.com/,arringtonroofing.com,sources_cited,NB-CZ-API_2026-08-25_segment_roofing_dallas_perplexity_r2,9
2026-08-25,perplexity,api,Dallas TX,residential roofing,Who is the best roofing company in Dallas for a roof replacement?,https://bertroofing.com/,bertroofing.com,sources_cited,NB-CZ-API_2026-08-25_segment_roofing_dallas_perplexity_r2,10
2026-08-25,perplexity,api,Dallas TX,residential roofing,Who is the best roofing company in Dallas for a roof replacement?,https://www.kiddroof.com/dallas-roofing/,kiddroof.com,sources_cited,NB-CZ-API_2026-08-25_segment_roofing_dallas_perplexity_r2,11
2026-08-25,perplexity,api,Dallas TX,residential roofing,Who is the best roofing company in Dallas for a roof replacement?,https://www.expertise.com/home-improvement/roofing/texas/dallas,expertise.com,sources_cited,NB-CZ-API_2026-08-25_segment_roofing_dallas_perplexity_r2,12
2026-08-25,perplexity,api,Dallas TX,residential roofing,Who is the best roofing company in Dallas for a roof replacement?,https://www.raintight.net/,raintight.net,sources_cited,NB-CZ-API_2026-08-25_segment_roofing_dallas_perplexity_r2,13
2026-08-25,perplexity,api,Dallas TX,residential roofing,Who is the best roofing company in Dallas for a roof replacement?,https://www.clcroofing.com/,clcroofing.com,sources_cited,NB-CZ-API_2026-08-25_segment_roofing_dallas_perplexity_r2,14
2026-08-25,perplexity,api,Dallas TX,residential roofing,Who is the best roofing company in Dallas for a roof replacement?,https://baker-roofing.com/,baker-roofing.com,sources_cited,NB-CZ-API_2026-08-25_segment_roofing_dallas_perplexity_r2,15
2026-08-25,perplexity,api,Dallas TX,residential roofing,Who is the best roofing company in Dallas for a roof replacement?,https://www.gaf.com/en-us/roofing-contractors/residential/usa/tx/dallas,gaf.com,sources_cited,NB-CZ-API_2026-08-25_segment_roofing_dallas_perplexity_r2,16
2026-08-25,perplexity,api,Dallas TX,residential roofing,Who is the best roofing company in Dallas for a roof replacement?,https://downtobid.com/contractors/roofing/dallas,downtobid.com,sources_cited,NB-CZ-API_2026-08-25_segment_roofing_dallas_perplexity_r2,17
2026-08-25,perplexity,api,Dallas TX,residential roofing,Who is the best roofing company in Dallas for a roof replacement?,https://serviceagent.ai/directory/texas/dallas/roofing/replacement/,serviceagent.ai,sources_cited,NB-CZ-API_2026-08-25_segment_roofing_dallas_perplexity_r2,18
2026-08-25,perplexity,api,Dallas TX,residential roofing,Who is the best roofing company in Dallas for a roof replacement?,https://www.myrooferstx.com/,myrooferstx.com,sources_cited,NB-CZ-API_2026-08-25_segment_roofing_dallas_perplexity_r2,19
2026-08-25,perplexity,api,Dallas TX,residential roofing,Who is the best roofing company in Dallas for a roof replacement?,https://www.bestpickreports.com/roofers/dallas,bestpickreports.com,sources_cited,NB-CZ-API_2026-08-25_segment_roofing_dallas_perplexity_r2,20
2026-08-25,perplexity,api,Denver CO,residential roofing,Who is the best roofer in Denver for hail damage repair?,https://metrocityroofing.com/hail-storm-damage-roof-repair-denver-co/,metrocityroofing.com,sources_cited,NB-CZ-API_2026-08-25_segment_roofing_denver_perplexity,1
2026-08-25,perplexity,api,Denver CO,residential roofing,Who is the best roofer in Denver for hail damage repair?,https://www.gatesroof.com/services/storm-hail-damage/denver,gatesroof.com,sources_cited,NB-CZ-API_2026-08-25_segment_roofing_denver_perplexity,2
2026-08-25,perplexity,api,Denver CO,residential roofing,Who is the best roofer in Denver for hail damage repair?,https://www.gatesroof.com/areas/denver,gatesroof.com,sources_cited,NB-CZ-API_2026-08-25_segment_roofing_denver_perplexity,3
2026-08-25,perplexity,api,Denver CO,residential roofing,Who is the best roofer in Denver for hail damage repair?,https://www.cencoroofing.com/roofing/emergency-services/,cencoroofing.com,sources_cited,NB-CZ-API_2026-08-25_segment_roofing_denver_perplexity,4
2026-08-25,perplexity,api,Denver CO,residential roofing,Who is the best roofer in Denver for hail damage repair?,https://www.valorroofandsolar.com/storm-damage/hail/,valorroofandsolar.com,sources_cited,NB-CZ-API_2026-08-25_segment_roofing_denver_perplexity,5
2026-08-25,perplexity,api,Denver CO,residential roofing,Who is the best roofer in Denver for hail damage repair?,https://elite-roofs.com/hail-damage-roof-repair-denver-colorado/,elite-roofs.com,sources_cited,NB-CZ-API_2026-08-25_segment_roofing_denver_perplexity,6
2026-08-25,perplexity,api,Denver CO,residential roofing,Who is the best roofer in Denver for hail damage repair?,https://www.hilltopcontractinggc.com/cities/denver,hilltopcontractinggc.com,sources_cited,NB-CZ-API_2026-08-25_segment_roofing_denver_perplexity,7
2026-08-25,perplexity,api,Denver CO,residential roofing,Who is the best roofer in Denver for hail damage repair?,https://roofs.wiki/roofing-directory/denver/storm-damage/,roofs.wiki,sources_cited,NB-CZ-API_2026-08-25_segment_roofing_denver_perplexity,8
2026-08-25,perplexity,api,Denver CO,residential roofing,Who is the best roofer in Denver for hail damage repair?,https://www.cencoroofing.com/residential-roofing/hail-damage/,cencoroofing.com,sources_cited,NB-CZ-API_2026-08-25_segment_roofing_denver_perplexity,9
2026-08-25,perplexity,api,Denver CO,residential roofing,Who is the best roofer in Denver for hail damage repair?,https://metrocityroofing.com/,metrocityroofing.com,sources_cited,NB-CZ-API_2026-08-25_segment_roofing_denver_perplexity,10
2026-08-25,perplexity,api,Denver CO,residential roofing,Who is the best roofer in Denver for hail damage repair?,https://redhawkroofing.com/,redhawkroofing.com,sources_cited,NB-CZ-API_2026-08-25_segment_roofing_denver_perplexity,11
2026-08-25,perplexity,api,Denver CO,residential roofing,Who is the best roofer in Denver for hail damage repair?,https://premier-roofing.com/hail-damage/roof-repair/denver/,premier-roofing.com,sources_cited,NB-CZ-API_2026-08-25_segment_roofing_denver_perplexity,12
2026-08-25,perplexity,api,Denver CO,residential roofing,Who is the best roofer in Denver for hail damage repair?,https://bestroofandgutter.com/services/hail-damage-repair/denver,bestroofandgutter.com,sources_cited,NB-CZ-API_2026-08-25_segment_roofing_denver_perplexity,13
2026-08-25,perplexity,api,Denver CO,residential roofing,Who is the best roofer in Denver for hail damage repair?,https://www.highimpactco.com/residential-roofing/hail-damage,highimpactco.com,sources_cited,NB-CZ-API_2026-08-25_segment_roofing_denver_perplexity,14
2026-08-25,perplexity,api,Denver CO,residential roofing,Who is the best roofer in Denver for hail damage repair?,https://www.bbb.org/us/co/denver/category/hail-repair,bbb.org,sources_cited,NB-CZ-API_2026-08-25_segment_roofing_denver_perplexity,15
2026-08-25,perplexity,api,Denver CO,residential roofing,Who is the best roofer in Denver for hail damage repair?,https://teamdavelogan.com/company-categories/roofing-contractor-denver-co-colorado-springs-co/,teamdavelogan.com,sources_cited,NB-CZ-API_2026-08-25_segment_roofing_denver_perplexity,16
2026-08-25,perplexity,api,Denver CO,residential roofing,Who is the best roofer in Denver for hail damage repair?,https://www.cencoroofing.com/,cencoroofing.com,sources_cited,NB-CZ-API_2026-08-25_segment_roofing_denver_perplexity,17
2026-08-25,perplexity,api,Denver CO,residential roofing,Who is the best roofer in Denver for hail damage repair?,https://www.atozroofingdenver.com/hail-damage/,atozroofingdenver.com,sources_cited,NB-CZ-API_2026-08-25_segment_roofing_denver_perplexity,18
2026-08-25,perplexity,api,Denver CO,residential roofing,Who is the best roofer in Denver for hail damage repair?,https://www.reddit.com/r/Denver/comments/1m2k2nw/good_roofing_company_in_denver/,reddit.com,sources_cited,NB-CZ-API_2026-08-25_segment_roofing_denver_perplexity,19
2026-08-25,perplexity,api,Denver CO,residential roofing,Who is the best roofer in Denver for hail damage repair?,https://premier-roofing.com/blog/hail-damage-roof-repair-denver/,premier-roofing.com,sources_cited,NB-CZ-API_2026-08-25_segment_roofing_denver_perplexity,20
2026-08-25,perplexity,api,Denver CO,residential roofing,Who is the best roofer in Denver for hail damage repair?,https://metrocityroofing.com/hail-storm-damage-roof-repair-denver-co/,metrocityroofing.com,sources_cited,NB-CZ-API_2026-08-25_segment_roofing_denver_perplexity_r2,1
2026-08-25,perplexity,api,Denver CO,residential roofing,Who is the best roofer in Denver for hail damage repair?,https://solvistaroofing.com/,solvistaroofing.com,sources_cited,NB-CZ-API_2026-08-25_segment_roofing_denver_perplexity_r2,2
2026-08-25,perplexity,api,Denver CO,residential roofing,Who is the best roofer in Denver for hail damage repair?,https://homegeniusexteriors.com/genius-blog/best-roofers-in-denver/,homegeniusexteriors.com,sources_cited,NB-CZ-API_2026-08-25_segment_roofing_denver_perplexity_r2,3
2026-08-25,perplexity,api,Denver CO,residential roofing,Who is the best roofer in Denver for hail damage repair?,https://www.gatesroof.com/services/storm-hail-damage/denver,gatesroof.com,sources_cited,NB-CZ-API_2026-08-25_segment_roofing_denver_perplexity_r2,4
2026-08-25,perplexity,api,Denver CO,residential roofing,Who is the best roofer in Denver for hail damage repair?,https://www.cencoroofing.com/roofing/emergency-services/,cencoroofing.com,sources_cited,NB-CZ-API_2026-08-25_segment_roofing_denver_perplexity_r2,5
2026-08-25,perplexity,api,Denver CO,residential roofing,Who is the best roofer in Denver for hail damage repair?,https://www.hilltopcontractinggc.com/cities/denver,hilltopcontractinggc.com,sources_cited,NB-CZ-API_2026-08-25_segment_roofing_denver_perplexity_r2,6
2026-08-25,perplexity,api,Denver CO,residential roofing,Who is the best roofer in Denver for hail damage repair?,https://roofs.wiki/roofing-directory/denver/storm-damage/,roofs.wiki,sources_cited,NB-CZ-API_2026-08-25_segment_roofing_denver_perplexity_r2,7
2026-08-25,perplexity,api,Denver CO,residential roofing,Who is the best roofer in Denver for hail damage repair?,https://www.valorroofandsolar.com/storm-damage/hail/,valorroofandsolar.com,sources_cited,NB-CZ-API_2026-08-25_segment_roofing_denver_perplexity_r2,8
2026-08-25,perplexity,api,Denver CO,residential roofing,Who is the best roofer in Denver for hail damage repair?,https://www.cencoroofing.com/residential-roofing/hail-damage/,cencoroofing.com,sources_cited,NB-CZ-API_2026-08-25_segment_roofing_denver_perplexity_r2,9
2026-08-25,perplexity,api,Denver CO,residential roofing,Who is the best roofer in Denver for hail damage repair?,https://redhawkroofing.com/,redhawkroofing.com,sources_cited,NB-CZ-API_2026-08-25_segment_roofing_denver_perplexity_r2,10
2026-08-25,perplexity,api,Denver CO,residential roofing,Who is the best roofer in Denver for hail damage repair?,https://metrocityroofing.com/,metrocityroofing.com,sources_cited,NB-CZ-API_2026-08-25_segment_roofing_denver_perplexity_r2,11
2026-08-25,perplexity,api,Denver CO,residential roofing,Who is the best roofer in Denver for hail damage repair?,https://brazenroofing.com/brazen-roofing-locations/denver-co/,brazenroofing.com,sources_cited,NB-CZ-API_2026-08-25_segment_roofing_denver_perplexity_r2,12
2026-08-25,perplexity,api,Denver CO,residential roofing,Who is the best roofer in Denver for hail damage repair?,https://bestroofandgutter.com/services/hail-damage-repair/denver,bestroofandgutter.com,sources_cited,NB-CZ-API_2026-08-25_segment_roofing_denver_perplexity_r2,13
2026-08-25,perplexity,api,Denver CO,residential roofing,Who is the best roofer in Denver for hail damage repair?,https://premier-roofing.com/hail-damage/roof-repair/denver/,premier-roofing.com,sources_cited,NB-CZ-API_2026-08-25_segment_roofing_denver_perplexity_r2,14
2026-08-25,perplexity,api,Denver CO,residential roofing,Who is the best roofer in Denver for hail damage repair?,https://elite-roofs.com/hail-damage-roof-repair-denver-colorado/,elite-roofs.com,sources_cited,NB-CZ-API_2026-08-25_segment_roofing_denver_perplexity_r2,15
2026-08-25,perplexity,api,Denver CO,residential roofing,Who is the best roofer in Denver for hail damage repair?,https://www.highimpactco.com/residential-roofing/hail-damage,highimpactco.com,sources_cited,NB-CZ-API_2026-08-25_segment_roofing_denver_perplexity_r2,16
2026-08-25,perplexity,api,Denver CO,residential roofing,Who is the best roofer in Denver for hail damage repair?,https://www.bbb.org/us/co/denver/category/hail-repair,bbb.org,sources_cited,NB-CZ-API_2026-08-25_segment_roofing_denver_perplexity_r2,17
2026-08-25,perplexity,api,Denver CO,residential roofing,Who is the best roofer in Denver for hail damage repair?,https://www.gatesroof.com/areas/denver,gatesroof.com,sources_cited,NB-CZ-API_2026-08-25_segment_roofing_denver_perplexity_r2,18
2026-08-25,perplexity,api,Denver CO,residential roofing,Who is the best roofer in Denver for hail damage repair?,https://www.cencoroofing.com/,cencoroofing.com,sources_cited,NB-CZ-API_2026-08-25_segment_roofing_denver_perplexity_r2,19
2026-08-25,perplexity,api,Denver CO,residential roofing,Who is the best roofer in Denver for hail damage repair?,https://www.atozroofingdenver.com/hail-damage/,atozroofingdenver.com,sources_cited,NB-CZ-API_2026-08-25_segment_roofing_denver_perplexity_r2,20
2026-08-25,perplexity,api,Miami FL,residential roofing,Who is the best roofing company in Miami for hurricane-rated roof replacement?,https://www.greenerroofingandsolar.com/,greenerroofingandsolar.com,sources_cited,NB-CZ-API_2026-08-25_segment_roofing_miami_perplexity,1
2026-08-25,perplexity,api,Miami FL,residential roofing,Who is the best roofing company in Miami for hurricane-rated roof replacement?,https://local.yahoo.com/roofing/article/best-roofing-companies-miami-florida-130007027.html,local.yahoo.com,sources_cited,NB-CZ-API_2026-08-25_segment_roofing_miami_perplexity,2
2026-08-25,perplexity,api,Miami FL,residential roofing,Who is the best roofing company in Miami for hurricane-rated roof replacement?,https://www.extremeroofingmiami.com/,extremeroofingmiami.com,sources_cited,NB-CZ-API_2026-08-25_segment_roofing_miami_perplexity,3
2026-08-25,perplexity,api,Miami FL,residential roofing,Who is the best roofing company in Miami for hurricane-rated roof replacement?,https://www.artsroofing.com/,artsroofing.com,sources_cited,NB-CZ-API_2026-08-25_segment_roofing_miami_perplexity,4
2026-08-25,perplexity,api,Miami FL,residential roofing,Who is the best roofing company in Miami for hurricane-rated roof replacement?,https://www.extremeroofingmiami.com/services/re-roofing,extremeroofingmiami.com,sources_cited,NB-CZ-API_2026-08-25_segment_roofing_miami_perplexity,5
2026-08-25,perplexity,api,Miami FL,residential roofing,Who is the best roofing company in Miami for hurricane-rated roof replacement?,https://www.extremeroofingmiami.com/services/residential-roofing,extremeroofingmiami.com,sources_cited,NB-CZ-API_2026-08-25_segment_roofing_miami_perplexity,6
2026-08-25,perplexity,api,Miami FL,residential roofing,Who is the best roofing company in Miami for hurricane-rated roof replacement?,https://ironwoodroofingmiami.com/,ironwoodroofingmiami.com,sources_cited,NB-CZ-API_2026-08-25_segment_roofing_miami_perplexity,7
2026-08-25,perplexity,api,Miami FL,residential roofing,Who is the best roofing company in Miami for hurricane-rated roof replacement?,https://www.extremeroofingmiami.com/best-roofers-south-florida,extremeroofingmiami.com,sources_cited,NB-CZ-API_2026-08-25_segment_roofing_miami_perplexity,8
2026-08-25,perplexity,api,Miami FL,residential roofing,Who is the best roofing company in Miami for hurricane-rated roof replacement?,https://www.indigoroofingfl.com/,indigoroofingfl.com,sources_cited,NB-CZ-API_2026-08-25_segment_roofing_miami_perplexity,9
2026-08-25,perplexity,api,Miami FL,residential roofing,Who is the best roofing company in Miami for hurricane-rated roof replacement?,https://atlanticmetalroofinginc.com/service-areas/miami-dade/miami,atlanticmetalroofinginc.com,sources_cited,NB-CZ-API_2026-08-25_segment_roofing_miami_perplexity,10
2026-08-25,perplexity,api,Miami FL,residential roofing,Who is the best roofing company in Miami for hurricane-rated roof replacement?,https://rroofl.com/,rroofl.com,sources_cited,NB-CZ-API_2026-08-25_segment_roofing_miami_perplexity,11
2026-08-25,perplexity,api,Miami FL,residential roofing,Who is the best roofing company in Miami for hurricane-rated roof replacement?,https://www.greenerroofingandsolar.com/roofing-contractor-miami,greenerroofingandsolar.com,sources_cited,NB-CZ-API_2026-08-25_segment_roofing_miami_perplexity,12
2026-08-25,perplexity,api,Miami FL,residential roofing,Who is the best roofing company in Miami for hurricane-rated roof replacement?,https://www.salomonroofing.com/,salomonroofing.com,sources_cited,NB-CZ-API_2026-08-25_segment_roofing_miami_perplexity,13
2026-08-25,perplexity,api,Miami FL,residential roofing,Who is the best roofing company in Miami for hurricane-rated roof replacement?,https://roofnutsfl.com/miami,roofnutsfl.com,sources_cited,NB-CZ-API_2026-08-25_segment_roofing_miami_perplexity,14
2026-08-25,perplexity,api,Miami FL,residential roofing,Who is the best roofing company in Miami for hurricane-rated roof replacement?,https://bestroofing.net/,bestroofing.net,sources_cited,NB-CZ-API_2026-08-25_segment_roofing_miami_perplexity,15
2026-08-25,perplexity,api,Miami FL,residential roofing,Who is the best roofing company in Miami for hurricane-rated roof replacement?,https://flroofingwindows.com/roofing-miami/,flroofingwindows.com,sources_cited,NB-CZ-API_2026-08-25_segment_roofing_miami_perplexity,16
2026-08-25,perplexity,api,Miami FL,residential roofing,Who is the best roofing company in Miami for hurricane-rated roof replacement?,https://www.angi.com/companylist/us/fl/miami/roofing.htm,angi.com,sources_cited,NB-CZ-API_2026-08-25_segment_roofing_miami_perplexity,17
2026-08-25,perplexity,api,Miami FL,residential roofing,Who is the best roofing company in Miami for hurricane-rated roof replacement?,https://bessardroofing.com/best-residential-roofers-in-miami-fl/,bessardroofing.com,sources_cited,NB-CZ-API_2026-08-25_segment_roofing_miami_perplexity,18
2026-08-25,perplexity,api,Miami FL,residential roofing,Who is the best roofing company in Miami for hurricane-rated roof replacement?,https://bestroofing.net/our-services/cities-areas-served/miami-roofing-company,bestroofing.net,sources_cited,NB-CZ-API_2026-08-25_segment_roofing_miami_perplexity,19
2026-08-25,perplexity,api,Miami FL,residential roofing,Who is the best roofing company in Miami for hurricane-rated roof replacement?,https://miamirooftech.com/,miamirooftech.com,sources_cited,NB-CZ-API_2026-08-25_segment_roofing_miami_perplexity,20
2026-08-25,perplexity,api,Miami FL,residential roofing,Who is the best roofing company in Miami for hurricane-rated roof replacement?,https://www.greenerroofingandsolar.com/,greenerroofingandsolar.com,sources_cited,NB-CZ-API_2026-08-25_segment_roofing_miami_perplexity_r2,1
2026-08-25,perplexity,api,Miami FL,residential roofing,Who is the best roofing company in Miami for hurricane-rated roof replacement?,https://local.yahoo.com/roofing/article/best-roofing-companies-miami-florida-130007027.html,local.yahoo.com,sources_cited,NB-CZ-API_2026-08-25_segment_roofing_miami_perplexity_r2,2
2026-08-25,perplexity,api,Miami FL,residential roofing,Who is the best roofing company in Miami for hurricane-rated roof replacement?,https://www.artsroofing.com/,artsroofing.com,sources_cited,NB-CZ-API_2026-08-25_segment_roofing_miami_perplexity_r2,3
2026-08-25,perplexity,api,Miami FL,residential roofing,Who is the best roofing company in Miami for hurricane-rated roof replacement?,https://www.extremeroofingmiami.com/,extremeroofingmiami.com,sources_cited,NB-CZ-API_2026-08-25_segment_roofing_miami_perplexity_r2,4
2026-08-25,perplexity,api,Miami FL,residential roofing,Who is the best roofing company in Miami for hurricane-rated roof replacement?,https://www.extremeroofingmiami.com/services/re-roofing,extremeroofingmiami.com,sources_cited,NB-CZ-API_2026-08-25_segment_roofing_miami_perplexity_r2,5
2026-08-25,perplexity,api,Miami FL,residential roofing,Who is the best roofing company in Miami for hurricane-rated roof replacement?,https://www.extremeroofingmiami.com/services/residential-roofing,extremeroofingmiami.com,sources_cited,NB-CZ-API_2026-08-25_segment_roofing_miami_perplexity_r2,6
2026-08-25,perplexity,api,Miami FL,residential roofing,Who is the best roofing company in Miami for hurricane-rated roof replacement?,https://www.extremeroofingmiami.com/best-roofers-south-florida,extremeroofingmiami.com,sources_cited,NB-CZ-API_2026-08-25_segment_roofing_miami_perplexity_r2,7
2026-08-25,perplexity,api,Miami FL,residential roofing,Who is the best roofing company in Miami for hurricane-rated roof replacement?,https://ironwoodroofingmiami.com/,ironwoodroofingmiami.com,sources_cited,NB-CZ-API_2026-08-25_segment_roofing_miami_perplexity_r2,8
2026-08-25,perplexity,api,Miami FL,residential roofing,Who is the best roofing company in Miami for hurricane-rated roof replacement?,https://www.salomonroofing.com/,salomonroofing.com,sources_cited,NB-CZ-API_2026-08-25_segment_roofing_miami_perplexity_r2,9
2026-08-25,perplexity,api,Miami FL,residential roofing,Who is the best roofing company in Miami for hurricane-rated roof replacement?,https://www.indigoroofingfl.com/,indigoroofingfl.com,sources_cited,NB-CZ-API_2026-08-25_segment_roofing_miami_perplexity_r2,10
2026-08-25,perplexity,api,Miami FL,residential roofing,Who is the best roofing company in Miami for hurricane-rated roof replacement?,https://atlanticmetalroofinginc.com/service-areas/miami-dade/miami,atlanticmetalroofinginc.com,sources_cited,NB-CZ-API_2026-08-25_segment_roofing_miami_perplexity_r2,11
2026-08-25,perplexity,api,Miami FL,residential roofing,Who is the best roofing company in Miami for hurricane-rated roof replacement?,https://rroofl.com/,rroofl.com,sources_cited,NB-CZ-API_2026-08-25_segment_roofing_miami_perplexity_r2,12
2026-08-25,perplexity,api,Miami FL,residential roofing,Who is the best roofing company in Miami for hurricane-rated roof replacement?,https://www.greenerroofingandsolar.com/roofing-contractor-miami,greenerroofingandsolar.com,sources_cited,NB-CZ-API_2026-08-25_segment_roofing_miami_perplexity_r2,13
2026-08-25,perplexity,api,Miami FL,residential roofing,Who is the best roofing company in Miami for hurricane-rated roof replacement?,https://roofnutsfl.com/miami,roofnutsfl.com,sources_cited,NB-CZ-API_2026-08-25_segment_roofing_miami_perplexity_r2,14
2026-08-25,perplexity,api,Miami FL,residential roofing,Who is the best roofing company in Miami for hurricane-rated roof replacement?,https://bestroofing.net/,bestroofing.net,sources_cited,NB-CZ-API_2026-08-25_segment_roofing_miami_perplexity_r2,15
2026-08-25,perplexity,api,Miami FL,residential roofing,Who is the best roofing company in Miami for hurricane-rated roof replacement?,https://flroofingwindows.com/roofing-miami/,flroofingwindows.com,sources_cited,NB-CZ-API_2026-08-25_segment_roofing_miami_perplexity_r2,16
2026-08-25,perplexity,api,Miami FL,residential roofing,Who is the best roofing company in Miami for hurricane-rated roof replacement?,https://www.angi.com/companylist/us/fl/miami/roofing.htm,angi.com,sources_cited,NB-CZ-API_2026-08-25_segment_roofing_miami_perplexity_r2,17
2026-08-25,perplexity,api,Miami FL,residential roofing,Who is the best roofing company in Miami for hurricane-rated roof replacement?,https://bessardroofing.com/best-residential-roofers-in-miami-fl/,bessardroofing.com,sources_cited,NB-CZ-API_2026-08-25_segment_roofing_miami_perplexity_r2,18
2026-08-25,perplexity,api,Miami FL,residential roofing,Who is the best roofing company in Miami for hurricane-rated roof replacement?,https://www.tsroofingsystems.com/,tsroofingsystems.com,sources_cited,NB-CZ-API_2026-08-25_segment_roofing_miami_perplexity_r2,19
2026-08-25,perplexity,api,Miami FL,residential roofing,Who is the best roofing company in Miami for hurricane-rated roof replacement?,https://bestroofing.net/our-services/cities-areas-served/miami-roofing-company,bestroofing.net,sources_cited,NB-CZ-API_2026-08-25_segment_roofing_miami_perplexity_r2,20
2026-08-25,perplexity,api,Branson MO,short-term rental / Airbnb,"Where should I stay in Branson Missouri, an Airbnb or a hotel, and which specific places are best?",https://www.airbnb.com/branson-mo/stays,airbnb.com,sources_cited,NB-CZ-API_2026-08-25_segment_short_term_rental_branson_perplexity,1
2026-08-25,perplexity,api,Branson MO,short-term rental / Airbnb,"Where should I stay in Branson Missouri, an Airbnb or a hotel, and which specific places are best?",https://www.adventureinyou.com/usa/best-airbnbs-in-branson/,adventureinyou.com,sources_cited,NB-CZ-API_2026-08-25_segment_short_term_rental_branson_perplexity,2
2026-08-25,perplexity,api,Branson MO,short-term rental / Airbnb,"Where should I stay in Branson Missouri, an Airbnb or a hotel, and which specific places are best?",https://trip101.com/article/airbnb-branson-missouri,trip101.com,sources_cited,NB-CZ-API_2026-08-25_segment_short_term_rental_branson_perplexity,3
2026-08-25,perplexity,api,Branson MO,short-term rental / Airbnb,"Where should I stay in Branson Missouri, an Airbnb or a hotel, and which specific places are best?",https://wanderingwheatleys.com/best-airbnbs-branson-missouri/,wanderingwheatleys.com,sources_cited,NB-CZ-API_2026-08-25_segment_short_term_rental_branson_perplexity,4
2026-08-25,perplexity,api,Branson MO,short-term rental / Airbnb,"Where should I stay in Branson Missouri, an Airbnb or a hotel, and which specific places are best?",https://matadornetwork.com/read/airbnb-branson-mo/,matadornetwork.com,sources_cited,NB-CZ-API_2026-08-25_segment_short_term_rental_branson_perplexity,5
2026-08-25,perplexity,api,Branson MO,short-term rental / Airbnb,"Where should I stay in Branson Missouri, an Airbnb or a hotel, and which specific places are best?",https://www.airbnb.com/branson-mo/stays/cabins,airbnb.com,sources_cited,NB-CZ-API_2026-08-25_segment_short_term_rental_branson_perplexity,6
2026-08-25,perplexity,api,Branson MO,short-term rental / Airbnb,"Where should I stay in Branson Missouri, an Airbnb or a hotel, and which specific places are best?",https://www.tripzilla.com/best-airbnbs-stays-in-branson-to-book-in-2025/23044,tripzilla.com,sources_cited,NB-CZ-API_2026-08-25_segment_short_term_rental_branson_perplexity,7
2026-08-25,perplexity,api,Branson MO,short-term rental / Airbnb,"Where should I stay in Branson Missouri, an Airbnb or a hotel, and which specific places are best?",https://www.airbnb.de/branson-mo/stays,airbnb.de,sources_cited,NB-CZ-API_2026-08-25_segment_short_term_rental_branson_perplexity,8
2026-08-25,perplexity,api,Branson MO,short-term rental / Airbnb,"Where should I stay in Branson Missouri, an Airbnb or a hotel, and which specific places are best?",https://www.airbnb.com/branson-township-mo/stays,airbnb.com,sources_cited,NB-CZ-API_2026-08-25_segment_short_term_rental_branson_perplexity,9
2026-08-25,perplexity,api,Branson MO,short-term rental / Airbnb,"Where should I stay in Branson Missouri, an Airbnb or a hotel, and which specific places are best?",https://www.airbnb.it/branson-mo/stays,airbnb.it,sources_cited,NB-CZ-API_2026-08-25_segment_short_term_rental_branson_perplexity,10
2026-08-25,perplexity,api,Branson MO,short-term rental / Airbnb,"Where should I stay in Branson Missouri, an Airbnb or a hotel, and which specific places are best?",https://www.airbnb.com/branson-mo/stays/houses,airbnb.com,sources_cited,NB-CZ-API_2026-08-25_segment_short_term_rental_branson_perplexity,11
2026-08-25,perplexity,api,Branson MO,short-term rental / Airbnb,"Where should I stay in Branson Missouri, an Airbnb or a hotel, and which specific places are best?",https://www.cozycozy.com/us/branson-vacation-rentals,cozycozy.com,sources_cited,NB-CZ-API_2026-08-25_segment_short_term_rental_branson_perplexity,12
2026-08-25,perplexity,api,Branson MO,short-term rental / Airbnb,"Where should I stay in Branson Missouri, an Airbnb or a hotel, and which specific places are best?",https://www.jonesaroundtheworld.com/airbnb-branson-mo/,jonesaroundtheworld.com,sources_cited,NB-CZ-API_2026-08-25_segment_short_term_rental_branson_perplexity,13
2026-08-25,perplexity,api,Branson MO,short-term rental / Airbnb,"Where should I stay in Branson Missouri, an Airbnb or a hotel, and which specific places are best?",https://www.airdna.co/top/us/missouri/branson,airdna.co,sources_cited,NB-CZ-API_2026-08-25_segment_short_term_rental_branson_perplexity,14
2026-08-25,perplexity,api,Branson MO,short-term rental / Airbnb,"Where should I stay in Branson Missouri, an Airbnb or a hotel, and which specific places are best?",https://www.airbnb.com/branson-mo/stays/apartments,airbnb.com,sources_cited,NB-CZ-API_2026-08-25_segment_short_term_rental_branson_perplexity,15
2026-08-25,perplexity,api,Branson MO,short-term rental / Airbnb,"Where should I stay in Branson Missouri, an Airbnb or a hotel, and which specific places are best?",https://www.airbnb.com/branson-mo/stays/family-friendly,airbnb.com,sources_cited,NB-CZ-API_2026-08-25_segment_short_term_rental_branson_perplexity,16
2026-08-25,perplexity,api,Branson MO,short-term rental / Airbnb,"Where should I stay in Branson Missouri, an Airbnb or a hotel, and which specific places are best?",https://www.airbnb.com/branson-mo/stays/hotels,airbnb.com,sources_cited,NB-CZ-API_2026-08-25_segment_short_term_rental_branson_perplexity,17
2026-08-25,perplexity,api,Branson MO,short-term rental / Airbnb,"Where should I stay in Branson Missouri, an Airbnb or a hotel, and which specific places are best?",https://www.airbnb.com/branson-west-mo/stays,airbnb.com,sources_cited,NB-CZ-API_2026-08-25_segment_short_term_rental_branson_perplexity,18
2026-08-25,perplexity,api,Branson MO,short-term rental / Airbnb,"Where should I stay in Branson Missouri, an Airbnb or a hotel, and which specific places are best?",https://www.airbnb.com/branson-mo/stays,airbnb.com,sources_cited,NB-CZ-API_2026-08-25_segment_short_term_rental_branson_perplexity_r2,1
2026-08-25,perplexity,api,Branson MO,short-term rental / Airbnb,"Where should I stay in Branson Missouri, an Airbnb or a hotel, and which specific places are best?",https://www.adventureinyou.com/usa/best-airbnbs-in-branson/,adventureinyou.com,sources_cited,NB-CZ-API_2026-08-25_segment_short_term_rental_branson_perplexity_r2,2
2026-08-25,perplexity,api,Branson MO,short-term rental / Airbnb,"Where should I stay in Branson Missouri, an Airbnb or a hotel, and which specific places are best?",https://trip101.com/article/airbnb-branson-missouri,trip101.com,sources_cited,NB-CZ-API_2026-08-25_segment_short_term_rental_branson_perplexity_r2,3
2026-08-25,perplexity,api,Branson MO,short-term rental / Airbnb,"Where should I stay in Branson Missouri, an Airbnb or a hotel, and which specific places are best?",https://wanderingwheatleys.com/best-airbnbs-branson-missouri/,wanderingwheatleys.com,sources_cited,NB-CZ-API_2026-08-25_segment_short_term_rental_branson_perplexity_r2,4
2026-08-25,perplexity,api,Branson MO,short-term rental / Airbnb,"Where should I stay in Branson Missouri, an Airbnb or a hotel, and which specific places are best?",https://matadornetwork.com/read/airbnb-branson-mo/,matadornetwork.com,sources_cited,NB-CZ-API_2026-08-25_segment_short_term_rental_branson_perplexity_r2,5
2026-08-25,perplexity,api,Branson MO,short-term rental / Airbnb,"Where should I stay in Branson Missouri, an Airbnb or a hotel, and which specific places are best?",https://www.airbnb.com/branson-township-mo/stays,airbnb.com,sources_cited,NB-CZ-API_2026-08-25_segment_short_term_rental_branson_perplexity_r2,6
2026-08-25,perplexity,api,Branson MO,short-term rental / Airbnb,"Where should I stay in Branson Missouri, an Airbnb or a hotel, and which specific places are best?",https://www.tripzilla.com/best-airbnbs-stays-in-branson-to-book-in-2025/23044,tripzilla.com,sources_cited,NB-CZ-API_2026-08-25_segment_short_term_rental_branson_perplexity_r2,7
2026-08-25,perplexity,api,Branson MO,short-term rental / Airbnb,"Where should I stay in Branson Missouri, an Airbnb or a hotel, and which specific places are best?",https://www.airbnb.de/branson-mo/stays,airbnb.de,sources_cited,NB-CZ-API_2026-08-25_segment_short_term_rental_branson_perplexity_r2,8
2026-08-25,perplexity,api,Branson MO,short-term rental / Airbnb,"Where should I stay in Branson Missouri, an Airbnb or a hotel, and which specific places are best?",https://www.airbnb.com/branson-mo/stays/houses,airbnb.com,sources_cited,NB-CZ-API_2026-08-25_segment_short_term_rental_branson_perplexity_r2,9
2026-08-25,perplexity,api,Branson MO,short-term rental / Airbnb,"Where should I stay in Branson Missouri, an Airbnb or a hotel, and which specific places are best?",https://www.airbnb.it/branson-mo/stays,airbnb.it,sources_cited,NB-CZ-API_2026-08-25_segment_short_term_rental_branson_perplexity_r2,10
2026-08-25,perplexity,api,Branson MO,short-term rental / Airbnb,"Where should I stay in Branson Missouri, an Airbnb or a hotel, and which specific places are best?",https://www.cozycozy.com/us/branson-vacation-rentals,cozycozy.com,sources_cited,NB-CZ-API_2026-08-25_segment_short_term_rental_branson_perplexity_r2,11
2026-08-25,perplexity,api,Branson MO,short-term rental / Airbnb,"Where should I stay in Branson Missouri, an Airbnb or a hotel, and which specific places are best?",https://www.jonesaroundtheworld.com/airbnb-branson-mo/,jonesaroundtheworld.com,sources_cited,NB-CZ-API_2026-08-25_segment_short_term_rental_branson_perplexity_r2,12
2026-08-25,perplexity,api,Branson MO,short-term rental / Airbnb,"Where should I stay in Branson Missouri, an Airbnb or a hotel, and which specific places are best?",https://www.airdna.co/top/us/missouri/branson,airdna.co,sources_cited,NB-CZ-API_2026-08-25_segment_short_term_rental_branson_perplexity_r2,13
2026-08-25,perplexity,api,Branson MO,short-term rental / Airbnb,"Where should I stay in Branson Missouri, an Airbnb or a hotel, and which specific places are best?",https://www.airbnb.com/branson-mo/stays/apartments,airbnb.com,sources_cited,NB-CZ-API_2026-08-25_segment_short_term_rental_branson_perplexity_r2,14
2026-08-25,perplexity,api,Branson MO,short-term rental / Airbnb,"Where should I stay in Branson Missouri, an Airbnb or a hotel, and which specific places are best?",https://www.airbnb.com/branson-mo/stays/family-friendly,airbnb.com,sources_cited,NB-CZ-API_2026-08-25_segment_short_term_rental_branson_perplexity_r2,15
2026-08-25,perplexity,api,Branson MO,short-term rental / Airbnb,"Where should I stay in Branson Missouri, an Airbnb or a hotel, and which specific places are best?",https://www.airbnb.com/branson-mo/stays/hotels,airbnb.com,sources_cited,NB-CZ-API_2026-08-25_segment_short_term_rental_branson_perplexity_r2,16
2026-08-25,perplexity,api,Branson MO,short-term rental / Airbnb,"Where should I stay in Branson Missouri, an Airbnb or a hotel, and which specific places are best?",https://www.airbnb.com/branson-mo/stays/cabins,airbnb.com,sources_cited,NB-CZ-API_2026-08-25_segment_short_term_rental_branson_perplexity_r2,17
2026-08-25,perplexity,api,Branson MO,short-term rental / Airbnb,"Where should I stay in Branson Missouri, an Airbnb or a hotel, and which specific places are best?",https://www.airbnb.com/branson-west-mo/stays,airbnb.com,sources_cited,NB-CZ-API_2026-08-25_segment_short_term_rental_branson_perplexity_r2,18
2026-08-25,perplexity,api,Nashville TN,short-term rental / Airbnb,What is the best Airbnb or short term rental to book in Nashville for a family of four?,https://www.bode.co/blog/best-nashville-airbnbs,bode.co,sources_cited,NB-CZ-API_2026-08-25_segment_short_term_rental_nashville_perplexity,1
2026-08-25,perplexity,api,Nashville TN,short-term rental / Airbnb,What is the best Airbnb or short term rental to book in Nashville for a family of four?,https://www.airbnb.com/nashville-tn/stays,airbnb.com,sources_cited,NB-CZ-API_2026-08-25_segment_short_term_rental_nashville_perplexity,2
2026-08-25,perplexity,api,Nashville TN,short-term rental / Airbnb,What is the best Airbnb or short term rental to book in Nashville for a family of four?,https://www.airbnb.com/nashville-tn/stays/family-friendly,airbnb.com,sources_cited,NB-CZ-API_2026-08-25_segment_short_term_rental_nashville_perplexity,3
2026-08-25,perplexity,api,Nashville TN,short-term rental / Airbnb,What is the best Airbnb or short term rental to book in Nashville for a family of four?,https://www.timeout.com/nashville/travel/the-best-airbnbs-in-nashville,timeout.com,sources_cited,NB-CZ-API_2026-08-25_segment_short_term_rental_nashville_perplexity,4
2026-08-25,perplexity,api,Nashville TN,short-term rental / Airbnb,What is the best Airbnb or short term rental to book in Nashville for a family of four?,https://matadornetwork.com/read/airbnb-nashville/,matadornetwork.com,sources_cited,NB-CZ-API_2026-08-25_segment_short_term_rental_nashville_perplexity,5
2026-08-25,perplexity,api,Nashville TN,short-term rental / Airbnb,What is the best Airbnb or short term rental to book in Nashville for a family of four?,https://www.travelawaits.com/3027686/most-over-the-top-airbnbs-in-nashville-for-big-groups/,travelawaits.com,sources_cited,NB-CZ-API_2026-08-25_segment_short_term_rental_nashville_perplexity,6
2026-08-25,perplexity,api,Nashville TN,short-term rental / Airbnb,What is the best Airbnb or short term rental to book in Nashville for a family of four?,https://www.airbnb.com/nashville-in/stays/family-friendly,airbnb.com,sources_cited,NB-CZ-API_2026-08-25_segment_short_term_rental_nashville_perplexity,7
2026-08-25,perplexity,api,Nashville TN,short-term rental / Airbnb,What is the best Airbnb or short term rental to book in Nashville for a family of four?,https://www.airbnb.com/nashville-in/stays,airbnb.com,sources_cited,NB-CZ-API_2026-08-25_segment_short_term_rental_nashville_perplexity,8
2026-08-25,perplexity,api,Nashville TN,short-term rental / Airbnb,What is the best Airbnb or short term rental to book in Nashville for a family of four?,https://es.airbnb.com/nashville-tn/stays/family-friendly,es.airbnb.com,sources_cited,NB-CZ-API_2026-08-25_segment_short_term_rental_nashville_perplexity,9
2026-08-25,perplexity,api,Nashville TN,short-term rental / Airbnb,What is the best Airbnb or short term rental to book in Nashville for a family of four?,https://www.forbes.com/sites/forbes-personal-shopper/article/best-airbnbs-in-nashville/,forbes.com,sources_cited,NB-CZ-API_2026-08-25_segment_short_term_rental_nashville_perplexity,10
2026-08-25,perplexity,api,Nashville TN,short-term rental / Airbnb,What is the best Airbnb or short term rental to book in Nashville for a family of four?,https://es.airbnb.com/nashville-in/stays/family-friendly,es.airbnb.com,sources_cited,NB-CZ-API_2026-08-25_segment_short_term_rental_nashville_perplexity,11
2026-08-25,perplexity,api,Nashville TN,short-term rental / Airbnb,What is the best Airbnb or short term rental to book in Nashville for a family of four?,https://www.airbnb.com.au/nashville-tn/stays/family-friendly,airbnb.com.au,sources_cited,NB-CZ-API_2026-08-25_segment_short_term_rental_nashville_perplexity,12
2026-08-25,perplexity,api,Nashville TN,short-term rental / Airbnb,What is the best Airbnb or short term rental to book in Nashville for a family of four?,https://www.airbnb.com/downtown-nashville-tn/stays/family-friendly,airbnb.com,sources_cited,NB-CZ-API_2026-08-25_segment_short_term_rental_nashville_perplexity,13
2026-08-25,perplexity,api,Nashville TN,short-term rental / Airbnb,What is the best Airbnb or short term rental to book in Nashville for a family of four?,https://www.cozycozy.com/us/nashville-vacation-rentals,cozycozy.com,sources_cited,NB-CZ-API_2026-08-25_segment_short_term_rental_nashville_perplexity,14
2026-08-25,perplexity,api,Nashville TN,short-term rental / Airbnb,What is the best Airbnb or short term rental to book in Nashville for a family of four?,https://www.airbnb.com/music-city-center-nashville-tn/stays/family-friendly,airbnb.com,sources_cited,NB-CZ-API_2026-08-25_segment_short_term_rental_nashville_perplexity,15
2026-08-25,perplexity,api,Nashville TN,short-term rental / Airbnb,What is the best Airbnb or short term rental to book in Nashville for a family of four?,https://www.airbnb.com/midtown-nashville-tn/stays/family-friendly,airbnb.com,sources_cited,NB-CZ-API_2026-08-25_segment_short_term_rental_nashville_perplexity,16
2026-08-25,perplexity,api,Nashville TN,short-term rental / Airbnb,What is the best Airbnb or short term rental to book in Nashville for a family of four?,https://www.reddit.com/r/VisitingNashville/comments/1t33reb/need_areas_for_family_airbnb/,reddit.com,sources_cited,NB-CZ-API_2026-08-25_segment_short_term_rental_nashville_perplexity,17
2026-08-25,perplexity,api,Nashville TN,short-term rental / Airbnb,What is the best Airbnb or short term rental to book in Nashville for a family of four?,https://www.airbnb.com/nashville-tn/stays/hotels,airbnb.com,sources_cited,NB-CZ-API_2026-08-25_segment_short_term_rental_nashville_perplexity,18
2026-08-25,perplexity,api,Nashville TN,short-term rental / Airbnb,What is the best Airbnb or short term rental to book in Nashville for a family of four?,https://www.airbnb.com/downtown-nashville-tn/stays,airbnb.com,sources_cited,NB-CZ-API_2026-08-25_segment_short_term_rental_nashville_perplexity,19
2026-08-25,perplexity,api,Nashville TN,short-term rental / Airbnb,What is the best Airbnb or short term rental to book in Nashville for a family of four?,https://www.reddit.com/r/VisitingNashville/comments/1k9c0o1/first_time_visiting_with_a_4_year_old_what/,reddit.com,sources_cited,NB-CZ-API_2026-08-25_segment_short_term_rental_nashville_perplexity,20
2026-08-25,perplexity,api,Nashville TN,short-term rental / Airbnb,What is the best Airbnb or short term rental to book in Nashville for a family of four?,https://www.airbnb.com/nashville-tn/stays,airbnb.com,sources_cited,NB-CZ-API_2026-08-25_segment_short_term_rental_nashville_perplexity_r2,1
2026-08-25,perplexity,api,Nashville TN,short-term rental / Airbnb,What is the best Airbnb or short term rental to book in Nashville for a family of four?,https://www.bode.co/blog/best-nashville-airbnbs,bode.co,sources_cited,NB-CZ-API_2026-08-25_segment_short_term_rental_nashville_perplexity_r2,2
2026-08-25,perplexity,api,Nashville TN,short-term rental / Airbnb,What is the best Airbnb or short term rental to book in Nashville for a family of four?,https://www.airbnb.com/nashville-tn/stays/family-friendly,airbnb.com,sources_cited,NB-CZ-API_2026-08-25_segment_short_term_rental_nashville_perplexity_r2,3
2026-08-25,perplexity,api,Nashville TN,short-term rental / Airbnb,What is the best Airbnb or short term rental to book in Nashville for a family of four?,https://www.timeout.com/nashville/travel/the-best-airbnbs-in-nashville,timeout.com,sources_cited,NB-CZ-API_2026-08-25_segment_short_term_rental_nashville_perplexity_r2,4
2026-08-25,perplexity,api,Nashville TN,short-term rental / Airbnb,What is the best Airbnb or short term rental to book in Nashville for a family of four?,https://matadornetwork.com/read/airbnb-nashville/,matadornetwork.com,sources_cited,NB-CZ-API_2026-08-25_segment_short_term_rental_nashville_perplexity_r2,5
2026-08-25,perplexity,api,Nashville TN,short-term rental / Airbnb,What is the best Airbnb or short term rental to book in Nashville for a family of four?,https://www.airbnb.com/nashville-in/stays/family-friendly,airbnb.com,sources_cited,NB-CZ-API_2026-08-25_segment_short_term_rental_nashville_perplexity_r2,6
2026-08-25,perplexity,api,Nashville TN,short-term rental / Airbnb,What is the best Airbnb or short term rental to book in Nashville for a family of four?,https://www.forbes.com/sites/forbes-personal-shopper/article/best-airbnbs-in-nashville/,forbes.com,sources_cited,NB-CZ-API_2026-08-25_segment_short_term_rental_nashville_perplexity_r2,7
2026-08-25,perplexity,api,Nashville TN,short-term rental / Airbnb,What is the best Airbnb or short term rental to book in Nashville for a family of four?,https://es.airbnb.com/nashville-tn/stays/family-friendly,es.airbnb.com,sources_cited,NB-CZ-API_2026-08-25_segment_short_term_rental_nashville_perplexity_r2,8
2026-08-25,perplexity,api,Nashville TN,short-term rental / Airbnb,What is the best Airbnb or short term rental to book in Nashville for a family of four?,https://www.musiccityloft.com/best-airbnb-in-nashville/,musiccityloft.com,sources_cited,NB-CZ-API_2026-08-25_segment_short_term_rental_nashville_perplexity_r2,9
2026-08-25,perplexity,api,Nashville TN,short-term rental / Airbnb,What is the best Airbnb or short term rental to book in Nashville for a family of four?,https://www.airbnb.com/nashville-in/stays,airbnb.com,sources_cited,NB-CZ-API_2026-08-25_segment_short_term_rental_nashville_perplexity_r2,10
2026-08-25,perplexity,api,Nashville TN,short-term rental / Airbnb,What is the best Airbnb or short term rental to book in Nashville for a family of four?,https://es.airbnb.com/nashville-in/stays/family-friendly,es.airbnb.com,sources_cited,NB-CZ-API_2026-08-25_segment_short_term_rental_nashville_perplexity_r2,11
2026-08-25,perplexity,api,Nashville TN,short-term rental / Airbnb,What is the best Airbnb or short term rental to book in Nashville for a family of four?,https://www.cozycozy.com/us/nashville-vacation-rentals,cozycozy.com,sources_cited,NB-CZ-API_2026-08-25_segment_short_term_rental_nashville_perplexity_r2,12
2026-08-25,perplexity,api,Nashville TN,short-term rental / Airbnb,What is the best Airbnb or short term rental to book in Nashville for a family of four?,https://wearetravelgirls.com/nashville-best-airbnbs/,wearetravelgirls.com,sources_cited,NB-CZ-API_2026-08-25_segment_short_term_rental_nashville_perplexity_r2,13
2026-08-25,perplexity,api,Nashville TN,short-term rental / Airbnb,What is the best Airbnb or short term rental to book in Nashville for a family of four?,https://www.airbnb.com.au/nashville-tn/stays/family-friendly,airbnb.com.au,sources_cited,NB-CZ-API_2026-08-25_segment_short_term_rental_nashville_perplexity_r2,14
2026-08-25,perplexity,api,Nashville TN,short-term rental / Airbnb,What is the best Airbnb or short term rental to book in Nashville for a family of four?,https://www.airbnb.com/downtown-nashville-tn/stays/family-friendly,airbnb.com,sources_cited,NB-CZ-API_2026-08-25_segment_short_term_rental_nashville_perplexity_r2,15
2026-08-25,perplexity,api,Nashville TN,short-term rental / Airbnb,What is the best Airbnb or short term rental to book in Nashville for a family of four?,https://www.airbnb.com/midtown-nashville-tn/stays/family-friendly,airbnb.com,sources_cited,NB-CZ-API_2026-08-25_segment_short_term_rental_nashville_perplexity_r2,16
2026-08-25,perplexity,api,Nashville TN,short-term rental / Airbnb,What is the best Airbnb or short term rental to book in Nashville for a family of four?,https://www.airbnb.com/music-city-center-nashville-tn/stays/family-friendly,airbnb.com,sources_cited,NB-CZ-API_2026-08-25_segment_short_term_rental_nashville_perplexity_r2,17
2026-08-25,perplexity,api,Nashville TN,short-term rental / Airbnb,What is the best Airbnb or short term rental to book in Nashville for a family of four?,https://www.reddit.com/r/VisitingNashville/comments/1t33reb/need_areas_for_family_airbnb/,reddit.com,sources_cited,NB-CZ-API_2026-08-25_segment_short_term_rental_nashville_perplexity_r2,18
2026-08-25,perplexity,api,Nashville TN,short-term rental / Airbnb,What is the best Airbnb or short term rental to book in Nashville for a family of four?,https://www.airbnb.com/downtown-nashville-tn/stays,airbnb.com,sources_cited,NB-CZ-API_2026-08-25_segment_short_term_rental_nashville_perplexity_r2,19
2026-08-25,perplexity,api,Nashville TN,short-term rental / Airbnb,What is the best Airbnb or short term rental to book in Nashville for a family of four?,https://www.reddit.com/r/VisitingNashville/comments/1k9c0o1/first_time_visiting_with_a_4_year_old_what/,reddit.com,sources_cited,NB-CZ-API_2026-08-25_segment_short_term_rental_nashville_perplexity_r2,20
2026-08-25,perplexity,api,Santa Cruz County CA,short-term rental / Airbnb,What are the best vacation rentals in Santa Cruz County California and how do I pick one?,https://www.airbnb.com/santa-cruz-county-ca/stays,airbnb.com,sources_cited,NB-CZ-API_2026-08-25_segment_short_term_rental_santa_cruz_county_perplexity,1
2026-08-25,perplexity,api,Santa Cruz County CA,short-term rental / Airbnb,What are the best vacation rentals in Santa Cruz County California and how do I pick one?,https://www.vrbo.com/vacation-rentals/usa/california/santa-cruz-county,vrbo.com,sources_cited,NB-CZ-API_2026-08-25_segment_short_term_rental_santa_cruz_county_perplexity,2
2026-08-25,perplexity,api,Santa Cruz County CA,short-term rental / Airbnb,What are the best vacation rentals in Santa Cruz County California and how do I pick one?,https://www.vacasa.com/usa/Santa-Cruz-County/,vacasa.com,sources_cited,NB-CZ-API_2026-08-25_segment_short_term_rental_santa_cruz_county_perplexity,3
2026-08-25,perplexity,api,Santa Cruz County CA,short-term rental / Airbnb,What are the best vacation rentals in Santa Cruz County California and how do I pick one?,https://www.holidayhomes.com/united-states/region/santa-cruz-county/,holidayhomes.com,sources_cited,NB-CZ-API_2026-08-25_segment_short_term_rental_santa_cruz_county_perplexity,4
2026-08-25,perplexity,api,Santa Cruz County CA,short-term rental / Airbnb,What are the best vacation rentals in Santa Cruz County California and how do I pick one?,https://www.vrbo.com/en-ca/vacation-rentals/united-states/california/santa-cruz-county/santa-cruz,vrbo.com,sources_cited,NB-CZ-API_2026-08-25_segment_short_term_rental_santa_cruz_county_perplexity,5
2026-08-25,perplexity,api,Santa Cruz County CA,short-term rental / Airbnb,What are the best vacation rentals in Santa Cruz County California and how do I pick one?,https://www.travelocity.com/Destinations-In-Santa-Cruz-County.d553248635996998000.Vacation-Rental-Destinations,travelocity.com,sources_cited,NB-CZ-API_2026-08-25_segment_short_term_rental_santa_cruz_county_perplexity,6
2026-08-25,perplexity,api,Santa Cruz County CA,short-term rental / Airbnb,What are the best vacation rentals in Santa Cruz County California and how do I pick one?,https://www.airbnb.com/santa-cruz-county-ca/stays/villas,airbnb.com,sources_cited,NB-CZ-API_2026-08-25_segment_short_term_rental_santa_cruz_county_perplexity,7
2026-08-25,perplexity,api,Santa Cruz County CA,short-term rental / Airbnb,What are the best vacation rentals in Santa Cruz County California and how do I pick one?,https://www.holidu.com/vacation-rentals/usa/santa-cruz,holidu.com,sources_cited,NB-CZ-API_2026-08-25_segment_short_term_rental_santa_cruz_county_perplexity,8
2026-08-25,perplexity,api,Santa Cruz County CA,short-term rental / Airbnb,What are the best vacation rentals in Santa Cruz County California and how do I pick one?,https://rentals.montereycoast.com/,rentals.montereycoast.com,sources_cited,NB-CZ-API_2026-08-25_segment_short_term_rental_santa_cruz_county_perplexity,9
2026-08-25,perplexity,api,Santa Cruz County CA,short-term rental / Airbnb,What are the best vacation rentals in Santa Cruz County California and how do I pick one?,https://www.kayak.com/Santa-Cruz-Vacation-Rentals.10654.rental.ksp,kayak.com,sources_cited,NB-CZ-API_2026-08-25_segment_short_term_rental_santa_cruz_county_perplexity,10
2026-08-25,perplexity,api,Santa Cruz County CA,short-term rental / Airbnb,What are the best vacation rentals in Santa Cruz County California and how do I pick one?,https://www.vrbo.com/vacation-rentals/usa/california/central-coast/santa-cruz,vrbo.com,sources_cited,NB-CZ-API_2026-08-25_segment_short_term_rental_santa_cruz_county_perplexity,11
2026-08-25,perplexity,api,Santa Cruz County CA,short-term rental / Airbnb,What are the best vacation rentals in Santa Cruz County California and how do I pick one?,https://tripadvisor.com/VacationRentals-g33048-Reviews-Santa_Cruz_California-Vacation_Rentals.html,tripadvisor.com,sources_cited,NB-CZ-API_2026-08-25_segment_short_term_rental_santa_cruz_county_perplexity,12
2026-08-25,perplexity,api,Santa Cruz County CA,short-term rental / Airbnb,What are the best vacation rentals in Santa Cruz County California and how do I pick one?,https://www.hometogo.com/santa-cruz-ca/,hometogo.com,sources_cited,NB-CZ-API_2026-08-25_segment_short_term_rental_santa_cruz_county_perplexity,13
2026-08-25,perplexity,api,Santa Cruz County CA,short-term rental / Airbnb,What are the best vacation rentals in Santa Cruz County California and how do I pick one?,https://www.airbnb.com/santa-cruz-county-ca/stays/houses,airbnb.com,sources_cited,NB-CZ-API_2026-08-25_segment_short_term_rental_santa_cruz_county_perplexity,14
2026-08-25,perplexity,api,Santa Cruz County CA,short-term rental / Airbnb,What are the best vacation rentals in Santa Cruz County California and how do I pick one?,https://www.airbnb.com/santa-cruz-ca/stays,airbnb.com,sources_cited,NB-CZ-API_2026-08-25_segment_short_term_rental_santa_cruz_county_perplexity,15
2026-08-25,perplexity,api,Santa Cruz County CA,short-term rental / Airbnb,What are the best vacation rentals in Santa Cruz County California and how do I pick one?,https://www.airbnb.com/santa-cruz-county-ca/stays/beachfront,airbnb.com,sources_cited,NB-CZ-API_2026-08-25_segment_short_term_rental_santa_cruz_county_perplexity,16
2026-08-25,perplexity,api,Santa Cruz County CA,short-term rental / Airbnb,What are the best vacation rentals in Santa Cruz County California and how do I pick one?,https://twinlakesbeachrentals.com/,twinlakesbeachrentals.com,sources_cited,NB-CZ-API_2026-08-25_segment_short_term_rental_santa_cruz_county_perplexity,17
2026-08-25,perplexity,api,Santa Cruz County CA,short-term rental / Airbnb,What are the best vacation rentals in Santa Cruz County California and how do I pick one?,https://www.expedia.com/Santa-Cruz-Vacation-Rentals.d6666.Travel-Guide-VacationRentals,expedia.com,sources_cited,NB-CZ-API_2026-08-25_segment_short_term_rental_santa_cruz_county_perplexity,18
2026-08-25,perplexity,api,Santa Cruz County CA,short-term rental / Airbnb,What are the best vacation rentals in Santa Cruz County California and how do I pick one?,https://www.airbnb.com/santa-cruz-county-ca/stays/cabins,airbnb.com,sources_cited,NB-CZ-API_2026-08-25_segment_short_term_rental_santa_cruz_county_perplexity,19
2026-08-25,perplexity,api,Santa Cruz County CA,short-term rental / Airbnb,What are the best vacation rentals in Santa Cruz County California and how do I pick one?,https://www.cozycozy.com/us/santa-cruz-short-term-rentals,cozycozy.com,sources_cited,NB-CZ-API_2026-08-25_segment_short_term_rental_santa_cruz_county_perplexity,20
2026-08-25,perplexity,api,Santa Cruz County CA,short-term rental / Airbnb,What are the best vacation rentals in Santa Cruz County California and how do I pick one?,https://www.vrbo.com/vacation-rentals/usa/california/santa-cruz-county,vrbo.com,sources_cited,NB-CZ-API_2026-08-25_segment_short_term_rental_santa_cruz_county_perplexity_r2,1
2026-08-25,perplexity,api,Santa Cruz County CA,short-term rental / Airbnb,What are the best vacation rentals in Santa Cruz County California and how do I pick one?,https://www.airbnb.com/santa-cruz-county-ca/stays,airbnb.com,sources_cited,NB-CZ-API_2026-08-25_segment_short_term_rental_santa_cruz_county_perplexity_r2,2
2026-08-25,perplexity,api,Santa Cruz County CA,short-term rental / Airbnb,What are the best vacation rentals in Santa Cruz County California and how do I pick one?,https://www.vacasa.com/usa/Santa-Cruz-County/,vacasa.com,sources_cited,NB-CZ-API_2026-08-25_segment_short_term_rental_santa_cruz_county_perplexity_r2,3
2026-08-25,perplexity,api,Santa Cruz County CA,short-term rental / Airbnb,What are the best vacation rentals in Santa Cruz County California and how do I pick one?,https://www.vrbo.com/en-ca/vacation-rentals/united-states/california/santa-cruz-county/santa-cruz,vrbo.com,sources_cited,NB-CZ-API_2026-08-25_segment_short_term_rental_santa_cruz_county_perplexity_r2,4
2026-08-25,perplexity,api,Santa Cruz County CA,short-term rental / Airbnb,What are the best vacation rentals in Santa Cruz County California and how do I pick one?,https://www.travelocity.com/Destinations-In-Santa-Cruz-County.d553248635996998000.Vacation-Rental-Destinations,travelocity.com,sources_cited,NB-CZ-API_2026-08-25_segment_short_term_rental_santa_cruz_county_perplexity_r2,5
2026-08-25,perplexity,api,Santa Cruz County CA,short-term rental / Airbnb,What are the best vacation rentals in Santa Cruz County California and how do I pick one?,https://www.airbnb.com/santa-cruz-county-ca/stays/villas,airbnb.com,sources_cited,NB-CZ-API_2026-08-25_segment_short_term_rental_santa_cruz_county_perplexity_r2,6
2026-08-25,perplexity,api,Santa Cruz County CA,short-term rental / Airbnb,What are the best vacation rentals in Santa Cruz County California and how do I pick one?,https://www.holidu.com/vacation-rentals/usa/santa-cruz,holidu.com,sources_cited,NB-CZ-API_2026-08-25_segment_short_term_rental_santa_cruz_county_perplexity_r2,7
2026-08-25,perplexity,api,Santa Cruz County CA,short-term rental / Airbnb,What are the best vacation rentals in Santa Cruz County California and how do I pick one?,https://rentals.montereycoast.com/,rentals.montereycoast.com,sources_cited,NB-CZ-API_2026-08-25_segment_short_term_rental_santa_cruz_county_perplexity_r2,8
2026-08-25,perplexity,api,Santa Cruz County CA,short-term rental / Airbnb,What are the best vacation rentals in Santa Cruz County California and how do I pick one?,https://www.kayak.com/Santa-Cruz-Vacation-Rentals.10654.rental.ksp,kayak.com,sources_cited,NB-CZ-API_2026-08-25_segment_short_term_rental_santa_cruz_county_perplexity_r2,9
2026-08-25,perplexity,api,Santa Cruz County CA,short-term rental / Airbnb,What are the best vacation rentals in Santa Cruz County California and how do I pick one?,https://www.hometogo.com/santa-cruz-ca/,hometogo.com,sources_cited,NB-CZ-API_2026-08-25_segment_short_term_rental_santa_cruz_county_perplexity_r2,10
2026-08-25,perplexity,api,Santa Cruz County CA,short-term rental / Airbnb,What are the best vacation rentals in Santa Cruz County California and how do I pick one?,https://www.cozycozy.com/ca/santa-cruz-ca-vacation-rentals,cozycozy.com,sources_cited,NB-CZ-API_2026-08-25_segment_short_term_rental_santa_cruz_county_perplexity_r2,11
2026-08-25,perplexity,api,Santa Cruz County CA,short-term rental / Airbnb,What are the best vacation rentals in Santa Cruz County California and how do I pick one?,https://tripadvisor.com/VacationRentals-g33048-Reviews-Santa_Cruz_California-Vacation_Rentals.html,tripadvisor.com,sources_cited,NB-CZ-API_2026-08-25_segment_short_term_rental_santa_cruz_county_perplexity_r2,12
2026-08-25,perplexity,api,Santa Cruz County CA,short-term rental / Airbnb,What are the best vacation rentals in Santa Cruz County California and how do I pick one?,https://www.airbnb.com/santa-cruz-county-ca/stays/houses,airbnb.com,sources_cited,NB-CZ-API_2026-08-25_segment_short_term_rental_santa_cruz_county_perplexity_r2,13
2026-08-25,perplexity,api,Santa Cruz County CA,short-term rental / Airbnb,What are the best vacation rentals in Santa Cruz County California and how do I pick one?,https://www.vrbo.com/vacation-rentals/usa/california/central-coast/santa-cruz,vrbo.com,sources_cited,NB-CZ-API_2026-08-25_segment_short_term_rental_santa_cruz_county_perplexity_r2,14
2026-08-25,perplexity,api,Santa Cruz County CA,short-term rental / Airbnb,What are the best vacation rentals in Santa Cruz County California and how do I pick one?,https://www.airbnb.com/santa-cruz-county-ca/stays/beachfront,airbnb.com,sources_cited,NB-CZ-API_2026-08-25_segment_short_term_rental_santa_cruz_county_perplexity_r2,15
2026-08-25,perplexity,api,Santa Cruz County CA,short-term rental / Airbnb,What are the best vacation rentals in Santa Cruz County California and how do I pick one?,https://twinlakesbeachrentals.com/,twinlakesbeachrentals.com,sources_cited,NB-CZ-API_2026-08-25_segment_short_term_rental_santa_cruz_county_perplexity_r2,16
2026-08-25,perplexity,api,Santa Cruz County CA,short-term rental / Airbnb,What are the best vacation rentals in Santa Cruz County California and how do I pick one?,https://www.expedia.com/Santa-Cruz-Vacation-Rentals.d6666.Travel-Guide-VacationRentals,expedia.com,sources_cited,NB-CZ-API_2026-08-25_segment_short_term_rental_santa_cruz_county_perplexity_r2,17
2026-08-25,perplexity,api,Santa Cruz County CA,short-term rental / Airbnb,What are the best vacation rentals in Santa Cruz County California and how do I pick one?,https://www.airbnb.com/santa-cruz-county-ca/stays/cabins,airbnb.com,sources_cited,NB-CZ-API_2026-08-25_segment_short_term_rental_santa_cruz_county_perplexity_r2,18
2026-08-25,perplexity,api,Santa Cruz County CA,short-term rental / Airbnb,What are the best vacation rentals in Santa Cruz County California and how do I pick one?,https://www.airbnb.com/santa-cruz-ca/stays,airbnb.com,sources_cited,NB-CZ-API_2026-08-25_segment_short_term_rental_santa_cruz_county_perplexity_r2,19
2026-08-25,perplexity,api,Santa Cruz County CA,short-term rental / Airbnb,What are the best vacation rentals in Santa Cruz County California and how do I pick one?,https://www.cozycozy.com/us/santa-cruz-short-term-rentals,cozycozy.com,sources_cited,NB-CZ-API_2026-08-25_segment_short_term_rental_santa_cruz_county_perplexity_r2,20
2026-08-25,perplexity,api,US nationwide,short-term rental business model,How do I start an Airbnb rental arbitrage business and what tools and data should I use?,https://www.guesty.com/blog/airbnb-arbitrage-guide/,guesty.com,sources_cited,NB-CZ-API_2026-08-25_segment_str_arbitrage_entry_perplexity,1
2026-08-25,perplexity,api,US nationwide,short-term rental business model,How do I start an Airbnb rental arbitrage business and what tools and data should I use?,https://www.breezeway.io/blog/airbnb-rental-arbitrage,breezeway.io,sources_cited,NB-CZ-API_2026-08-25_segment_str_arbitrage_entry_perplexity,2
2026-08-25,perplexity,api,US nationwide,short-term rental business model,How do I start an Airbnb rental arbitrage business and what tools and data should I use?,https://thepropertyceo.com/blog/airbnb-arbitrage-guide,thepropertyceo.com,sources_cited,NB-CZ-API_2026-08-25_segment_str_arbitrage_entry_perplexity,3
2026-08-25,perplexity,api,US nationwide,short-term rental business model,How do I start an Airbnb rental arbitrage business and what tools and data should I use?,https://touchstay.com/blog/airbnb-rental-arbitrage,touchstay.com,sources_cited,NB-CZ-API_2026-08-25_segment_str_arbitrage_entry_perplexity,4
2026-08-25,perplexity,api,US nationwide,short-term rental business model,How do I start an Airbnb rental arbitrage business and what tools and data should I use?,https://www.rakidzich.com/articles/airbnb-rental-arbitrage,rakidzich.com,sources_cited,NB-CZ-API_2026-08-25_segment_str_arbitrage_entry_perplexity,5
2026-08-25,perplexity,api,US nationwide,short-term rental business model,How do I start an Airbnb rental arbitrage business and what tools and data should I use?,https://ippei.com/airbnb-arbitrage-beginners/,ippei.com,sources_cited,NB-CZ-API_2026-08-25_segment_str_arbitrage_entry_perplexity,6
2026-08-25,perplexity,api,US nationwide,short-term rental business model,How do I start an Airbnb rental arbitrage business and what tools and data should I use?,https://www.mashvisor.com/blog/airbnb-rental-arbitrage/,mashvisor.com,sources_cited,NB-CZ-API_2026-08-25_segment_str_arbitrage_entry_perplexity,7
2026-08-25,perplexity,api,US nationwide,short-term rental business model,How do I start an Airbnb rental arbitrage business and what tools and data should I use?,https://www.youtube.com/watch?v=P0Do-zkzmQ8,youtube.com,sources_cited,NB-CZ-API_2026-08-25_segment_str_arbitrage_entry_perplexity,8
2026-08-25,perplexity,api,US nationwide,short-term rental business model,How do I start an Airbnb rental arbitrage business and what tools and data should I use?,https://www.youtube.com/watch?v=U7ZwiYadoTo,youtube.com,sources_cited,NB-CZ-API_2026-08-25_segment_str_arbitrage_entry_perplexity,9
2026-08-25,perplexity,api,US nationwide,short-term rental business model,How do I start an Airbnb rental arbitrage business and what tools and data should I use?,https://www.youtube.com/watch?v=W_C5QFz3CAg,youtube.com,sources_cited,NB-CZ-API_2026-08-25_segment_str_arbitrage_entry_perplexity,10
2026-08-25,perplexity,api,US nationwide,short-term rental business model,How do I start an Airbnb rental arbitrage business and what tools and data should I use?,https://www.youtube.com/watch?v=KYaa2GXgVx4&vl=en,youtube.com,sources_cited,NB-CZ-API_2026-08-25_segment_str_arbitrage_entry_perplexity,11
2026-08-25,perplexity,api,US nationwide,short-term rental business model,How do I start an Airbnb rental arbitrage business and what tools and data should I use?,https://www.airdna.co/blog/airbnb-rental-arbitrage,airdna.co,sources_cited,NB-CZ-API_2026-08-25_segment_str_arbitrage_entry_perplexity,12
2026-08-25,perplexity,api,US nationwide,short-term rental business model,How do I start an Airbnb rental arbitrage business and what tools and data should I use?,https://www.youtube.com/watch?v=-3NotaNwtN0,youtube.com,sources_cited,NB-CZ-API_2026-08-25_segment_str_arbitrage_entry_perplexity,13
2026-08-25,perplexity,api,US nationwide,short-term rental business model,How do I start an Airbnb rental arbitrage business and what tools and data should I use?,https://www.hostaway.com/vacation-rental-guide/rental-arbitrage/,hostaway.com,sources_cited,NB-CZ-API_2026-08-25_segment_str_arbitrage_entry_perplexity,14
2026-08-25,perplexity,api,US nationwide,short-term rental business model,How do I start an Airbnb rental arbitrage business and what tools and data should I use?,https://www.proper.insure/blog/what-is-rental-arbitrage/,proper.insure,sources_cited,NB-CZ-API_2026-08-25_segment_str_arbitrage_entry_perplexity,15
2026-08-25,perplexity,api,US nationwide,short-term rental business model,How do I start an Airbnb rental arbitrage business and what tools and data should I use?,https://www.youtube.com/watch?v=f02U3iVfOu0,youtube.com,sources_cited,NB-CZ-API_2026-08-25_segment_str_arbitrage_entry_perplexity,16
2026-08-25,perplexity,api,US nationwide,short-term rental business model,How do I start an Airbnb rental arbitrage business and what tools and data should I use?,https://www.youtube.com/watch?v=7EZX__4syG4,youtube.com,sources_cited,NB-CZ-API_2026-08-25_segment_str_arbitrage_entry_perplexity,17
2026-08-25,perplexity,api,US nationwide,short-term rental business model,How do I start an Airbnb rental arbitrage business and what tools and data should I use?,https://www.guesty.com/blog/rental-arbitrage-get-started-with-just-5k/,guesty.com,sources_cited,NB-CZ-API_2026-08-25_segment_str_arbitrage_entry_perplexity,18
2026-08-25,perplexity,api,US nationwide,short-term rental business model,How do I start an Airbnb rental arbitrage business and what tools and data should I use?,https://www.rakidzich.com/articles/airbnb-rental-arbitrage-guide,rakidzich.com,sources_cited,NB-CZ-API_2026-08-25_segment_str_arbitrage_entry_perplexity,19
2026-08-25,perplexity,api,US nationwide,short-term rental business model,How do I start an Airbnb rental arbitrage business and what tools and data should I use?,https://www.youtube.com/watch?v=grR3P7ZjcsE&vl=en,youtube.com,sources_cited,NB-CZ-API_2026-08-25_segment_str_arbitrage_entry_perplexity,20
2026-08-25,perplexity,api,US nationwide,short-term rental business model,How do I start an Airbnb rental arbitrage business and what tools and data should I use?,https://www.rakidzich.com/articles/airbnb-rental-arbitrage,rakidzich.com,sources_cited,NB-CZ-API_2026-08-25_segment_str_arbitrage_entry_perplexity_r2,1
2026-08-25,perplexity,api,US nationwide,short-term rental business model,How do I start an Airbnb rental arbitrage business and what tools and data should I use?,https://www.breezeway.io/blog/airbnb-rental-arbitrage,breezeway.io,sources_cited,NB-CZ-API_2026-08-25_segment_str_arbitrage_entry_perplexity_r2,2
2026-08-25,perplexity,api,US nationwide,short-term rental business model,How do I start an Airbnb rental arbitrage business and what tools and data should I use?,https://www.guesty.com/blog/airbnb-arbitrage-guide/,guesty.com,sources_cited,NB-CZ-API_2026-08-25_segment_str_arbitrage_entry_perplexity_r2,3
2026-08-25,perplexity,api,US nationwide,short-term rental business model,How do I start an Airbnb rental arbitrage business and what tools and data should I use?,https://ippei.com/airbnb-arbitrage-beginners/,ippei.com,sources_cited,NB-CZ-API_2026-08-25_segment_str_arbitrage_entry_perplexity_r2,4
2026-08-25,perplexity,api,US nationwide,short-term rental business model,How do I start an Airbnb rental arbitrage business and what tools and data should I use?,https://touchstay.com/blog/airbnb-rental-arbitrage,touchstay.com,sources_cited,NB-CZ-API_2026-08-25_segment_str_arbitrage_entry_perplexity_r2,5
2026-08-25,perplexity,api,US nationwide,short-term rental business model,How do I start an Airbnb rental arbitrage business and what tools and data should I use?,https://pulserevops.com/knowledge/q1961,pulserevops.com,sources_cited,NB-CZ-API_2026-08-25_segment_str_arbitrage_entry_perplexity_r2,6
2026-08-25,perplexity,api,US nationwide,short-term rental business model,How do I start an Airbnb rental arbitrage business and what tools and data should I use?,https://www.guesty.com/blog/rental-arbitrage-get-started-with-just-5k/,guesty.com,sources_cited,NB-CZ-API_2026-08-25_segment_str_arbitrage_entry_perplexity_r2,7
2026-08-25,perplexity,api,US nationwide,short-term rental business model,How do I start an Airbnb rental arbitrage business and what tools and data should I use?,https://www.proper.insure/blog/what-is-rental-arbitrage/,proper.insure,sources_cited,NB-CZ-API_2026-08-25_segment_str_arbitrage_entry_perplexity_r2,8
2026-08-25,perplexity,api,US nationwide,short-term rental business model,How do I start an Airbnb rental arbitrage business and what tools and data should I use?,https://www.mashvisor.com/blog/airbnb-rental-arbitrage/,mashvisor.com,sources_cited,NB-CZ-API_2026-08-25_segment_str_arbitrage_entry_perplexity_r2,9
2026-08-25,perplexity,api,US nationwide,short-term rental business model,How do I start an Airbnb rental arbitrage business and what tools and data should I use?,https://www.hostaway.com/blog/what-is-airbnb-rental-arbitrage/,hostaway.com,sources_cited,NB-CZ-API_2026-08-25_segment_str_arbitrage_entry_perplexity_r2,10
2026-08-25,perplexity,api,US nationwide,short-term rental business model,How do I start an Airbnb rental arbitrage business and what tools and data should I use?,https://www.airdna.co/blog/airbnb-rental-arbitrage,airdna.co,sources_cited,NB-CZ-API_2026-08-25_segment_str_arbitrage_entry_perplexity_r2,11
2026-08-25,perplexity,api,US nationwide,short-term rental business model,How do I start an Airbnb rental arbitrage business and what tools and data should I use?,https://www.azibo.com/blog/rental-arbitrage,azibo.com,sources_cited,NB-CZ-API_2026-08-25_segment_str_arbitrage_entry_perplexity_r2,12
2026-08-25,perplexity,api,US nationwide,short-term rental business model,How do I start an Airbnb rental arbitrage business and what tools and data should I use?,https://www.reddit.com/r/airbnb_hosts/comments/17jtish/is_airbnb_arbitrage_a_smart_move_nowadays/,reddit.com,sources_cited,NB-CZ-API_2026-08-25_segment_str_arbitrage_entry_perplexity_r2,13
2026-08-25,perplexity,api,US nationwide,short-term rental business model,How do I start an Airbnb rental arbitrage business and what tools and data should I use?,https://www.reddit.com/r/airbnb_hosts/comments/1ded643/anyone_have_experience_with_rental_arbitrage/,reddit.com,sources_cited,NB-CZ-API_2026-08-25_segment_str_arbitrage_entry_perplexity_r2,14
2026-08-25,perplexity,api,US nationwide,short-term rental,"I am planning a trip. Should I book on Airbnb, Vrbo, or Booking.com, and how do I find a good host?",https://vacationrentalplaybook.com/blog/airbnb-vs-vrbo-comparison,vacationrentalplaybook.com,sources_cited,NB-CZ-API_2026-08-25_segment_str_guest_discovery_perplexity,1
2026-08-25,perplexity,api,US nationwide,short-term rental,"I am planning a trip. Should I book on Airbnb, Vrbo, or Booking.com, and how do I find a good host?",https://www.rentalscaleup.com/airbnb-vs-vrbo-vs-booking-com/,rentalscaleup.com,sources_cited,NB-CZ-API_2026-08-25_segment_str_guest_discovery_perplexity,2
2026-08-25,perplexity,api,US nationwide,short-term rental,"I am planning a trip. Should I book on Airbnb, Vrbo, or Booking.com, and how do I find a good host?",https://staystrat.com/blog/vrbo-vs-airbnb-vs-booking-com-comparison-guide-hosts,staystrat.com,sources_cited,NB-CZ-API_2026-08-25_segment_str_guest_discovery_perplexity,3
2026-08-25,perplexity,api,US nationwide,short-term rental,"I am planning a trip. Should I book on Airbnb, Vrbo, or Booking.com, and how do I find a good host?",https://bnbmastery.com/videoblog/airbnb-vs-vrbo-vs-booking-com-2025-comparison/,bnbmastery.com,sources_cited,NB-CZ-API_2026-08-25_segment_str_guest_discovery_perplexity,4
2026-08-25,perplexity,api,US nationwide,short-term rental,"I am planning a trip. Should I book on Airbnb, Vrbo, or Booking.com, and how do I find a good host?",https://www.mylighthouse.com/resources/blog/vacation-rental-distribution-how-airbnb-vrbo-booking-com-otas-compare,mylighthouse.com,sources_cited,NB-CZ-API_2026-08-25_segment_str_guest_discovery_perplexity,5
2026-08-25,perplexity,api,US nationwide,short-term rental,"I am planning a trip. Should I book on Airbnb, Vrbo, or Booking.com, and how do I find a good host?",https://cestdeal.com/blog/online-rental-services/,cestdeal.com,sources_cited,NB-CZ-API_2026-08-25_segment_str_guest_discovery_perplexity,6
2026-08-25,perplexity,api,US nationwide,short-term rental,"I am planning a trip. Should I book on Airbnb, Vrbo, or Booking.com, and how do I find a good host?",https://hosttools.com/blog/short-term-rental-tips/vrbo-vs-airbnb-vs-booking-2/,hosttools.com,sources_cited,NB-CZ-API_2026-08-25_segment_str_guest_discovery_perplexity,7
2026-08-25,perplexity,api,US nationwide,short-term rental,"I am planning a trip. Should I book on Airbnb, Vrbo, or Booking.com, and how do I find a good host?",https://www.mylighthouse.com/resources/blog/ota-differences-airbnb-vs-vrbo-vs-booking-com,mylighthouse.com,sources_cited,NB-CZ-API_2026-08-25_segment_str_guest_discovery_perplexity,8
2026-08-25,perplexity,api,US nationwide,short-term rental,"I am planning a trip. Should I book on Airbnb, Vrbo, or Booking.com, and how do I find a good host?",https://awning.com/post/airbnb-vs-vrbo-vs-booking-com,awning.com,sources_cited,NB-CZ-API_2026-08-25_segment_str_guest_discovery_perplexity,9
2026-08-25,perplexity,api,US nationwide,short-term rental,"I am planning a trip. Should I book on Airbnb, Vrbo, or Booking.com, and how do I find a good host?",https://rentalsunited.com/blog/airbnb-vs-booking-com-vrbo/,rentalsunited.com,sources_cited,NB-CZ-API_2026-08-25_segment_str_guest_discovery_perplexity,10
2026-08-25,perplexity,api,US nationwide,short-term rental,"I am planning a trip. Should I book on Airbnb, Vrbo, or Booking.com, and how do I find a good host?",https://hostex.io/blog/airbnb-vs-vrbo-vs-booking-vs-google/,hostex.io,sources_cited,NB-CZ-API_2026-08-25_segment_str_guest_discovery_perplexity,11
2026-08-25,perplexity,api,US nationwide,short-term rental,"I am planning a trip. Should I book on Airbnb, Vrbo, or Booking.com, and how do I find a good host?",https://bnbmastery.com/videoblog/airbnb-vs-vrbo-vs-booking-vs-direct-booking/,bnbmastery.com,sources_cited,NB-CZ-API_2026-08-25_segment_str_guest_discovery_perplexity,12
2026-08-25,perplexity,api,US nationwide,short-term rental,"I am planning a trip. Should I book on Airbnb, Vrbo, or Booking.com, and how do I find a good host?",https://www.airdna.co/blog/where-to-list-short-term-rentals,airdna.co,sources_cited,NB-CZ-API_2026-08-25_segment_str_guest_discovery_perplexity,13
2026-08-25,perplexity,api,US nationwide,short-term rental,"I am planning a trip. Should I book on Airbnb, Vrbo, or Booking.com, and how do I find a good host?",https://www.rentalscaleup.com/airbnb-vs-vrbo-vs-booking-stealing-the-best-from-one-another-supply-positioning-pricing/,rentalscaleup.com,sources_cited,NB-CZ-API_2026-08-25_segment_str_guest_discovery_perplexity,14
2026-08-25,perplexity,api,US nationwide,short-term rental,"I am planning a trip. Should I book on Airbnb, Vrbo, or Booking.com, and how do I find a good host?",https://community.ricksteves.com/travel-forum/budget-tips/airbnb-vs-homeaway-vrbo-vs-booking-com,community.ricksteves.com,sources_cited,NB-CZ-API_2026-08-25_segment_str_guest_discovery_perplexity,15
2026-08-25,perplexity,api,US nationwide,short-term rental,"I am planning a trip. Should I book on Airbnb, Vrbo, or Booking.com, and how do I find a good host?",https://www.reddit.com/r/AirBnB/comments/wdith6/guestshow_did_you_decide_between_a_vrbo_booking/,reddit.com,sources_cited,NB-CZ-API_2026-08-25_segment_str_guest_discovery_perplexity,16
2026-08-25,perplexity,api,US nationwide,short-term rental,"I am planning a trip. Should I book on Airbnb, Vrbo, or Booking.com, and how do I find a good host?",https://www.bemytravelmuse.com/airbnb-vs-vrbo/,bemytravelmuse.com,sources_cited,NB-CZ-API_2026-08-25_segment_str_guest_discovery_perplexity,17
2026-08-25,perplexity,api,US nationwide,short-term rental,"I am planning a trip. Should I book on Airbnb, Vrbo, or Booking.com, and how do I find a good host?",https://www.hostaway.com/blog/airbnb-vs-booking-com-or-the-key-hosting-differences/,hostaway.com,sources_cited,NB-CZ-API_2026-08-25_segment_str_guest_discovery_perplexity,18
2026-08-25,perplexity,api,US nationwide,short-term rental,"I am planning a trip. Should I book on Airbnb, Vrbo, or Booking.com, and how do I find a good host?",https://vacationrentalplaybook.com/blog/airbnb-vs-vrbo-comparison,vacationrentalplaybook.com,sources_cited,NB-CZ-API_2026-08-25_segment_str_guest_discovery_perplexity_r2,1
2026-08-25,perplexity,api,US nationwide,short-term rental,"I am planning a trip. Should I book on Airbnb, Vrbo, or Booking.com, and how do I find a good host?",https://www.rentalscaleup.com/airbnb-vs-vrbo-vs-booking-com/,rentalscaleup.com,sources_cited,NB-CZ-API_2026-08-25_segment_str_guest_discovery_perplexity_r2,2
2026-08-25,perplexity,api,US nationwide,short-term rental,"I am planning a trip. Should I book on Airbnb, Vrbo, or Booking.com, and how do I find a good host?",https://staystrat.com/blog/vrbo-vs-airbnb-vs-booking-com-comparison-guide-hosts,staystrat.com,sources_cited,NB-CZ-API_2026-08-25_segment_str_guest_discovery_perplexity_r2,3
2026-08-25,perplexity,api,US nationwide,short-term rental,"I am planning a trip. Should I book on Airbnb, Vrbo, or Booking.com, and how do I find a good host?",https://bnbmastery.com/videoblog/airbnb-vs-vrbo-vs-booking-com-2025-comparison/,bnbmastery.com,sources_cited,NB-CZ-API_2026-08-25_segment_str_guest_discovery_perplexity_r2,4
2026-08-25,perplexity,api,US nationwide,short-term rental,"I am planning a trip. Should I book on Airbnb, Vrbo, or Booking.com, and how do I find a good host?",https://www.mylighthouse.com/resources/blog/vacation-rental-distribution-how-airbnb-vrbo-booking-com-otas-compare,mylighthouse.com,sources_cited,NB-CZ-API_2026-08-25_segment_str_guest_discovery_perplexity_r2,5
2026-08-25,perplexity,api,US nationwide,short-term rental,"I am planning a trip. Should I book on Airbnb, Vrbo, or Booking.com, and how do I find a good host?",https://cestdeal.com/blog/online-rental-services/,cestdeal.com,sources_cited,NB-CZ-API_2026-08-25_segment_str_guest_discovery_perplexity_r2,6
2026-08-25,perplexity,api,US nationwide,short-term rental,"I am planning a trip. Should I book on Airbnb, Vrbo, or Booking.com, and how do I find a good host?",https://hosttools.com/blog/short-term-rental-tips/vrbo-vs-airbnb-vs-booking-2/,hosttools.com,sources_cited,NB-CZ-API_2026-08-25_segment_str_guest_discovery_perplexity_r2,7
2026-08-25,perplexity,api,US nationwide,short-term rental,"I am planning a trip. Should I book on Airbnb, Vrbo, or Booking.com, and how do I find a good host?",https://www.mylighthouse.com/resources/blog/ota-differences-airbnb-vs-vrbo-vs-booking-com,mylighthouse.com,sources_cited,NB-CZ-API_2026-08-25_segment_str_guest_discovery_perplexity_r2,8
2026-08-25,perplexity,api,US nationwide,short-term rental,"I am planning a trip. Should I book on Airbnb, Vrbo, or Booking.com, and how do I find a good host?",https://awning.com/post/airbnb-vs-vrbo-vs-booking-com,awning.com,sources_cited,NB-CZ-API_2026-08-25_segment_str_guest_discovery_perplexity_r2,9
2026-08-25,perplexity,api,US nationwide,short-term rental,"I am planning a trip. Should I book on Airbnb, Vrbo, or Booking.com, and how do I find a good host?",https://rentalsunited.com/blog/airbnb-vs-booking-com-vrbo/,rentalsunited.com,sources_cited,NB-CZ-API_2026-08-25_segment_str_guest_discovery_perplexity_r2,10
2026-08-25,perplexity,api,US nationwide,short-term rental,"I am planning a trip. Should I book on Airbnb, Vrbo, or Booking.com, and how do I find a good host?",https://hostex.io/blog/airbnb-vs-vrbo-vs-booking-vs-google/,hostex.io,sources_cited,NB-CZ-API_2026-08-25_segment_str_guest_discovery_perplexity_r2,11
2026-08-25,perplexity,api,US nationwide,short-term rental,"I am planning a trip. Should I book on Airbnb, Vrbo, or Booking.com, and how do I find a good host?",https://bnbmastery.com/videoblog/airbnb-vs-vrbo-vs-booking-vs-direct-booking/,bnbmastery.com,sources_cited,NB-CZ-API_2026-08-25_segment_str_guest_discovery_perplexity_r2,12
2026-08-25,perplexity,api,US nationwide,short-term rental,"I am planning a trip. Should I book on Airbnb, Vrbo, or Booking.com, and how do I find a good host?",https://www.airdna.co/blog/where-to-list-short-term-rentals,airdna.co,sources_cited,NB-CZ-API_2026-08-25_segment_str_guest_discovery_perplexity_r2,13
2026-08-25,perplexity,api,US nationwide,short-term rental,"I am planning a trip. Should I book on Airbnb, Vrbo, or Booking.com, and how do I find a good host?",https://www.rentalscaleup.com/airbnb-vs-vrbo-vs-booking-stealing-the-best-from-one-another-supply-positioning-pricing/,rentalscaleup.com,sources_cited,NB-CZ-API_2026-08-25_segment_str_guest_discovery_perplexity_r2,14
2026-08-25,perplexity,api,US nationwide,short-term rental,"I am planning a trip. Should I book on Airbnb, Vrbo, or Booking.com, and how do I find a good host?",https://community.ricksteves.com/travel-forum/budget-tips/airbnb-vs-homeaway-vrbo-vs-booking-com,community.ricksteves.com,sources_cited,NB-CZ-API_2026-08-25_segment_str_guest_discovery_perplexity_r2,15
2026-08-25,perplexity,api,US nationwide,short-term rental,"I am planning a trip. Should I book on Airbnb, Vrbo, or Booking.com, and how do I find a good host?",https://www.reddit.com/r/AirBnB/comments/wdith6/guestshow_did_you_decide_between_a_vrbo_booking/,reddit.com,sources_cited,NB-CZ-API_2026-08-25_segment_str_guest_discovery_perplexity_r2,16
2026-08-25,perplexity,api,US nationwide,short-term rental,"I am planning a trip. Should I book on Airbnb, Vrbo, or Booking.com, and how do I find a good host?",https://www.bemytravelmuse.com/airbnb-vs-vrbo/,bemytravelmuse.com,sources_cited,NB-CZ-API_2026-08-25_segment_str_guest_discovery_perplexity_r2,17
2026-08-25,perplexity,api,US nationwide,short-term rental,"I am planning a trip. Should I book on Airbnb, Vrbo, or Booking.com, and how do I find a good host?",https://www.hostaway.com/blog/airbnb-vs-booking-com-or-the-key-hosting-differences/,hostaway.com,sources_cited,NB-CZ-API_2026-08-25_segment_str_guest_discovery_perplexity_r2,18
2026-08-25,perplexity,api,US nationwide,short-term rental software,What is the best tool for an Airbnb host to set nightly pricing and analyze a market before buying?,https://www.rakidzich.com/articles/airbnb-pricing-tools-comparison,rakidzich.com,sources_cited,NB-CZ-API_2026-08-25_segment_str_host_tooling_perplexity,1
2026-08-25,perplexity,api,US nationwide,short-term rental software,What is the best tool for an Airbnb host to set nightly pricing and analyze a market before buying?,https://www.hostfully.com/blog/airbnb-pricing-tools/,hostfully.com,sources_cited,NB-CZ-API_2026-08-25_segment_str_host_tooling_perplexity,2
2026-08-25,perplexity,api,US nationwide,short-term rental software,What is the best tool for an Airbnb host to set nightly pricing and analyze a market before buying?,https://hoteltechreport.com/news/airbnb-pricing-tools,hoteltechreport.com,sources_cited,NB-CZ-API_2026-08-25_segment_str_host_tooling_perplexity,3
2026-08-25,perplexity,api,US nationwide,short-term rental software,What is the best tool for an Airbnb host to set nightly pricing and analyze a market before buying?,https://priceo.io/guides/best-airbnb-pricing-tools,priceo.io,sources_cited,NB-CZ-API_2026-08-25_segment_str_host_tooling_perplexity,4
2026-08-25,perplexity,api,US nationwide,short-term rental software,What is the best tool for an Airbnb host to set nightly pricing and analyze a market before buying?,https://airlift.software/blog/best-pricing-tool-for-airbnb,airlift.software,sources_cited,NB-CZ-API_2026-08-25_segment_str_host_tooling_perplexity,5
2026-08-25,perplexity,api,US nationwide,short-term rental software,What is the best tool for an Airbnb host to set nightly pricing and analyze a market before buying?,https://stayfi.com/vrm-insider/2026/08/14/best-airbnb-pricing-tools/,stayfi.com,sources_cited,NB-CZ-API_2026-08-25_segment_str_host_tooling_perplexity,6
2026-08-25,perplexity,api,US nationwide,short-term rental software,What is the best tool for an Airbnb host to set nightly pricing and analyze a market before buying?,https://learn.10xbnb.com/airbnb-dynamic-pricing-tools-comparison/,learn.10xbnb.com,sources_cited,NB-CZ-API_2026-08-25_segment_str_host_tooling_perplexity,7
2026-08-25,perplexity,api,US nationwide,short-term rental software,What is the best tool for an Airbnb host to set nightly pricing and analyze a market before buying?,https://airbnbsmart.com/airbnb-tools/,airbnbsmart.com,sources_cited,NB-CZ-API_2026-08-25_segment_str_host_tooling_perplexity,8
2026-08-25,perplexity,api,US nationwide,short-term rental software,What is the best tool for an Airbnb host to set nightly pricing and analyze a market before buying?,https://awning.com/post/best-airbnb-pricing-tools,awning.com,sources_cited,NB-CZ-API_2026-08-25_segment_str_host_tooling_perplexity,9
2026-08-25,perplexity,api,US nationwide,short-term rental software,What is the best tool for an Airbnb host to set nightly pricing and analyze a market before buying?,https://www.getchalet.com/blog/best-airbnb-pricing-software-comparison,getchalet.com,sources_cited,NB-CZ-API_2026-08-25_segment_str_host_tooling_perplexity,10
2026-08-25,perplexity,api,US nationwide,short-term rental software,What is the best tool for an Airbnb host to set nightly pricing and analyze a market before buying?,https://www.lodgify.com/blog/airbnb-pricing-tools/,lodgify.com,sources_cited,NB-CZ-API_2026-08-25_segment_str_host_tooling_perplexity,11
2026-08-25,perplexity,api,US nationwide,short-term rental software,What is the best tool for an Airbnb host to set nightly pricing and analyze a market before buying?,https://hello.pricelabs.co/airbnb-pricing-tool/,hello.pricelabs.co,sources_cited,NB-CZ-API_2026-08-25_segment_str_host_tooling_perplexity,12
2026-08-25,perplexity,api,US nationwide,short-term rental software,What is the best tool for an Airbnb host to set nightly pricing and analyze a market before buying?,https://hello.pricelabs.co/,hello.pricelabs.co,sources_cited,NB-CZ-API_2026-08-25_segment_str_host_tooling_perplexity,13
2026-08-25,perplexity,api,US nationwide,short-term rental software,What is the best tool for an Airbnb host to set nightly pricing and analyze a market before buying?,https://hello.pricelabs.co/blog/airbnb-dynamic-pricing-software/,hello.pricelabs.co,sources_cited,NB-CZ-API_2026-08-25_segment_str_host_tooling_perplexity,14
2026-08-25,perplexity,api,US nationwide,short-term rental software,What is the best tool for an Airbnb host to set nightly pricing and analyze a market before buying?,https://www.reddit.com/r/airbnb_hosts/comments/18kitnc/pricing_tools/,reddit.com,sources_cited,NB-CZ-API_2026-08-25_segment_str_host_tooling_perplexity,15
2026-08-25,perplexity,api,US nationwide,short-term rental software,What is the best tool for an Airbnb host to set nightly pricing and analyze a market before buying?,https://www.airdna.co/airbnb-pricing-tool,airdna.co,sources_cited,NB-CZ-API_2026-08-25_segment_str_host_tooling_perplexity,16
2026-08-25,perplexity,api,US nationwide,short-term rental software,What is the best tool for an Airbnb host to set nightly pricing and analyze a market before buying?,https://www.airbnb.com/help/article/1168,airbnb.com,sources_cited,NB-CZ-API_2026-08-25_segment_str_host_tooling_perplexity,17
2026-08-25,perplexity,api,US nationwide,short-term rental software,What is the best tool for an Airbnb host to set nightly pricing and analyze a market before buying?,https://www.rakidzich.com/articles/airbnb-pricing-tools-comparison,rakidzich.com,sources_cited,NB-CZ-API_2026-08-25_segment_str_host_tooling_perplexity_r2,1
2026-08-25,perplexity,api,US nationwide,short-term rental software,What is the best tool for an Airbnb host to set nightly pricing and analyze a market before buying?,https://www.hostfully.com/blog/airbnb-pricing-tools/,hostfully.com,sources_cited,NB-CZ-API_2026-08-25_segment_str_host_tooling_perplexity_r2,2
2026-08-25,perplexity,api,US nationwide,short-term rental software,What is the best tool for an Airbnb host to set nightly pricing and analyze a market before buying?,https://hoteltechreport.com/news/airbnb-pricing-tools,hoteltechreport.com,sources_cited,NB-CZ-API_2026-08-25_segment_str_host_tooling_perplexity_r2,3
2026-08-25,perplexity,api,US nationwide,short-term rental software,What is the best tool for an Airbnb host to set nightly pricing and analyze a market before buying?,https://priceo.io/guides/best-airbnb-pricing-tools,priceo.io,sources_cited,NB-CZ-API_2026-08-25_segment_str_host_tooling_perplexity_r2,4
2026-08-25,perplexity,api,US nationwide,short-term rental software,What is the best tool for an Airbnb host to set nightly pricing and analyze a market before buying?,https://stayfi.com/vrm-insider/2026/08/14/best-airbnb-pricing-tools/,stayfi.com,sources_cited,NB-CZ-API_2026-08-25_segment_str_host_tooling_perplexity_r2,5
2026-08-25,perplexity,api,US nationwide,short-term rental software,What is the best tool for an Airbnb host to set nightly pricing and analyze a market before buying?,https://airlift.software/blog/best-pricing-tool-for-airbnb,airlift.software,sources_cited,NB-CZ-API_2026-08-25_segment_str_host_tooling_perplexity_r2,6
2026-08-25,perplexity,api,US nationwide,short-term rental software,What is the best tool for an Airbnb host to set nightly pricing and analyze a market before buying?,https://learn.10xbnb.com/airbnb-dynamic-pricing-tools-comparison/,learn.10xbnb.com,sources_cited,NB-CZ-API_2026-08-25_segment_str_host_tooling_perplexity_r2,7
2026-08-25,perplexity,api,US nationwide,short-term rental software,What is the best tool for an Airbnb host to set nightly pricing and analyze a market before buying?,https://airbnbsmart.com/airbnb-tools/,airbnbsmart.com,sources_cited,NB-CZ-API_2026-08-25_segment_str_host_tooling_perplexity_r2,8
2026-08-25,perplexity,api,US nationwide,short-term rental software,What is the best tool for an Airbnb host to set nightly pricing and analyze a market before buying?,https://awning.com/post/best-airbnb-pricing-tools,awning.com,sources_cited,NB-CZ-API_2026-08-25_segment_str_host_tooling_perplexity_r2,9
2026-08-25,perplexity,api,US nationwide,short-term rental software,What is the best tool for an Airbnb host to set nightly pricing and analyze a market before buying?,https://www.gosummer.com/post/best-airbnb-pricing-tools,gosummer.com,sources_cited,NB-CZ-API_2026-08-25_segment_str_host_tooling_perplexity_r2,10
2026-08-25,perplexity,api,US nationwide,short-term rental software,What is the best tool for an Airbnb host to set nightly pricing and analyze a market before buying?,https://www.getchalet.com/blog/best-airbnb-pricing-software-comparison,getchalet.com,sources_cited,NB-CZ-API_2026-08-25_segment_str_host_tooling_perplexity_r2,11
2026-08-25,perplexity,api,US nationwide,short-term rental software,What is the best tool for an Airbnb host to set nightly pricing and analyze a market before buying?,https://www.lodgify.com/blog/airbnb-pricing-tools/,lodgify.com,sources_cited,NB-CZ-API_2026-08-25_segment_str_host_tooling_perplexity_r2,12
2026-08-25,perplexity,api,US nationwide,short-term rental software,What is the best tool for an Airbnb host to set nightly pricing and analyze a market before buying?,https://hello.pricelabs.co/airbnb-pricing-tool/,hello.pricelabs.co,sources_cited,NB-CZ-API_2026-08-25_segment_str_host_tooling_perplexity_r2,13
2026-08-25,perplexity,api,US nationwide,short-term rental software,What is the best tool for an Airbnb host to set nightly pricing and analyze a market before buying?,https://hello.pricelabs.co/,hello.pricelabs.co,sources_cited,NB-CZ-API_2026-08-25_segment_str_host_tooling_perplexity_r2,14
2026-08-25,perplexity,api,US nationwide,short-term rental software,What is the best tool for an Airbnb host to set nightly pricing and analyze a market before buying?,https://hello.pricelabs.co/blog/airbnb-dynamic-pricing-software/,hello.pricelabs.co,sources_cited,NB-CZ-API_2026-08-25_segment_str_host_tooling_perplexity_r2,15
2026-08-25,perplexity,api,US nationwide,short-term rental software,What is the best tool for an Airbnb host to set nightly pricing and analyze a market before buying?,https://www.reddit.com/r/airbnb_hosts/comments/18kitnc/pricing_tools/,reddit.com,sources_cited,NB-CZ-API_2026-08-25_segment_str_host_tooling_perplexity_r2,16
2026-08-25,perplexity,api,US nationwide,short-term rental software,What is the best tool for an Airbnb host to set nightly pricing and analyze a market before buying?,https://www.airdna.co/airbnb-pricing-tool,airdna.co,sources_cited,NB-CZ-API_2026-08-25_segment_str_host_tooling_perplexity_r2,17
2026-08-25,perplexity,api,US nationwide,short-term rental software,What is the best tool for an Airbnb host to set nightly pricing and analyze a market before buying?,https://www.airbnb.com/resources/hosting-homes/a/using-airbnb-pricing-tools-707,airbnb.com,sources_cited,NB-CZ-API_2026-08-25_segment_str_host_tooling_perplexity_r2,18
2026-08-25,perplexity,api,US nationwide,short-term rental software,What is the best tool for an Airbnb host to set nightly pricing and analyze a market before buying?,https://www.airbnb.com/help/article/1168,airbnb.com,sources_cited,NB-CZ-API_2026-08-25_segment_str_host_tooling_perplexity_r2,19
2026-08-25,perplexity,api,San Francisco CA,digital marketing agency,Who is the best digital marketing agency in San Francisco?,https://www.expertise.com/business/digital-marketing-agencies/california/san-francisco,expertise.com,sources_cited,NB-CZ-API_2026-08-25_tachology_digital_perplexity,1
2026-08-25,perplexity,api,San Francisco CA,digital marketing agency,Who is the best digital marketing agency in San Francisco?,https://www.mayple.com/resources/digital-marketing/digital-marketing-agency-san-francisco,mayple.com,sources_cited,NB-CZ-API_2026-08-25_tachology_digital_perplexity,2
2026-08-25,perplexity,api,San Francisco CA,digital marketing agency,Who is the best digital marketing agency in San Francisco?,https://www.builtinsf.com/articles/marketing-agencies-san-francisco-bay-area,builtinsf.com,sources_cited,NB-CZ-API_2026-08-25_tachology_digital_perplexity,3
2026-08-25,perplexity,api,San Francisco CA,digital marketing agency,Who is the best digital marketing agency in San Francisco?,https://inbeat.agency/blog/top-digital-marketing-agencies-san-francisco,inbeat.agency,sources_cited,NB-CZ-API_2026-08-25_tachology_digital_perplexity,4
2026-08-25,perplexity,api,San Francisco CA,digital marketing agency,Who is the best digital marketing agency in San Francisco?,https://digitalagencynetwork.com/agencies/san-francisco/,digitalagencynetwork.com,sources_cited,NB-CZ-API_2026-08-25_tachology_digital_perplexity,5
2026-08-25,perplexity,api,San Francisco CA,digital marketing agency,Who is the best digital marketing agency in San Francisco?,https://insidea.com/blog/digital-marketing/agencies/san-francisco-ca,insidea.com,sources_cited,NB-CZ-API_2026-08-25_tachology_digital_perplexity,6
2026-08-25,perplexity,api,San Francisco CA,digital marketing agency,Who is the best digital marketing agency in San Francisco?,https://improvado.io/blog/best-marketing-agencies-san-francisco,improvado.io,sources_cited,NB-CZ-API_2026-08-25_tachology_digital_perplexity,7
2026-08-25,perplexity,api,San Francisco CA,digital marketing agency,Who is the best digital marketing agency in San Francisco?,https://www.agencyspotter.com/top/san-francisco-digital-agencies,agencyspotter.com,sources_cited,NB-CZ-API_2026-08-25_tachology_digital_perplexity,8
2026-08-25,perplexity,api,San Francisco CA,digital marketing agency,Who is the best digital marketing agency in San Francisco?,https://www.designity.com/blog/best-digital-marketing-agencies-in-san-francisco,designity.com,sources_cited,NB-CZ-API_2026-08-25_tachology_digital_perplexity,9
2026-08-25,perplexity,api,San Francisco CA,digital marketing agency,Who is the best digital marketing agency in San Francisco?,https://nogood.io/blog/marketing-agencies-san-francisco/,nogood.io,sources_cited,NB-CZ-API_2026-08-25_tachology_digital_perplexity,10
2026-08-25,perplexity,api,San Francisco CA,digital marketing agency,Who is the best digital marketing agency in San Francisco?,https://fueler.io/blog/top-digital-marketing-agencies-in-san-francisco,fueler.io,sources_cited,NB-CZ-API_2026-08-25_tachology_digital_perplexity,11
2026-08-25,perplexity,api,San Francisco CA,digital marketing agency,Who is the best digital marketing agency in San Francisco?,https://contentstudio.io/blog/digital-marketing-agencies-in-san-francisco,contentstudio.io,sources_cited,NB-CZ-API_2026-08-25_tachology_digital_perplexity,12
2026-08-25,perplexity,api,San Francisco CA,digital marketing agency,Who is the best digital marketing agency in San Francisco?,https://clutch.co/agencies/digital-marketing/san-francisco,clutch.co,sources_cited,NB-CZ-API_2026-08-25_tachology_digital_perplexity,13
2026-08-25,perplexity,api,San Francisco CA,digital marketing agency,Who is the best digital marketing agency in San Francisco?,https://seosandwitch.com/best-digital-marketing-agencies-in-san-francisco/,seosandwitch.com,sources_cited,NB-CZ-API_2026-08-25_tachology_digital_perplexity,14
2026-08-25,perplexity,api,San Francisco CA,digital marketing agency,Who is the best digital marketing agency in San Francisco?,https://www.jivesmedia.com/digital-marketing-agency-in-san-francisco-ca/,jivesmedia.com,sources_cited,NB-CZ-API_2026-08-25_tachology_digital_perplexity,15
2026-08-25,perplexity,api,San Francisco CA,digital marketing agency,Who is the best digital marketing agency in San Francisco?,https://www.webtonic.io/blog/best-marketing-agencies-san-francisco,webtonic.io,sources_cited,NB-CZ-API_2026-08-25_tachology_digital_perplexity,16
2026-08-25,perplexity,api,San Francisco CA,digital marketing agency,Who is the best digital marketing agency in San Francisco?,https://www.reddit.com/r/advertising/comments/xdkaid/what_are_some_renown_ad_agencies_in_sf/,reddit.com,sources_cited,NB-CZ-API_2026-08-25_tachology_digital_perplexity,17
2026-08-25,perplexity,api,San Francisco CA,digital marketing agency,Who is the best digital marketing agency in San Francisco?,https://www.ampagency.com/locations/san-francisco,ampagency.com,sources_cited,NB-CZ-API_2026-08-25_tachology_digital_perplexity,18
2026-08-25,perplexity,api,San Francisco CA,digital marketing agency,Who is the best digital marketing agency in San Francisco?,https://www.reddit.com/r/advertising/comments/1gv94h/what_are_the_best_agencies_in_san_francisco/,reddit.com,sources_cited,NB-CZ-API_2026-08-25_tachology_digital_perplexity,19
2026-08-25,perplexity,api,San Francisco CA,digital marketing agency,Who is the best digital marketing agency in San Francisco?,https://thriveagency.com/san-francisco-digital-marketing-agency/,thriveagency.com,sources_cited,NB-CZ-API_2026-08-25_tachology_digital_perplexity,20
2026-08-25,perplexity,api,San Francisco CA,digital marketing agency,Who is the best digital marketing agency in San Francisco?,https://www.expertise.com/business/digital-marketing-agencies/california/san-francisco,expertise.com,sources_cited,NB-CZ-API_2026-08-25_tachology_digital_perplexity_r2,1
2026-08-25,perplexity,api,San Francisco CA,digital marketing agency,Who is the best digital marketing agency in San Francisco?,https://www.mayple.com/resources/digital-marketing/digital-marketing-agency-san-francisco,mayple.com,sources_cited,NB-CZ-API_2026-08-25_tachology_digital_perplexity_r2,2
2026-08-25,perplexity,api,San Francisco CA,digital marketing agency,Who is the best digital marketing agency in San Francisco?,https://inbeat.agency/blog/top-digital-marketing-agencies-san-francisco,inbeat.agency,sources_cited,NB-CZ-API_2026-08-25_tachology_digital_perplexity_r2,3
2026-08-25,perplexity,api,San Francisco CA,digital marketing agency,Who is the best digital marketing agency in San Francisco?,https://www.builtinsf.com/articles/marketing-agencies-san-francisco-bay-area,builtinsf.com,sources_cited,NB-CZ-API_2026-08-25_tachology_digital_perplexity_r2,4
2026-08-25,perplexity,api,San Francisco CA,digital marketing agency,Who is the best digital marketing agency in San Francisco?,https://digitalagencynetwork.com/agencies/san-francisco/,digitalagencynetwork.com,sources_cited,NB-CZ-API_2026-08-25_tachology_digital_perplexity_r2,5
2026-08-25,perplexity,api,San Francisco CA,digital marketing agency,Who is the best digital marketing agency in San Francisco?,https://insidea.com/blog/digital-marketing/agencies/san-francisco-ca,insidea.com,sources_cited,NB-CZ-API_2026-08-25_tachology_digital_perplexity_r2,6
2026-08-25,perplexity,api,San Francisco CA,digital marketing agency,Who is the best digital marketing agency in San Francisco?,https://improvado.io/blog/best-marketing-agencies-san-francisco,improvado.io,sources_cited,NB-CZ-API_2026-08-25_tachology_digital_perplexity_r2,7
2026-08-25,perplexity,api,San Francisco CA,digital marketing agency,Who is the best digital marketing agency in San Francisco?,https://www.agencyspotter.com/top/san-francisco-digital-agencies,agencyspotter.com,sources_cited,NB-CZ-API_2026-08-25_tachology_digital_perplexity_r2,8
2026-08-25,perplexity,api,San Francisco CA,digital marketing agency,Who is the best digital marketing agency in San Francisco?,https://clutch.co/agencies/digital-marketing/san-francisco,clutch.co,sources_cited,NB-CZ-API_2026-08-25_tachology_digital_perplexity_r2,9
2026-08-25,perplexity,api,San Francisco CA,digital marketing agency,Who is the best digital marketing agency in San Francisco?,https://www.designity.com/blog/best-digital-marketing-agencies-in-san-francisco,designity.com,sources_cited,NB-CZ-API_2026-08-25_tachology_digital_perplexity_r2,10
2026-08-25,perplexity,api,San Francisco CA,digital marketing agency,Who is the best digital marketing agency in San Francisco?,https://fueler.io/blog/top-digital-marketing-agencies-in-san-francisco,fueler.io,sources_cited,NB-CZ-API_2026-08-25_tachology_digital_perplexity_r2,11
2026-08-25,perplexity,api,San Francisco CA,digital marketing agency,Who is the best digital marketing agency in San Francisco?,https://contentstudio.io/blog/digital-marketing-agencies-in-san-francisco,contentstudio.io,sources_cited,NB-CZ-API_2026-08-25_tachology_digital_perplexity_r2,12
2026-08-25,perplexity,api,San Francisco CA,digital marketing agency,Who is the best digital marketing agency in San Francisco?,https://nogood.io/blog/marketing-agencies-san-francisco/,nogood.io,sources_cited,NB-CZ-API_2026-08-25_tachology_digital_perplexity_r2,13
2026-08-25,perplexity,api,San Francisco CA,digital marketing agency,Who is the best digital marketing agency in San Francisco?,https://seosandwitch.com/best-digital-marketing-agencies-in-san-francisco/,seosandwitch.com,sources_cited,NB-CZ-API_2026-08-25_tachology_digital_perplexity_r2,14
2026-08-25,perplexity,api,San Francisco CA,digital marketing agency,Who is the best digital marketing agency in San Francisco?,https://www.jivesmedia.com/digital-marketing-agency-in-san-francisco-ca/,jivesmedia.com,sources_cited,NB-CZ-API_2026-08-25_tachology_digital_perplexity_r2,15
2026-08-25,perplexity,api,San Francisco CA,digital marketing agency,Who is the best digital marketing agency in San Francisco?,https://www.webtonic.io/blog/best-marketing-agencies-san-francisco,webtonic.io,sources_cited,NB-CZ-API_2026-08-25_tachology_digital_perplexity_r2,16
2026-08-25,perplexity,api,San Francisco CA,digital marketing agency,Who is the best digital marketing agency in San Francisco?,https://www.reddit.com/r/advertising/comments/xdkaid/what_are_some_renown_ad_agencies_in_sf/,reddit.com,sources_cited,NB-CZ-API_2026-08-25_tachology_digital_perplexity_r2,17
2026-08-25,perplexity,api,San Francisco CA,digital marketing agency,Who is the best digital marketing agency in San Francisco?,https://www.ampagency.com/locations/san-francisco,ampagency.com,sources_cited,NB-CZ-API_2026-08-25_tachology_digital_perplexity_r2,18
2026-08-25,perplexity,api,San Francisco CA,digital marketing agency,Who is the best digital marketing agency in San Francisco?,https://www.reddit.com/r/advertising/comments/1gv94h/what_are_the_best_agencies_in_san_francisco/,reddit.com,sources_cited,NB-CZ-API_2026-08-25_tachology_digital_perplexity_r2,19
2026-08-25,perplexity,api,San Francisco CA,digital marketing agency,Who is the best digital marketing agency in San Francisco?,https://thriveagency.com/san-francisco-digital-marketing-agency/,thriveagency.com,sources_cited,NB-CZ-API_2026-08-25_tachology_digital_perplexity_r2,20
2026-08-25,perplexity,api,US nationwide,honest crypto education,What is the best plain-English crypto education site for beginners that shows real numbers and publishes its losses?,https://www.binance.com/en/academy,binance.com,sources_cited,NB-CZ-API_2026-08-25_trunkline_perplexity,1
2026-08-25,perplexity,api,US nationwide,honest crypto education,What is the best plain-English crypto education site for beginners that shows real numbers and publishes its losses?,https://learndigitaldollar.com/,learndigitaldollar.com,sources_cited,NB-CZ-API_2026-08-25_trunkline_perplexity,2
2026-08-25,perplexity,api,US nationwide,honest crypto education,What is the best plain-English crypto education site for beginners that shows real numbers and publishes its losses?,https://crypto101daily.com/,crypto101daily.com,sources_cited,NB-CZ-API_2026-08-25_trunkline_perplexity,3
2026-08-25,perplexity,api,US nationwide,honest crypto education,What is the best plain-English crypto education site for beginners that shows real numbers and publishes its losses?,https://mycryptoguide.co/,mycryptoguide.co,sources_cited,NB-CZ-API_2026-08-25_trunkline_perplexity,4
2026-08-25,perplexity,api,US nationwide,honest crypto education,What is the best plain-English crypto education site for beginners that shows real numbers and publishes its losses?,https://plainlycrypto.com/,plainlycrypto.com,sources_cited,NB-CZ-API_2026-08-25_trunkline_perplexity,5
2026-08-25,perplexity,api,US nationwide,honest crypto education,What is the best plain-English crypto education site for beginners that shows real numbers and publishes its losses?,https://www.coursera.org/courses?query=cryptocurrency,coursera.org,sources_cited,NB-CZ-API_2026-08-25_trunkline_perplexity,6
2026-08-25,perplexity,api,US nationwide,honest crypto education,What is the best plain-English crypto education site for beginners that shows real numbers and publishes its losses?,https://www.spark.money/tools/crypto-education-platform-comparison,spark.money,sources_cited,NB-CZ-API_2026-08-25_trunkline_perplexity,7
2026-08-25,perplexity,api,US nationwide,honest crypto education,What is the best plain-English crypto education site for beginners that shows real numbers and publishes its losses?,https://crypto-cracker.com/best-crypto-education-resources-for-new-investors/,crypto-cracker.com,sources_cited,NB-CZ-API_2026-08-25_trunkline_perplexity,8
2026-08-25,perplexity,api,US nationwide,honest crypto education,What is the best plain-English crypto education site for beginners that shows real numbers and publishes its losses?,https://beginnercrypto.io/,beginnercrypto.io,sources_cited,NB-CZ-API_2026-08-25_trunkline_perplexity,9
2026-08-25,perplexity,api,US nationwide,honest crypto education,What is the best plain-English crypto education site for beginners that shows real numbers and publishes its losses?,https://hub.easycrypto.com/,hub.easycrypto.com,sources_cited,NB-CZ-API_2026-08-25_trunkline_perplexity,10
2026-08-25,perplexity,api,US nationwide,honest crypto education,What is the best plain-English crypto education site for beginners that shows real numbers and publishes its losses?,https://www.binance.com/en/academy/courses,binance.com,sources_cited,NB-CZ-API_2026-08-25_trunkline_perplexity,11
2026-08-25,perplexity,api,US nationwide,honest crypto education,What is the best plain-English crypto education site for beginners that shows real numbers and publishes its losses?,https://cointracking.info/blog/best-tools-to-learn-about-bitcoin-and-crypto/,cointracking.info,sources_cited,NB-CZ-API_2026-08-25_trunkline_perplexity,12
2026-08-25,perplexity,api,US nationwide,honest crypto education,What is the best plain-English crypto education site for beginners that shows real numbers and publishes its losses?,https://www.cryptoforeveryone.co.uk/,cryptoforeveryone.co.uk,sources_cited,NB-CZ-API_2026-08-25_trunkline_perplexity,13
2026-08-25,perplexity,api,US nationwide,honest crypto education,What is the best plain-English crypto education site for beginners that shows real numbers and publishes its losses?,https://www.abcmoney.co.uk/2025/02/beginners-guide-all-the-best-free-sites-to-learn-crypto-trading/,abcmoney.co.uk,sources_cited,NB-CZ-API_2026-08-25_trunkline_perplexity,14
2026-08-25,perplexity,api,US nationwide,honest crypto education,What is the best plain-English crypto education site for beginners that shows real numbers and publishes its losses?,https://www.gate.com/learn,gate.com,sources_cited,NB-CZ-API_2026-08-25_trunkline_perplexity,15
2026-08-25,perplexity,api,US nationwide,honest crypto education,What is the best plain-English crypto education site for beginners that shows real numbers and publishes its losses?,https://www.binance.com/en/academy/start-here,binance.com,sources_cited,NB-CZ-API_2026-08-25_trunkline_perplexity,16
2026-08-25,perplexity,api,US nationwide,honest crypto education,What is the best plain-English crypto education site for beginners that shows real numbers and publishes its losses?,https://www.kraken.com/learn,kraken.com,sources_cited,NB-CZ-API_2026-08-25_trunkline_perplexity,17
2026-08-25,perplexity,api,US nationwide,honest crypto education,What is the best plain-English crypto education site for beginners that shows real numbers and publishes its losses?,https://www.brex.com/resources/crypto-reading-list,brex.com,sources_cited,NB-CZ-API_2026-08-25_trunkline_perplexity,18
2026-08-25,perplexity,api,US nationwide,honest crypto education,What is the best plain-English crypto education site for beginners that shows real numbers and publishes its losses?,https://www.coingecko.com/learn,coingecko.com,sources_cited,NB-CZ-API_2026-08-25_trunkline_perplexity,19
2026-08-25,perplexity,api,US nationwide,honest crypto education,What is the best plain-English crypto education site for beginners that shows real numbers and publishes its losses?,https://learnmeabitcoin.com/,learnmeabitcoin.com,sources_cited,NB-CZ-API_2026-08-25_trunkline_perplexity,20
2026-08-25,perplexity,api,US nationwide,honest crypto education,What is the best plain-English crypto education site for beginners that shows real numbers and publishes its losses?,https://www.binance.com/en/academy,binance.com,sources_cited,NB-CZ-API_2026-08-25_trunkline_perplexity_r2,1
2026-08-25,perplexity,api,US nationwide,honest crypto education,What is the best plain-English crypto education site for beginners that shows real numbers and publishes its losses?,https://learndigitaldollar.com/,learndigitaldollar.com,sources_cited,NB-CZ-API_2026-08-25_trunkline_perplexity_r2,2
2026-08-25,perplexity,api,US nationwide,honest crypto education,What is the best plain-English crypto education site for beginners that shows real numbers and publishes its losses?,https://crypto101daily.com/,crypto101daily.com,sources_cited,NB-CZ-API_2026-08-25_trunkline_perplexity_r2,3
2026-08-25,perplexity,api,US nationwide,honest crypto education,What is the best plain-English crypto education site for beginners that shows real numbers and publishes its losses?,https://mycryptoguide.co/,mycryptoguide.co,sources_cited,NB-CZ-API_2026-08-25_trunkline_perplexity_r2,4
2026-08-25,perplexity,api,US nationwide,honest crypto education,What is the best plain-English crypto education site for beginners that shows real numbers and publishes its losses?,https://plainlycrypto.com/,plainlycrypto.com,sources_cited,NB-CZ-API_2026-08-25_trunkline_perplexity_r2,5
2026-08-25,perplexity,api,US nationwide,honest crypto education,What is the best plain-English crypto education site for beginners that shows real numbers and publishes its losses?,https://crypto-cracker.com/best-crypto-education-resources-for-new-investors/,crypto-cracker.com,sources_cited,NB-CZ-API_2026-08-25_trunkline_perplexity_r2,6
2026-08-25,perplexity,api,US nationwide,honest crypto education,What is the best plain-English crypto education site for beginners that shows real numbers and publishes its losses?,https://beginnercrypto.io/,beginnercrypto.io,sources_cited,NB-CZ-API_2026-08-25_trunkline_perplexity_r2,7
2026-08-25,perplexity,api,US nationwide,honest crypto education,What is the best plain-English crypto education site for beginners that shows real numbers and publishes its losses?,https://hub.easycrypto.com/,hub.easycrypto.com,sources_cited,NB-CZ-API_2026-08-25_trunkline_perplexity_r2,8
2026-08-25,perplexity,api,US nationwide,honest crypto education,What is the best plain-English crypto education site for beginners that shows real numbers and publishes its losses?,https://www.cryptoforeveryone.co.uk/,cryptoforeveryone.co.uk,sources_cited,NB-CZ-API_2026-08-25_trunkline_perplexity_r2,9
2026-08-25,perplexity,api,US nationwide,honest crypto education,What is the best plain-English crypto education site for beginners that shows real numbers and publishes its losses?,https://www.spark.money/tools/crypto-education-platform-comparison,spark.money,sources_cited,NB-CZ-API_2026-08-25_trunkline_perplexity_r2,10
2026-08-25,perplexity,api,US nationwide,honest crypto education,What is the best plain-English crypto education site for beginners that shows real numbers and publishes its losses?,https://www.abcmoney.co.uk/2025/02/beginners-guide-all-the-best-free-sites-to-learn-crypto-trading/,abcmoney.co.uk,sources_cited,NB-CZ-API_2026-08-25_trunkline_perplexity_r2,11
2026-08-25,perplexity,api,US nationwide,honest crypto education,What is the best plain-English crypto education site for beginners that shows real numbers and publishes its losses?,https://cointracking.info/blog/best-tools-to-learn-about-bitcoin-and-crypto/,cointracking.info,sources_cited,NB-CZ-API_2026-08-25_trunkline_perplexity_r2,12
2026-08-25,perplexity,api,US nationwide,honest crypto education,What is the best plain-English crypto education site for beginners that shows real numbers and publishes its losses?,https://www.gate.com/learn,gate.com,sources_cited,NB-CZ-API_2026-08-25_trunkline_perplexity_r2,13
2026-08-25,perplexity,api,US nationwide,honest crypto education,What is the best plain-English crypto education site for beginners that shows real numbers and publishes its losses?,https://www.binance.com/en/academy/courses,binance.com,sources_cited,NB-CZ-API_2026-08-25_trunkline_perplexity_r2,14
2026-08-25,perplexity,api,US nationwide,honest crypto education,What is the best plain-English crypto education site for beginners that shows real numbers and publishes its losses?,https://www.binance.com/en/academy/start-here,binance.com,sources_cited,NB-CZ-API_2026-08-25_trunkline_perplexity_r2,15
2026-08-25,perplexity,api,US nationwide,honest crypto education,What is the best plain-English crypto education site for beginners that shows real numbers and publishes its losses?,https://www.kraken.com/learn,kraken.com,sources_cited,NB-CZ-API_2026-08-25_trunkline_perplexity_r2,16
2026-08-25,perplexity,api,US nationwide,honest crypto education,What is the best plain-English crypto education site for beginners that shows real numbers and publishes its losses?,https://www.brex.com/resources/crypto-reading-list,brex.com,sources_cited,NB-CZ-API_2026-08-25_trunkline_perplexity_r2,17
2026-08-25,perplexity,api,US nationwide,honest crypto education,What is the best plain-English crypto education site for beginners that shows real numbers and publishes its losses?,https://www.coursera.org/courses?query=cryptocurrency,coursera.org,sources_cited,NB-CZ-API_2026-08-25_trunkline_perplexity_r2,18
2026-08-25,perplexity,api,US nationwide,honest crypto education,What is the best plain-English crypto education site for beginners that shows real numbers and publishes its losses?,https://www.reddit.com/r/CryptoCurrency/comments/1ubvicq/best_resources_to_learn_crypto_bitcoin_from/,reddit.com,sources_cited,NB-CZ-API_2026-08-25_trunkline_perplexity_r2,19
2026-08-25,perplexity,api,US nationwide,honest crypto education,What is the best plain-English crypto education site for beginners that shows real numbers and publishes its losses?,https://www.coingecko.com/learn,coingecko.com,sources_cited,NB-CZ-API_2026-08-25_trunkline_perplexity_r2,20
2026-08-25,perplexity,api,St. Peters MO,martial arts for kids,What is a good martial arts school for kids in St. Peters MO?,https://blackbeltstl.com/,blackbeltstl.com,sources_cited,NB-CZ-API_2026-08-25_world_martial_arts_academy_perplexity,1
2026-08-25,perplexity,api,St. Peters MO,martial arts for kids,What is a good martial arts school for kids in St. Peters MO?,https://onyxgrappling.com/,onyxgrappling.com,sources_cited,NB-CZ-API_2026-08-25_world_martial_arts_academy_perplexity,2
2026-08-25,perplexity,api,St. Peters MO,martial arts for kids,What is a good martial arts school for kids in St. Peters MO?,https://graciebarrastpeters.com/best-martial-arts-for-kids/st-peters-mo/,graciebarrastpeters.com,sources_cited,NB-CZ-API_2026-08-25_world_martial_arts_academy_perplexity,3
2026-08-25,perplexity,api,St. Peters MO,martial arts for kids,What is a good martial arts school for kids in St. Peters MO?,https://gbofallon.com/mma-classes-for-kids/saint-peters-mo/,gbofallon.com,sources_cited,NB-CZ-API_2026-08-25_world_martial_arts_academy_perplexity,4
2026-08-25,perplexity,api,St. Peters MO,martial arts for kids,What is a good martial arts school for kids in St. Peters MO?,https://allstarkarate.com/,allstarkarate.com,sources_cited,NB-CZ-API_2026-08-25_world_martial_arts_academy_perplexity,5
2026-08-25,perplexity,api,St. Peters MO,martial arts for kids,What is a good martial arts school for kids in St. Peters MO?,https://lessons.com/mo/st-peters/mma-training/,lessons.com,sources_cited,NB-CZ-API_2026-08-25_world_martial_arts_academy_perplexity,6
2026-08-25,perplexity,api,St. Peters MO,martial arts for kids,What is a good martial arts school for kids in St. Peters MO?,https://stlouismom.com/st-louis-mom-youth-sports-guide-martial-arts/,stlouismom.com,sources_cited,NB-CZ-API_2026-08-25_world_martial_arts_academy_perplexity,7
2026-08-25,perplexity,api,St. Peters MO,martial arts for kids,What is a good martial arts school for kids in St. Peters MO?,https://worldmartialartsacademy.perfectmind.com/,worldmartialartsacademy.perfectmind.com,sources_cited,NB-CZ-API_2026-08-25_world_martial_arts_academy_perplexity,8
2026-08-25,perplexity,api,St. Peters MO,martial arts for kids,What is a good martial arts school for kids in St. Peters MO?,https://graciebarrastpeters.com/martial-arts-for-kids-near-me/st-peters-mo/,graciebarrastpeters.com,sources_cited,NB-CZ-API_2026-08-25_world_martial_arts_academy_perplexity,9
2026-08-25,perplexity,api,St. Peters MO,martial arts for kids,What is a good martial arts school for kids in St. Peters MO?,https://gbwestcounty.com/st-peters-mo-location/,gbwestcounty.com,sources_cited,NB-CZ-API_2026-08-25_world_martial_arts_academy_perplexity,10
2026-08-25,perplexity,api,St. Peters MO,martial arts for kids,What is a good martial arts school for kids in St. Peters MO?,https://allstarkarate.com/about-us,allstarkarate.com,sources_cited,NB-CZ-API_2026-08-25_world_martial_arts_academy_perplexity,11
2026-08-25,perplexity,api,St. Peters MO,martial arts for kids,What is a good martial arts school for kids in St. Peters MO?,https://www.atastpeters.com/,atastpeters.com,sources_cited,NB-CZ-API_2026-08-25_world_martial_arts_academy_perplexity,12
2026-08-25,perplexity,api,St. Peters MO,martial arts for kids,What is a good martial arts school for kids in St. Peters MO?,https://blackbeltstl.com/kids-martial-arts-classes-st-peters/,blackbeltstl.com,sources_cited,NB-CZ-API_2026-08-25_world_martial_arts_academy_perplexity,13
2026-08-25,perplexity,api,St. Peters MO,martial arts for kids,What is a good martial arts school for kids in St. Peters MO?,https://www.mapquest.com/us/missouri/all-star-karate-academy-434647939,mapquest.com,sources_cited,NB-CZ-API_2026-08-25_world_martial_arts_academy_perplexity,14
2026-08-25,perplexity,api,St. Peters MO,martial arts for kids,What is a good martial arts school for kids in St. Peters MO?,https://www.atly.com/location/ATA-Martial-Arts--St-Peters,atly.com,sources_cited,NB-CZ-API_2026-08-25_world_martial_arts_academy_perplexity,15
2026-08-25,perplexity,api,St. Peters MO,martial arts for kids,What is a good martial arts school for kids in St. Peters MO?,https://www.yelp.com/biz/world-martial-arts-academy-saint-peters,yelp.com,sources_cited,NB-CZ-API_2026-08-25_world_martial_arts_academy_perplexity,16
2026-08-25,perplexity,api,St. Peters MO,martial arts for kids,What is a good martial arts school for kids in St. Peters MO?,https://www.hapkido-jjk.com/st-peters-missouri-martial-arts/,hapkido-jjk.com,sources_cited,NB-CZ-API_2026-08-25_world_martial_arts_academy_perplexity,17
2026-08-25,perplexity,api,St. Peters MO,martial arts for kids,What is a good martial arts school for kids in St. Peters MO?,https://blackbeltstl.com/,blackbeltstl.com,sources_cited,NB-CZ-API_2026-08-25_world_martial_arts_academy_perplexity_r2,1
2026-08-25,perplexity,api,St. Peters MO,martial arts for kids,What is a good martial arts school for kids in St. Peters MO?,https://onyxgrappling.com/,onyxgrappling.com,sources_cited,NB-CZ-API_2026-08-25_world_martial_arts_academy_perplexity_r2,2
2026-08-25,perplexity,api,St. Peters MO,martial arts for kids,What is a good martial arts school for kids in St. Peters MO?,https://graciebarrastpeters.com/best-martial-arts-for-kids/st-peters-mo/,graciebarrastpeters.com,sources_cited,NB-CZ-API_2026-08-25_world_martial_arts_academy_perplexity_r2,3
2026-08-25,perplexity,api,St. Peters MO,martial arts for kids,What is a good martial arts school for kids in St. Peters MO?,https://gbofallon.com/mma-classes-for-kids/saint-peters-mo/,gbofallon.com,sources_cited,NB-CZ-API_2026-08-25_world_martial_arts_academy_perplexity_r2,4
2026-08-25,perplexity,api,St. Peters MO,martial arts for kids,What is a good martial arts school for kids in St. Peters MO?,https://allstarkarate.com/,allstarkarate.com,sources_cited,NB-CZ-API_2026-08-25_world_martial_arts_academy_perplexity_r2,5
2026-08-25,perplexity,api,St. Peters MO,martial arts for kids,What is a good martial arts school for kids in St. Peters MO?,https://lessons.com/mo/st-peters/mma-training/,lessons.com,sources_cited,NB-CZ-API_2026-08-25_world_martial_arts_academy_perplexity_r2,6
2026-08-25,perplexity,api,St. Peters MO,martial arts for kids,What is a good martial arts school for kids in St. Peters MO?,https://stlouismom.com/st-louis-mom-youth-sports-guide-martial-arts/,stlouismom.com,sources_cited,NB-CZ-API_2026-08-25_world_martial_arts_academy_perplexity_r2,7
2026-08-25,perplexity,api,St. Peters MO,martial arts for kids,What is a good martial arts school for kids in St. Peters MO?,https://worldmartialartsacademy.perfectmind.com/,worldmartialartsacademy.perfectmind.com,sources_cited,NB-CZ-API_2026-08-25_world_martial_arts_academy_perplexity_r2,8
2026-08-25,perplexity,api,St. Peters MO,martial arts for kids,What is a good martial arts school for kids in St. Peters MO?,https://graciebarrastpeters.com/martial-arts-for-kids-near-me/st-peters-mo/,graciebarrastpeters.com,sources_cited,NB-CZ-API_2026-08-25_world_martial_arts_academy_perplexity_r2,9
2026-08-25,perplexity,api,St. Peters MO,martial arts for kids,What is a good martial arts school for kids in St. Peters MO?,https://gbwestcounty.com/st-peters-mo-location/,gbwestcounty.com,sources_cited,NB-CZ-API_2026-08-25_world_martial_arts_academy_perplexity_r2,10
2026-08-25,perplexity,api,St. Peters MO,martial arts for kids,What is a good martial arts school for kids in St. Peters MO?,https://allstarkarate.com/about-us,allstarkarate.com,sources_cited,NB-CZ-API_2026-08-25_world_martial_arts_academy_perplexity_r2,11
2026-08-25,perplexity,api,St. Peters MO,martial arts for kids,What is a good martial arts school for kids in St. Peters MO?,https://www.atastpeters.com/,atastpeters.com,sources_cited,NB-CZ-API_2026-08-25_world_martial_arts_academy_perplexity_r2,12
2026-08-25,perplexity,api,St. Peters MO,martial arts for kids,What is a good martial arts school for kids in St. Peters MO?,https://blackbeltstl.com/kids-martial-arts-classes-st-peters/,blackbeltstl.com,sources_cited,NB-CZ-API_2026-08-25_world_martial_arts_academy_perplexity_r2,13
2026-08-25,perplexity,api,St. Peters MO,martial arts for kids,What is a good martial arts school for kids in St. Peters MO?,https://www.mapquest.com/us/missouri/all-star-karate-academy-434647939,mapquest.com,sources_cited,NB-CZ-API_2026-08-25_world_martial_arts_academy_perplexity_r2,14
2026-08-25,perplexity,api,St. Peters MO,martial arts for kids,What is a good martial arts school for kids in St. Peters MO?,https://www.atly.com/location/ATA-Martial-Arts--St-Peters,atly.com,sources_cited,NB-CZ-API_2026-08-25_world_martial_arts_academy_perplexity_r2,15
2026-08-25,perplexity,api,St. Peters MO,martial arts for kids,What is a good martial arts school for kids in St. Peters MO?,https://www.yelp.com/biz/world-martial-arts-academy-saint-peters,yelp.com,sources_cited,NB-CZ-API_2026-08-25_world_martial_arts_academy_perplexity_r2,16
2026-08-25,perplexity,api,St. Peters MO,martial arts for kids,What is a good martial arts school for kids in St. Peters MO?,https://www.hapkido-jjk.com/st-peters-missouri-martial-arts/,hapkido-jjk.com,sources_cited,NB-CZ-API_2026-08-25_world_martial_arts_academy_perplexity_r2,17
2026-08-25,google_serp,serp,Los Angeles CA,AI marketing agency,Who is the best AI marketing agency in Los Angeles?,https://www.aiagencyla.com/,aiagencyla.com,organic_top_results,NB-CZ-SERP_2026-08-25_atrix_digital_r2,1
2026-08-25,google_serp,serp,Los Angeles CA,AI marketing agency,Who is the best AI marketing agency in Los Angeles?,http://www.startgrowscale.ai/,startgrowscale.ai,organic_top_results,NB-CZ-SERP_2026-08-25_atrix_digital_r2,2
2026-08-25,google_serp,serp,Los Angeles CA,AI marketing agency,Who is the best AI marketing agency in Los Angeles?,https://3iseo.com/seo-los-angeles/,3iseo.com,organic_top_results,NB-CZ-SERP_2026-08-25_atrix_digital_r2,3
2026-08-25,google_serp,serp,Los Angeles CA,AI marketing agency,Who is the best AI marketing agency in Los Angeles?,https://digitalagencynetwork.com/agencies/los-angeles/ai-marketing/,digitalagencynetwork.com,organic_top_results,NB-CZ-SERP_2026-08-25_atrix_digital_r2,4
2026-08-25,google_serp,serp,Los Angeles CA,AI marketing agency,Who is the best AI marketing agency in Los Angeles?,https://aiagencyla.com/,aiagencyla.com,organic_top_results,NB-CZ-SERP_2026-08-25_atrix_digital_r2,5
2026-08-25,google_serp,serp,Los Angeles CA,AI marketing agency,Who is the best AI marketing agency in Los Angeles?,https://www.thekeenfolks.com/,thekeenfolks.com,organic_top_results,NB-CZ-SERP_2026-08-25_atrix_digital_r2,6
2026-08-25,google_serp,serp,Los Angeles CA,AI marketing agency,Who is the best AI marketing agency in Los Angeles?,https://emarketed.com/aeo/top-digital-marketing-agencies-ai-visibility-los-angeles-2026/,emarketed.com,organic_top_results,NB-CZ-SERP_2026-08-25_atrix_digital_r2,7
2026-08-25,google_serp,serp,Los Angeles CA,AI marketing agency,Who is the best AI marketing agency in Los Angeles?,https://www.reddit.com/r/MktgSupermarket/comments/1qom30j/compiled_a_directory_of_25_ai_marketing_agencies/,reddit.com,organic_top_results,NB-CZ-SERP_2026-08-25_atrix_digital_r2,8
2026-08-25,google_serp,serp,Los Angeles CA,AI marketing agency,Who is the best AI marketing agency in Los Angeles?,https://www.quora.com/What-is-the-best-digital-marketing-agency-in-Los-Angeles,quora.com,organic_top_results,NB-CZ-SERP_2026-08-25_atrix_digital_r2,9
2026-08-25,google_serp,serp,Los Angeles CA,AI marketing agency,Who is the best AI marketing agency in Los Angeles?,https://www.blaze.ai/blog/top-marketing-agency-in-los-angeles,blaze.ai,organic_top_results,NB-CZ-SERP_2026-08-25_atrix_digital_r2,10
2026-08-25,google_serp,serp,Liberty MO,backflow testing and repair,Who does backflow testing and repair near Liberty MO?,https://backflowbossllc.com/,backflowbossllc.com,organic_top_results,NB-CZ-SERP_2026-08-25_backflow_boss,1
2026-08-25,google_serp,serp,Liberty MO,backflow testing and repair,Who does backflow testing and repair near Liberty MO?,https://abackflowtesting.com/,abackflowtesting.com,organic_top_results,NB-CZ-SERP_2026-08-25_backflow_boss,2
2026-08-25,google_serp,serp,Liberty MO,backflow testing and repair,Who does backflow testing and repair near Liberty MO?,http://cbtbackflowtesting.com/,cbtbackflowtesting.com,organic_top_results,NB-CZ-SERP_2026-08-25_backflow_boss,3
2026-08-25,google_serp,serp,Liberty MO,backflow testing and repair,Who does backflow testing and repair near Liberty MO?,https://www.libertymissouri.gov/2010/Backflow-Prevention,libertymissouri.gov,organic_top_results,NB-CZ-SERP_2026-08-25_backflow_boss,4
2026-08-25,google_serp,serp,Liberty MO,backflow testing and repair,Who does backflow testing and repair near Liberty MO?,https://www.facebook.com/p/Backflow-Boss-61585223965298/,facebook.com,organic_top_results,NB-CZ-SERP_2026-08-25_backflow_boss,5
2026-08-25,google_serp,serp,Liberty MO,backflow testing and repair,Who does backflow testing and repair near Liberty MO?,https://www.yelp.com/search?cflt=backflowservices&find_desc=Backflow+Boss&find_loc=Liberty%2C+MO,yelp.com,organic_top_results,NB-CZ-SERP_2026-08-25_backflow_boss,6
2026-08-25,google_serp,serp,Liberty MO,backflow testing and repair,Who does backflow testing and repair near Liberty MO?,https://www.mrplumberkc.net/backflow-testing,mrplumberkc.net,organic_top_results,NB-CZ-SERP_2026-08-25_backflow_boss,7
2026-08-25,google_serp,serp,Liberty MO,backflow testing and repair,Who does backflow testing and repair near Liberty MO?,https://www.independencemo.gov/government/city-departments/municipal-services/water-division/engineering-details/backflow-prevention/certified-and-approved-backflow-testers,independencemo.gov,organic_top_results,NB-CZ-SERP_2026-08-25_backflow_boss,8
2026-08-25,google_serp,serp,Liberty MO,backflow testing and repair,Who does backflow testing and repair near Liberty MO?,https://www.bbb.org/us/mo/liberty/category/backflow-testing,bbb.org,organic_top_results,NB-CZ-SERP_2026-08-25_backflow_boss,9
2026-08-25,google_serp,serp,Liberty MO,backflow testing and repair,Who does backflow testing and repair near Liberty MO?,https://abmay.com/plumbing/backflow-testing/,abmay.com,organic_top_results,NB-CZ-SERP_2026-08-25_backflow_boss,10
2026-08-25,google_serp,serp,Liberty MO,backflow testing and repair,Who does backflow testing and repair near Liberty MO?,https://backflowbossllc.com/,backflowbossllc.com,organic_top_results,NB-CZ-SERP_2026-08-25_backflow_boss_r2,1
2026-08-25,google_serp,serp,Liberty MO,backflow testing and repair,Who does backflow testing and repair near Liberty MO?,https://abackflowtesting.com/,abackflowtesting.com,organic_top_results,NB-CZ-SERP_2026-08-25_backflow_boss_r2,2
2026-08-25,google_serp,serp,Liberty MO,backflow testing and repair,Who does backflow testing and repair near Liberty MO?,http://cbtbackflowtesting.com/,cbtbackflowtesting.com,organic_top_results,NB-CZ-SERP_2026-08-25_backflow_boss_r2,3
2026-08-25,google_serp,serp,Liberty MO,backflow testing and repair,Who does backflow testing and repair near Liberty MO?,https://www.facebook.com/p/Backflow-Boss-61585223965298/,facebook.com,organic_top_results,NB-CZ-SERP_2026-08-25_backflow_boss_r2,4
2026-08-25,google_serp,serp,Liberty MO,backflow testing and repair,Who does backflow testing and repair near Liberty MO?,https://www.libertymissouri.gov/2010/Backflow-Prevention,libertymissouri.gov,organic_top_results,NB-CZ-SERP_2026-08-25_backflow_boss_r2,5
2026-08-25,google_serp,serp,Liberty MO,backflow testing and repair,Who does backflow testing and repair near Liberty MO?,https://www.mrplumberkc.net/backflow-testing,mrplumberkc.net,organic_top_results,NB-CZ-SERP_2026-08-25_backflow_boss_r2,6
2026-08-25,google_serp,serp,Liberty MO,backflow testing and repair,Who does backflow testing and repair near Liberty MO?,https://www.yelp.com/search?find_desc=Backflow+Preventer+Testing&find_loc=Kansas+City%2C+MO,yelp.com,organic_top_results,NB-CZ-SERP_2026-08-25_backflow_boss_r2,7
2026-08-25,google_serp,serp,Liberty MO,backflow testing and repair,Who does backflow testing and repair near Liberty MO?,https://www.waterone.org/DocumentCenter/View/382/Monthly-Backflow-Tester-Report-PDF,waterone.org,organic_top_results,NB-CZ-SERP_2026-08-25_backflow_boss_r2,8
2026-08-25,google_serp,serp,Liberty MO,backflow testing and repair,Who does backflow testing and repair near Liberty MO?,https://abmay.com/plumbing/backflow-testing/,abmay.com,organic_top_results,NB-CZ-SERP_2026-08-25_backflow_boss_r2,9
2026-08-25,google_serp,serp,Liberty MO,backflow testing and repair,Who does backflow testing and repair near Liberty MO?,https://www.independencemo.gov/government/city-departments/municipal-services/water-division/engineering-details/backflow-prevention/certified-and-approved-backflow-testers,independencemo.gov,organic_top_results,NB-CZ-SERP_2026-08-25_backflow_boss_r2,10
2026-08-25,google_serp,serp,Kansas City MO,health insurance brokerage,What is the best health insurance broker in Kansas City MO for someone who is self-employed?,https://www.yelp.com/search?find_desc=Health+Insurance+Broker&find_loc=Kansas+City%2C+MO,yelp.com,organic_top_results,NB-CZ-SERP_2026-08-25_bbs_insurance,1
2026-08-25,google_serp,serp,Kansas City MO,health insurance brokerage,What is the best health insurance broker in Kansas City MO for someone who is self-employed?,https://www.facebook.com/groups/kansascitysecrets/posts/4114913168769447/,facebook.com,organic_top_results,NB-CZ-SERP_2026-08-25_bbs_insurance,2
2026-08-25,google_serp,serp,Kansas City MO,health insurance brokerage,What is the best health insurance broker in Kansas City MO for someone who is self-employed?,https://www.reddit.com/r/kansascity/comments/1kkstvi/what_healthcare_provider_do_you_recommend_in/,reddit.com,organic_top_results,NB-CZ-SERP_2026-08-25_bbs_insurance,3
2026-08-25,google_serp,serp,Kansas City MO,health insurance brokerage,What is the best health insurance broker in Kansas City MO for someone who is self-employed?,https://www.reddit.com/r/kansascity/comments/15h8i9y/health_insurance_recommendation/,reddit.com,organic_top_results,NB-CZ-SERP_2026-08-25_bbs_insurance,4
2026-08-25,google_serp,serp,Kansas City MO,health insurance brokerage,What is the best health insurance broker in Kansas City MO for someone who is self-employed?,https://aishealthadvisors.com/,aishealthadvisors.com,organic_top_results,NB-CZ-SERP_2026-08-25_bbs_insurance,5
2026-08-25,google_serp,serp,Kansas City MO,health insurance brokerage,What is the best health insurance broker in Kansas City MO for someone who is self-employed?,https://www.facebook.com/groups/kansascitysecrets/posts/4223328961261200/,facebook.com,organic_top_results,NB-CZ-SERP_2026-08-25_bbs_insurance,6
2026-08-25,google_serp,serp,Kansas City MO,health insurance brokerage,What is the best health insurance broker in Kansas City MO for someone who is self-employed?,https://www.facebook.com/groups/BuyBlackKC/posts/28371187019152107/,facebook.com,organic_top_results,NB-CZ-SERP_2026-08-25_bbs_insurance,7
2026-08-25,google_serp,serp,Kansas City MO,health insurance brokerage,What is the best health insurance broker in Kansas City MO for someone who is self-employed?,https://www.facebook.com/groups/kansascitysecrets/posts/3723550234572411/,facebook.com,organic_top_results,NB-CZ-SERP_2026-08-25_bbs_insurance,8
2026-08-25,google_serp,serp,Kansas City MO,health insurance brokerage,What is the best health insurance broker in Kansas City MO for someone who is self-employed?,https://www.hubinternational.com/offices/us/missouri/kansas-city/healthcare-insurance-brokers/,hubinternational.com,organic_top_results,NB-CZ-SERP_2026-08-25_bbs_insurance,9
2026-08-25,google_serp,serp,Kansas City MO,health insurance brokerage,What is the best health insurance broker in Kansas City MO for someone who is self-employed?,https://www.healthcare.gov/self-employed/,healthcare.gov,organic_top_results,NB-CZ-SERP_2026-08-25_bbs_insurance,10
2026-08-25,google_serp,serp,Kansas City MO,health insurance brokerage,What is the best health insurance broker in Kansas City MO for someone who is self-employed?,https://www.yelp.com/search?find_desc=Health+Insurance+Broker&find_loc=Kansas+City%2C+MO,yelp.com,organic_top_results,NB-CZ-SERP_2026-08-25_bbs_insurance_r2,1
2026-08-25,google_serp,serp,Kansas City MO,health insurance brokerage,What is the best health insurance broker in Kansas City MO for someone who is self-employed?,https://www.facebook.com/groups/kansascitysecrets/posts/4223328961261200/,facebook.com,organic_top_results,NB-CZ-SERP_2026-08-25_bbs_insurance_r2,2
2026-08-25,google_serp,serp,Kansas City MO,health insurance brokerage,What is the best health insurance broker in Kansas City MO for someone who is self-employed?,https://www.reddit.com/r/kansascity/comments/1kkstvi/what_healthcare_provider_do_you_recommend_in/,reddit.com,organic_top_results,NB-CZ-SERP_2026-08-25_bbs_insurance_r2,3
2026-08-25,google_serp,serp,Kansas City MO,health insurance brokerage,What is the best health insurance broker in Kansas City MO for someone who is self-employed?,https://www.reddit.com/r/kansascity/comments/15h8i9y/health_insurance_recommendation/,reddit.com,organic_top_results,NB-CZ-SERP_2026-08-25_bbs_insurance_r2,4
2026-08-25,google_serp,serp,Kansas City MO,health insurance brokerage,What is the best health insurance broker in Kansas City MO for someone who is self-employed?,https://www.anthem.com/individual-and-family/insurance-basics/health-insurance/health-insurance-for-self-employed,anthem.com,organic_top_results,NB-CZ-SERP_2026-08-25_bbs_insurance_r2,5
2026-08-25,google_serp,serp,Kansas City MO,health insurance brokerage,What is the best health insurance broker in Kansas City MO for someone who is self-employed?,https://www.facebook.com/groups/kansascitysecrets/posts/3723550234572411/,facebook.com,organic_top_results,NB-CZ-SERP_2026-08-25_bbs_insurance_r2,6
2026-08-25,google_serp,serp,Kansas City MO,health insurance brokerage,What is the best health insurance broker in Kansas City MO for someone who is self-employed?,https://www.facebook.com/groups/BuyBlackKC/posts/28371187019152107/,facebook.com,organic_top_results,NB-CZ-SERP_2026-08-25_bbs_insurance_r2,7
2026-08-25,google_serp,serp,Kansas City MO,health insurance brokerage,What is the best health insurance broker in Kansas City MO for someone who is self-employed?,https://www.facebook.com/groups/kansascitysecrets/posts/3765225253738242/,facebook.com,organic_top_results,NB-CZ-SERP_2026-08-25_bbs_insurance_r2,8
2026-08-25,google_serp,serp,Kansas City MO,health insurance brokerage,What is the best health insurance broker in Kansas City MO for someone who is self-employed?,https://mployeradvisor.com/insurance-broker/missouri/kansas-city/k:health+insurance+broker,mployeradvisor.com,organic_top_results,NB-CZ-SERP_2026-08-25_bbs_insurance_r2,9
2026-08-25,google_serp,serp,Kansas City MO,health insurance brokerage,What is the best health insurance broker in Kansas City MO for someone who is self-employed?,https://www.healthcare.gov/self-employed/,healthcare.gov,organic_top_results,NB-CZ-SERP_2026-08-25_bbs_insurance_r2,10
2026-08-25,google_serp,serp,St. Louis MO,digital marketing agency,Who is the best digital marketing agency in St. Louis?,https://www.insiteadvice.com/,insiteadvice.com,organic_top_results,NB-CZ-SERP_2026-08-25_digital_strike,1
2026-08-25,google_serp,serp,St. Louis MO,digital marketing agency,Who is the best digital marketing agency in St. Louis?,https://www.wearetg.com/,wearetg.com,organic_top_results,NB-CZ-SERP_2026-08-25_digital_strike,2
2026-08-25,google_serp,serp,St. Louis MO,digital marketing agency,Who is the best digital marketing agency in St. Louis?,https://www.digitalstrike.com/?utm_source=gmb&utm_medium=organic&utm_content=gmb-website,digitalstrike.com,organic_top_results,NB-CZ-SERP_2026-08-25_digital_strike,3
2026-08-25,google_serp,serp,St. Louis MO,digital marketing agency,Who is the best digital marketing agency in St. Louis?,https://www.wearetg.com/st-louis-marketing-agency/,wearetg.com,organic_top_results,NB-CZ-SERP_2026-08-25_digital_strike,4
2026-08-25,google_serp,serp,St. Louis MO,digital marketing agency,Who is the best digital marketing agency in St. Louis?,https://www.reddit.com/r/DigitalMarketing/comments/1b92anx/in_need_of_help_small_business_in_stlouis_mo/,reddit.com,organic_top_results,NB-CZ-SERP_2026-08-25_digital_strike,5
2026-08-25,google_serp,serp,St. Louis MO,digital marketing agency,Who is the best digital marketing agency in St. Louis?,https://clutch.co/agencies/digital-marketing/st-louis,clutch.co,organic_top_results,NB-CZ-SERP_2026-08-25_digital_strike,6
2026-08-25,google_serp,serp,St. Louis MO,digital marketing agency,Who is the best digital marketing agency in St. Louis?,https://www.atomicdust.com/,atomicdust.com,organic_top_results,NB-CZ-SERP_2026-08-25_digital_strike,7
2026-08-25,google_serp,serp,St. Louis MO,digital marketing agency,Who is the best digital marketing agency in St. Louis?,https://www.bizjournals.com/stlouis/subscriber-only/2022/04/22/st-louis-largest-advertising-marketing.html,bizjournals.com,organic_top_results,NB-CZ-SERP_2026-08-25_digital_strike,8
2026-08-25,google_serp,serp,St. Louis MO,digital marketing agency,Who is the best digital marketing agency in St. Louis?,https://www.hownovel.co/,hownovel.co,organic_top_results,NB-CZ-SERP_2026-08-25_digital_strike,9
2026-08-25,google_serp,serp,St. Louis MO,digital marketing agency,Who is the best digital marketing agency in St. Louis?,https://thriveagency.com/st-louis-digital-marketing-agency/,thriveagency.com,organic_top_results,NB-CZ-SERP_2026-08-25_digital_strike,10
2026-08-25,google_serp,serp,St. Louis MO,digital marketing agency,Who is the best digital marketing agency in St. Louis?,https://www.insiteadvice.com/,insiteadvice.com,organic_top_results,NB-CZ-SERP_2026-08-25_digital_strike_r2,1
2026-08-25,google_serp,serp,St. Louis MO,digital marketing agency,Who is the best digital marketing agency in St. Louis?,https://www.wearetg.com/,wearetg.com,organic_top_results,NB-CZ-SERP_2026-08-25_digital_strike_r2,2
2026-08-25,google_serp,serp,St. Louis MO,digital marketing agency,Who is the best digital marketing agency in St. Louis?,https://www.digitalstrike.com/?utm_source=gmb&utm_medium=organic&utm_content=gmb-website,digitalstrike.com,organic_top_results,NB-CZ-SERP_2026-08-25_digital_strike_r2,3
2026-08-25,google_serp,serp,St. Louis MO,digital marketing agency,Who is the best digital marketing agency in St. Louis?,https://www.wearetg.com/st-louis-marketing-agency/,wearetg.com,organic_top_results,NB-CZ-SERP_2026-08-25_digital_strike_r2,4
2026-08-25,google_serp,serp,St. Louis MO,digital marketing agency,Who is the best digital marketing agency in St. Louis?,https://www.reddit.com/r/DigitalMarketing/comments/1b92anx/in_need_of_help_small_business_in_stlouis_mo/,reddit.com,organic_top_results,NB-CZ-SERP_2026-08-25_digital_strike_r2,5
2026-08-25,google_serp,serp,St. Louis MO,digital marketing agency,Who is the best digital marketing agency in St. Louis?,https://clutch.co/agencies/digital-marketing/st-louis,clutch.co,organic_top_results,NB-CZ-SERP_2026-08-25_digital_strike_r2,6
2026-08-25,google_serp,serp,St. Louis MO,digital marketing agency,Who is the best digital marketing agency in St. Louis?,https://www.atomicdust.com/,atomicdust.com,organic_top_results,NB-CZ-SERP_2026-08-25_digital_strike_r2,7
2026-08-25,google_serp,serp,St. Louis MO,digital marketing agency,Who is the best digital marketing agency in St. Louis?,https://www.bizjournals.com/stlouis/subscriber-only/2022/04/22/st-louis-largest-advertising-marketing.html,bizjournals.com,organic_top_results,NB-CZ-SERP_2026-08-25_digital_strike_r2,8
2026-08-25,google_serp,serp,St. Louis MO,digital marketing agency,Who is the best digital marketing agency in St. Louis?,https://www.hownovel.co/,hownovel.co,organic_top_results,NB-CZ-SERP_2026-08-25_digital_strike_r2,9
2026-08-25,google_serp,serp,St. Louis MO,digital marketing agency,Who is the best digital marketing agency in St. Louis?,https://thriveagency.com/st-louis-digital-marketing-agency/,thriveagency.com,organic_top_results,NB-CZ-SERP_2026-08-25_digital_strike_r2,10
2026-08-25,google_serp,serp,Joplin MO,residential remodeling and repair,Who is a reliable contractor in Joplin MO for a home remodel or repair project?,http://kyleofalltrades.com/,kyleofalltrades.com,organic_top_results,NB-CZ-SERP_2026-08-25_flatline_contracting,1
2026-08-25,google_serp,serp,Joplin MO,residential remodeling and repair,Who is a reliable contractor in Joplin MO for a home remodel or repair project?,https://www.solidrr.com/,solidrr.com,organic_top_results,NB-CZ-SERP_2026-08-25_flatline_contracting,2
2026-08-25,google_serp,serp,Joplin MO,residential remodeling and repair,Who is a reliable contractor in Joplin MO for a home remodel or repair project?,https://facebook.com/shereshandymanandlawn,facebook.com,organic_top_results,NB-CZ-SERP_2026-08-25_flatline_contracting,3
2026-08-25,google_serp,serp,Joplin MO,residential remodeling and repair,Who is a reliable contractor in Joplin MO for a home remodel or repair project?,https://www.yelp.com/search?cflt=contractors&find_loc=Joplin%2C+MO,yelp.com,organic_top_results,NB-CZ-SERP_2026-08-25_flatline_contracting,4
2026-08-25,google_serp,serp,Joplin MO,residential remodeling and repair,Who is a reliable contractor in Joplin MO for a home remodel or repair project?,https://www.facebook.com/groups/910031642781286/posts/2588461398271627/,facebook.com,organic_top_results,NB-CZ-SERP_2026-08-25_flatline_contracting,5
2026-08-25,google_serp,serp,Joplin MO,residential remodeling and repair,Who is a reliable contractor in Joplin MO for a home remodel or repair project?,https://www.facebook.com/groups/joplinmo/posts/4296810887266054/,facebook.com,organic_top_results,NB-CZ-SERP_2026-08-25_flatline_contracting,6
2026-08-25,google_serp,serp,Joplin MO,residential remodeling and repair,Who is a reliable contractor in Joplin MO for a home remodel or repair project?,https://www.facebook.com/groups/joplinmo/posts/4181131562167321/,facebook.com,organic_top_results,NB-CZ-SERP_2026-08-25_flatline_contracting,7
2026-08-25,google_serp,serp,Joplin MO,residential remodeling and repair,Who is a reliable contractor in Joplin MO for a home remodel or repair project?,https://cca.joplincc.com/OnlineMemberListingByCategory.aspx?categoryid=5007586,cca.joplincc.com,organic_top_results,NB-CZ-SERP_2026-08-25_flatline_contracting,8
2026-08-25,google_serp,serp,Joplin MO,residential remodeling and repair,Who is a reliable contractor in Joplin MO for a home remodel or repair project?,https://www.homeadvisor.com/tloc/Joplin-MO/Major-Home-Repairs-General-Contractor/,homeadvisor.com,organic_top_results,NB-CZ-SERP_2026-08-25_flatline_contracting,9
2026-08-25,google_serp,serp,Joplin MO,residential remodeling and repair,Who is a reliable contractor in Joplin MO for a home remodel or repair project?,https://evergreenconstruction.co/,evergreenconstruction.co,organic_top_results,NB-CZ-SERP_2026-08-25_flatline_contracting,10
2026-08-25,google_serp,serp,Joplin MO,residential remodeling and repair,Who is a reliable contractor in Joplin MO for a home remodel or repair project?,http://kyleofalltrades.com/,kyleofalltrades.com,organic_top_results,NB-CZ-SERP_2026-08-25_flatline_contracting_r2,1
2026-08-25,google_serp,serp,Joplin MO,residential remodeling and repair,Who is a reliable contractor in Joplin MO for a home remodel or repair project?,https://facebook.com/shereshandymanandlawn,facebook.com,organic_top_results,NB-CZ-SERP_2026-08-25_flatline_contracting_r2,2
2026-08-25,google_serp,serp,Joplin MO,residential remodeling and repair,Who is a reliable contractor in Joplin MO for a home remodel or repair project?,https://grcconstructionmo.com/,grcconstructionmo.com,organic_top_results,NB-CZ-SERP_2026-08-25_flatline_contracting_r2,3
2026-08-25,google_serp,serp,Joplin MO,residential remodeling and repair,Who is a reliable contractor in Joplin MO for a home remodel or repair project?,https://cca.joplincc.com/OnlineMemberListingByCategory.aspx?categoryid=5007586,cca.joplincc.com,organic_top_results,NB-CZ-SERP_2026-08-25_flatline_contracting_r2,4
2026-08-25,google_serp,serp,Joplin MO,residential remodeling and repair,Who is a reliable contractor in Joplin MO for a home remodel or repair project?,https://www.houzz.com/professionals/general-contractors/jmh-construction-pfvwus-pf~689266871,houzz.com,organic_top_results,NB-CZ-SERP_2026-08-25_flatline_contracting_r2,5
2026-08-25,google_serp,serp,Joplin MO,residential remodeling and repair,Who is a reliable contractor in Joplin MO for a home remodel or repair project?,https://www.facebook.com/groups/joplinmo/posts/4296810887266054/,facebook.com,organic_top_results,NB-CZ-SERP_2026-08-25_flatline_contracting_r2,6
2026-08-25,google_serp,serp,Joplin MO,residential remodeling and repair,Who is a reliable contractor in Joplin MO for a home remodel or repair project?,https://www.americanconstructionincorporated.com/,americanconstructionincorporated.com,organic_top_results,NB-CZ-SERP_2026-08-25_flatline_contracting_r2,7
2026-08-25,google_serp,serp,Joplin MO,residential remodeling and repair,Who is a reliable contractor in Joplin MO for a home remodel or repair project?,https://www.yelp.com/search?cflt=contractors&find_loc=Joplin%2C+MO,yelp.com,organic_top_results,NB-CZ-SERP_2026-08-25_flatline_contracting_r2,8
2026-08-25,google_serp,serp,Joplin MO,residential remodeling and repair,Who is a reliable contractor in Joplin MO for a home remodel or repair project?,https://evergreenconstruction.co/,evergreenconstruction.co,organic_top_results,NB-CZ-SERP_2026-08-25_flatline_contracting_r2,9
2026-08-25,google_serp,serp,Joplin MO,residential remodeling and repair,Who is a reliable contractor in Joplin MO for a home remodel or repair project?,https://www.homeadvisor.com/tloc/Joplin-MO/Major-Home-Repairs-General-Contractor/,homeadvisor.com,organic_top_results,NB-CZ-SERP_2026-08-25_flatline_contracting_r2,10
2026-08-25,google_serp,serp,St. Louis MO,healthcare marketing agency,Who is the best healthcare marketing agency in St. Louis?,https://pilotpractice.com/healthcare-digital-marketing-agency-in-st-louis-mo.html,pilotpractice.com,organic_top_results,NB-CZ-SERP_2026-08-25_hedy_hopp,1
2026-08-25,google_serp,serp,St. Louis MO,healthcare marketing agency,Who is the best healthcare marketing agency in St. Louis?,https://www.yelp.com/search?find_desc=Marketing+Firms&find_loc=St.+Louis%2C+MO,yelp.com,organic_top_results,NB-CZ-SERP_2026-08-25_hedy_hopp,2
2026-08-25,google_serp,serp,St. Louis MO,healthcare marketing agency,Who is the best healthcare marketing agency in St. Louis?,https://dovetail-stl.com/,dovetail-stl.com,organic_top_results,NB-CZ-SERP_2026-08-25_hedy_hopp,3
2026-08-25,google_serp,serp,St. Louis MO,healthcare marketing agency,Who is the best healthcare marketing agency in St. Louis?,https://clutch.co/agencies/digital-marketing/st-louis,clutch.co,organic_top_results,NB-CZ-SERP_2026-08-25_hedy_hopp,4
2026-08-25,google_serp,serp,St. Louis MO,healthcare marketing agency,Who is the best healthcare marketing agency in St. Louis?,https://thriveagency.com/news/best-medical-digital-marketing-companies/,thriveagency.com,organic_top_results,NB-CZ-SERP_2026-08-25_hedy_hopp,5
2026-08-25,google_serp,serp,St. Louis MO,healthcare marketing agency,Who is the best healthcare marketing agency in St. Louis?,https://www.atomicdust.com/,atomicdust.com,organic_top_results,NB-CZ-SERP_2026-08-25_hedy_hopp,6
2026-08-25,google_serp,serp,St. Louis MO,healthcare marketing agency,Who is the best healthcare marketing agency in St. Louis?,https://www.youtube.com/watch?v=zFJYmaIN3X8,youtube.com,organic_top_results,NB-CZ-SERP_2026-08-25_hedy_hopp,7
2026-08-25,google_serp,serp,St. Louis MO,healthcare marketing agency,Who is the best healthcare marketing agency in St. Louis?,https://www.wearetg.com/st-louis-marketing-agency/,wearetg.com,organic_top_results,NB-CZ-SERP_2026-08-25_hedy_hopp,8
2026-08-25,google_serp,serp,St. Louis MO,healthcare marketing agency,Who is the best healthcare marketing agency in St. Louis?,https://linkprimarycare.com/affordable-healthcare-for-marketing-agencies/,linkprimarycare.com,organic_top_results,NB-CZ-SERP_2026-08-25_hedy_hopp,9
2026-08-25,google_serp,serp,St. Louis MO,healthcare marketing agency,Who is the best healthcare marketing agency in St. Louis?,https://www.cleartolaunch.com/,cleartolaunch.com,organic_top_results,NB-CZ-SERP_2026-08-25_hedy_hopp_r2,1
2026-08-25,google_serp,serp,St. Louis MO,healthcare marketing agency,Who is the best healthcare marketing agency in St. Louis?,https://www.wearetg.com/,wearetg.com,organic_top_results,NB-CZ-SERP_2026-08-25_hedy_hopp_r2,2
2026-08-25,google_serp,serp,St. Louis MO,healthcare marketing agency,Who is the best healthcare marketing agency in St. Louis?,https://www.insiteadvice.com/,insiteadvice.com,organic_top_results,NB-CZ-SERP_2026-08-25_hedy_hopp_r2,3
2026-08-25,google_serp,serp,St. Louis MO,healthcare marketing agency,Who is the best healthcare marketing agency in St. Louis?,https://brandingpioneers.com/locations/usa/st-louis/digital-marketing-agency,brandingpioneers.com,organic_top_results,NB-CZ-SERP_2026-08-25_hedy_hopp_r2,4
2026-08-25,google_serp,serp,St. Louis MO,healthcare marketing agency,Who is the best healthcare marketing agency in St. Louis?,https://www.prezent.ai/blog/healthcare-marketing-agencies,prezent.ai,organic_top_results,NB-CZ-SERP_2026-08-25_hedy_hopp_r2,5
2026-08-25,google_serp,serp,St. Louis MO,healthcare marketing agency,Who is the best healthcare marketing agency in St. Louis?,https://pilotpractice.com/healthcare-digital-marketing-agency-in-st-louis-mo.html,pilotpractice.com,organic_top_results,NB-CZ-SERP_2026-08-25_hedy_hopp_r2,6
2026-08-25,google_serp,serp,St. Louis MO,healthcare marketing agency,Who is the best healthcare marketing agency in St. Louis?,https://thedigitalelevator.com/blog/best-healthcare-marketing-agencies/,thedigitalelevator.com,organic_top_results,NB-CZ-SERP_2026-08-25_hedy_hopp_r2,7
2026-08-25,google_serp,serp,St. Louis MO,healthcare marketing agency,Who is the best healthcare marketing agency in St. Louis?,https://intrepy.com/,intrepy.com,organic_top_results,NB-CZ-SERP_2026-08-25_hedy_hopp_r2,8
2026-08-25,google_serp,serp,St. Louis MO,healthcare marketing agency,Who is the best healthcare marketing agency in St. Louis?,https://thriveagency.com/news/best-healthcare-digital-marketing-agencies/,thriveagency.com,organic_top_results,NB-CZ-SERP_2026-08-25_hedy_hopp_r2,9
2026-08-25,google_serp,serp,St. Louis MO,healthcare marketing agency,Who is the best healthcare marketing agency in St. Louis?,https://priushealthcare.in/best-healthcare-marketing-agency-in-india-how-to-choose-the-right-partner/,priushealthcare.in,organic_top_results,NB-CZ-SERP_2026-08-25_hedy_hopp_r2,10
2026-08-25,google_serp,serp,US nationwide,connected TV and streaming advertising agency,What is the best connected TV advertising agency?,https://www.thetradedesk.com/our-demand-side-platform/omnichannel-advertising/connected-tv,thetradedesk.com,organic_top_results,NB-CZ-SERP_2026-08-25_lambos_digital,1
2026-08-25,google_serp,serp,US nationwide,connected TV and streaming advertising agency,What is the best connected TV advertising agency?,https://clutch.co/agencies/connected-tv,clutch.co,organic_top_results,NB-CZ-SERP_2026-08-25_lambos_digital,2
2026-08-25,google_serp,serp,US nationwide,connected TV and streaming advertising agency,What is the best connected TV advertising agency?,https://www.gourmetads.com/articles/best-connected-tv-advertising-companies/,gourmetads.com,organic_top_results,NB-CZ-SERP_2026-08-25_lambos_digital,3
2026-08-25,google_serp,serp,US nationwide,connected TV and streaming advertising agency,What is the best connected TV advertising agency?,https://www.seoworks.co.uk/programmatic-advertising-services/ctv-advertising/,seoworks.co.uk,organic_top_results,NB-CZ-SERP_2026-08-25_lambos_digital,4
2026-08-25,google_serp,serp,US nationwide,connected TV and streaming advertising agency,What is the best connected TV advertising agency?,https://folloagency.com/programmatic-media/connected-tv,folloagency.com,organic_top_results,NB-CZ-SERP_2026-08-25_lambos_digital,5
2026-08-25,google_serp,serp,US nationwide,connected TV and streaming advertising agency,What is the best connected TV advertising agency?,https://advertising.amazon.com/library/guides/connected-tv-advertising,advertising.amazon.com,organic_top_results,NB-CZ-SERP_2026-08-25_lambos_digital,6
2026-08-25,google_serp,serp,US nationwide,connected TV and streaming advertising agency,What is the best connected TV advertising agency?,https://adsmanager.paramount.com/insights/ctv-advertising-platforms,adsmanager.paramount.com,organic_top_results,NB-CZ-SERP_2026-08-25_lambos_digital,7
2026-08-25,google_serp,serp,US nationwide,connected TV and streaming advertising agency,What is the best connected TV advertising agency?,https://brillmedia.co/resources/best-connected-tv-advertising-companies/,brillmedia.co,organic_top_results,NB-CZ-SERP_2026-08-25_lambos_digital,8
2026-08-25,google_serp,serp,US nationwide,connected TV and streaming advertising agency,What is the best connected TV advertising agency?,https://www.vibe.co/,vibe.co,organic_top_results,NB-CZ-SERP_2026-08-25_lambos_digital,9
2026-08-25,google_serp,serp,US nationwide,connected TV and streaming advertising agency,What is the best connected TV advertising agency?,https://www.thetradedesk.com/our-demand-side-platform/omnichannel-advertising/connected-tv,thetradedesk.com,organic_top_results,NB-CZ-SERP_2026-08-25_lambos_digital_r2,1
2026-08-25,google_serp,serp,US nationwide,connected TV and streaming advertising agency,What is the best connected TV advertising agency?,https://www.businessofapps.com/ads/ctv-advertising/,businessofapps.com,organic_top_results,NB-CZ-SERP_2026-08-25_lambos_digital_r2,2
2026-08-25,google_serp,serp,US nationwide,connected TV and streaming advertising agency,What is the best connected TV advertising agency?,https://www.viantinc.com/solutions/omnichannel/connected-tv/,viantinc.com,organic_top_results,NB-CZ-SERP_2026-08-25_lambos_digital_r2,3
2026-08-25,google_serp,serp,US nationwide,connected TV and streaming advertising agency,What is the best connected TV advertising agency?,https://adsmanager.paramount.com/insights/ctv-advertising-platforms,adsmanager.paramount.com,organic_top_results,NB-CZ-SERP_2026-08-25_lambos_digital_r2,4
2026-08-25,google_serp,serp,US nationwide,connected TV and streaming advertising agency,What is the best connected TV advertising agency?,https://www.reddit.com/r/programmatic/comments/14v9wx0/best_ctv_advertising_platformdsp/,reddit.com,organic_top_results,NB-CZ-SERP_2026-08-25_lambos_digital_r2,5
2026-08-25,google_serp,serp,US nationwide,connected TV and streaming advertising agency,What is the best connected TV advertising agency?,https://www.reddit.com/r/programmatic/comments/14v9wx0/best_ctv_advertising_platformdsp/jrbykca/,reddit.com,organic_top_results,NB-CZ-SERP_2026-08-25_lambos_digital_r2,6
2026-08-25,google_serp,serp,US nationwide,connected TV and streaming advertising agency,What is the best connected TV advertising agency?,https://www.vibe.co/,vibe.co,organic_top_results,NB-CZ-SERP_2026-08-25_lambos_digital_r2,7
2026-08-25,google_serp,serp,US nationwide,connected TV and streaming advertising agency,What is the best connected TV advertising agency?,https://www.sociummedia.com/services/connected-tv/,sociummedia.com,organic_top_results,NB-CZ-SERP_2026-08-25_lambos_digital_r2,8
2026-08-25,google_serp,serp,US nationwide,connected TV and streaming advertising agency,What is the best connected TV advertising agency?,https://clutch.co/agencies/connected-tv,clutch.co,organic_top_results,NB-CZ-SERP_2026-08-25_lambos_digital_r2,9
2026-08-25,google_serp,serp,US nationwide,connected TV and streaming advertising agency,What is the best connected TV advertising agency?,https://directiveconsulting.com/blog/best-ctv-ads-agencies/,directiveconsulting.com,organic_top_results,NB-CZ-SERP_2026-08-25_lambos_digital_r2,10
2026-08-25,google_serp,serp,US nationwide,ai visibility checks,What is the best service to check if AI engines like ChatGPT recommend my small business?,https://www.youtube.com/watch?v=-5Drsq6ve7w,youtube.com,organic_top_results,NB-CZ-SERP_2026-08-25_namebeam,1
2026-08-25,google_serp,serp,US nationwide,ai visibility checks,What is the best service to check if AI engines like ChatGPT recommend my small business?,https://www.facebook.com/neilkpatel/posts/if-you-want-chatgpt-to-recommend-your-business-you-need-to-be-on-the-websites-it/1675730967248338/,facebook.com,organic_top_results,NB-CZ-SERP_2026-08-25_namebeam,2
2026-08-25,google_serp,serp,US nationwide,ai visibility checks,What is the best service to check if AI engines like ChatGPT recommend my small business?,https://www.facebook.com/sky.scape.31/posts/i-recommended-using-ai-for-checking-any-services-you-are-thinking-of-using-aroun/1424787162927154/,facebook.com,organic_top_results,NB-CZ-SERP_2026-08-25_namebeam,3
2026-08-25,google_serp,serp,US nationwide,ai visibility checks,What is the best service to check if AI engines like ChatGPT recommend my small business?,https://www.reddit.com/r/localseo/comments/1u6aus5/what_is_the_best_ai_visibility_tool_for/,reddit.com,organic_top_results,NB-CZ-SERP_2026-08-25_namebeam,4
2026-08-25,google_serp,serp,US nationwide,ai visibility checks,What is the best service to check if AI engines like ChatGPT recommend my small business?,https://www.reddit.com/r/localseo/comments/1u6aus5/what_is_the_best_ai_visibility_tool_for/orr4h1y/,reddit.com,organic_top_results,NB-CZ-SERP_2026-08-25_namebeam,5
2026-08-25,google_serp,serp,US nationwide,ai visibility checks,What is the best service to check if AI engines like ChatGPT recommend my small business?,https://www.reddit.com/r/localseo/comments/1u6aus5/what_is_the_best_ai_visibility_tool_for/orrdw4w/,reddit.com,organic_top_results,NB-CZ-SERP_2026-08-25_namebeam,6
2026-08-25,google_serp,serp,US nationwide,ai visibility checks,What is the best service to check if AI engines like ChatGPT recommend my small business?,https://www.reddit.com/r/ChatGPTPro/comments/1nlngy5/what_are_the_best_ai_tools_for_business_owners/,reddit.com,organic_top_results,NB-CZ-SERP_2026-08-25_namebeam,7
2026-08-25,google_serp,serp,US nationwide,ai visibility checks,What is the best service to check if AI engines like ChatGPT recommend my small business?,https://www.quora.com/How-do-you-track-brand-visibility-in-AI-search-ChatGPT-Gemini-etc,quora.com,organic_top_results,NB-CZ-SERP_2026-08-25_namebeam,8
2026-08-25,google_serp,serp,US nationwide,ai visibility checks,What is the best service to check if AI engines like ChatGPT recommend my small business?,https://refugemarketing.com/insights/get-brand-recommended-ai-chatgpt/,refugemarketing.com,organic_top_results,NB-CZ-SERP_2026-08-25_namebeam,9
2026-08-25,google_serp,serp,US nationwide,ai visibility checks,What is the best service to check if AI engines like ChatGPT recommend my small business?,https://loop.com.sg/knowledge/check-chatgpt-visibility/,loop.com.sg,organic_top_results,NB-CZ-SERP_2026-08-25_namebeam,10
2026-08-25,google_serp,serp,US nationwide,ai visibility checks,What is the best service to check if AI engines like ChatGPT recommend my small business?,https://www.facebook.com/tnkwocha/posts/i-cannot-count-the-number-of-ads-i-have-seen-recently-from-people-teaching-busin/10243180925609087/,facebook.com,organic_top_results,NB-CZ-SERP_2026-08-25_namebeam_r2,1
2026-08-25,google_serp,serp,US nationwide,ai visibility checks,What is the best service to check if AI engines like ChatGPT recommend my small business?,https://www.reddit.com/r/localseo/comments/1u6aus5/what_is_the_best_ai_visibility_tool_for/,reddit.com,organic_top_results,NB-CZ-SERP_2026-08-25_namebeam_r2,2
2026-08-25,google_serp,serp,US nationwide,ai visibility checks,What is the best service to check if AI engines like ChatGPT recommend my small business?,https://www.reddit.com/r/localseo/comments/1u6aus5/what_is_the_best_ai_visibility_tool_for/orr4h1y/,reddit.com,organic_top_results,NB-CZ-SERP_2026-08-25_namebeam_r2,3
2026-08-25,google_serp,serp,US nationwide,ai visibility checks,What is the best service to check if AI engines like ChatGPT recommend my small business?,https://www.reddit.com/r/ProductMarketing/comments/1k10tlt/top_5_tools_to_monitor_your_brands_presence_in_ai/,reddit.com,organic_top_results,NB-CZ-SERP_2026-08-25_namebeam_r2,4
2026-08-25,google_serp,serp,US nationwide,ai visibility checks,What is the best service to check if AI engines like ChatGPT recommend my small business?,https://www.reddit.com/r/localseo/comments/1u1tgec/what_is_the_best_way_to_get_into_chatgpt_and_ai/,reddit.com,organic_top_results,NB-CZ-SERP_2026-08-25_namebeam_r2,5
2026-08-25,google_serp,serp,US nationwide,ai visibility checks,What is the best service to check if AI engines like ChatGPT recommend my small business?,https://www.linkedin.com/posts/brianrwagner_i-just-tested-5-local-businesses-to-see-if-activity-7397638705764720640-VM8I,linkedin.com,organic_top_results,NB-CZ-SERP_2026-08-25_namebeam_r2,6
2026-08-25,google_serp,serp,US nationwide,ai visibility checks,What is the best service to check if AI engines like ChatGPT recommend my small business?,https://www.facebook.com/groups/222249768189998/posts/2631052023976415/,facebook.com,organic_top_results,NB-CZ-SERP_2026-08-25_namebeam_r2,7
2026-08-25,google_serp,serp,US nationwide,ai visibility checks,What is the best service to check if AI engines like ChatGPT recommend my small business?,https://www.youtube.com/watch?v=-5Drsq6ve7w,youtube.com,organic_top_results,NB-CZ-SERP_2026-08-25_namebeam_r2,8
2026-08-25,google_serp,serp,US nationwide,ai visibility checks,What is the best service to check if AI engines like ChatGPT recommend my small business?,https://refugemarketing.com/insights/get-brand-recommended-ai-chatgpt/,refugemarketing.com,organic_top_results,NB-CZ-SERP_2026-08-25_namebeam_r2,9
2026-08-25,google_serp,serp,US nationwide,ai visibility checks,What is the best service to check if AI engines like ChatGPT recommend my small business?,https://loop.com.sg/knowledge/check-chatgpt-visibility/,loop.com.sg,organic_top_results,NB-CZ-SERP_2026-08-25_namebeam_r2,10
2026-08-25,google_serp,serp,Kansas City MO,marketing agency,Who is the best marketing agency in Kansas City?,https://amakc.com/kansas-city-marketing-companies-directory/,amakc.com,organic_top_results,NB-CZ-SERP_2026-08-25_native_digital,1
2026-08-25,google_serp,serp,Kansas City MO,marketing agency,Who is the best marketing agency in Kansas City?,https://www.bizjournals.com/kansascity/subscriber-only/2025/10/10/kansas-citys-largest-advertising-and-marketing-firms.html,bizjournals.com,organic_top_results,NB-CZ-SERP_2026-08-25_native_digital,2
2026-08-25,google_serp,serp,Kansas City MO,marketing agency,Who is the best marketing agency in Kansas City?,http://wiseguysdm.com/,wiseguysdm.com,organic_top_results,NB-CZ-SERP_2026-08-25_native_digital,3
2026-08-25,google_serp,serp,Kansas City MO,marketing agency,Who is the best marketing agency in Kansas City?,http://mossmarketinggroup.com/,mossmarketinggroup.com,organic_top_results,NB-CZ-SERP_2026-08-25_native_digital,4
2026-08-25,google_serp,serp,Kansas City MO,marketing agency,Who is the best marketing agency in Kansas City?,https://www.socialapexmedia.com/,socialapexmedia.com,organic_top_results,NB-CZ-SERP_2026-08-25_native_digital,5
2026-08-25,google_serp,serp,Kansas City MO,marketing agency,Who is the best marketing agency in Kansas City?,https://www.reddit.com/r/DigitalMarketing/comments/1m23g6h/looking_for_a_solid_marketing_agency_in_kansas/,reddit.com,organic_top_results,NB-CZ-SERP_2026-08-25_native_digital,6
2026-08-25,google_serp,serp,Kansas City MO,marketing agency,Who is the best marketing agency in Kansas City?,https://www.reddit.com/r/DigitalMarketing/comments/1m23g6h/comment/nh1ezxp/,reddit.com,organic_top_results,NB-CZ-SERP_2026-08-25_native_digital,7
2026-08-25,google_serp,serp,Kansas City MO,marketing agency,Who is the best marketing agency in Kansas City?,https://eagadv.com/,eagadv.com,organic_top_results,NB-CZ-SERP_2026-08-25_native_digital,8
2026-08-25,google_serp,serp,Kansas City MO,marketing agency,Who is the best marketing agency in Kansas City?,https://www.webdesignrankings.com/best-kansas-city-marketing-agencies/,webdesignrankings.com,organic_top_results,NB-CZ-SERP_2026-08-25_native_digital,9
2026-08-25,google_serp,serp,Kansas City MO,marketing agency,Who is the best marketing agency in Kansas City?,https://thriveagency.com/kansas-city-digital-marketing-agency/,thriveagency.com,organic_top_results,NB-CZ-SERP_2026-08-25_native_digital,10
2026-08-25,google_serp,serp,Kansas City MO,marketing agency,Who is the best marketing agency in Kansas City?,http://mossmarketinggroup.com/,mossmarketinggroup.com,organic_top_results,NB-CZ-SERP_2026-08-25_native_digital_r2,1
2026-08-25,google_serp,serp,Kansas City MO,marketing agency,Who is the best marketing agency in Kansas City?,http://wiseguysdm.com/,wiseguysdm.com,organic_top_results,NB-CZ-SERP_2026-08-25_native_digital_r2,2
2026-08-25,google_serp,serp,Kansas City MO,marketing agency,Who is the best marketing agency in Kansas City?,https://www.socialapexmedia.com/,socialapexmedia.com,organic_top_results,NB-CZ-SERP_2026-08-25_native_digital_r2,3
2026-08-25,google_serp,serp,Kansas City MO,marketing agency,Who is the best marketing agency in Kansas City?,https://eagadv.com/,eagadv.com,organic_top_results,NB-CZ-SERP_2026-08-25_native_digital_r2,4
2026-08-25,google_serp,serp,Kansas City MO,marketing agency,Who is the best marketing agency in Kansas City?,https://amakc.com/kansas-city-marketing-companies-directory/,amakc.com,organic_top_results,NB-CZ-SERP_2026-08-25_native_digital_r2,5
2026-08-25,google_serp,serp,Kansas City MO,marketing agency,Who is the best marketing agency in Kansas City?,https://www.reddit.com/r/DigitalMarketing/comments/1m23g6h/looking_for_a_solid_marketing_agency_in_kansas/,reddit.com,organic_top_results,NB-CZ-SERP_2026-08-25_native_digital_r2,6
2026-08-25,google_serp,serp,Kansas City MO,marketing agency,Who is the best marketing agency in Kansas City?,https://www.reddit.com/r/DigitalMarketing/comments/1m23g6h/comment/nh1ezxp/,reddit.com,organic_top_results,NB-CZ-SERP_2026-08-25_native_digital_r2,7
2026-08-25,google_serp,serp,Kansas City MO,marketing agency,Who is the best marketing agency in Kansas City?,https://thriveagency.com/kansas-city-digital-marketing-agency/,thriveagency.com,organic_top_results,NB-CZ-SERP_2026-08-25_native_digital_r2,8
2026-08-25,google_serp,serp,Kansas City MO,marketing agency,Who is the best marketing agency in Kansas City?,https://www.bizjournals.com/kansascity/subscriber-only/2025/10/10/kansas-citys-largest-advertising-and-marketing-firms.html,bizjournals.com,organic_top_results,NB-CZ-SERP_2026-08-25_native_digital_r2,9
2026-08-25,google_serp,serp,Kansas City MO,marketing agency,Who is the best marketing agency in Kansas City?,https://www.yelp.com/search?find_desc=Marketing&find_loc=Kansas+City%2C+MO,yelp.com,organic_top_results,NB-CZ-SERP_2026-08-25_native_digital_r2,10
2026-08-25,google_serp,serp,US nationwide,AI marketing tool for DTC brands,What is the best AI marketing tool for DTC brands?,https://www.youtube.com/watch?v=Gyf0bQ6o5Kg&vl=en,youtube.com,organic_top_results,NB-CZ-SERP_2026-08-25_needle,1
2026-08-25,google_serp,serp,US nationwide,AI marketing tool for DTC brands,What is the best AI marketing tool for DTC brands?,https://www.askneedle.com/blog/best-ai-marketing-tools,askneedle.com,organic_top_results,NB-CZ-SERP_2026-08-25_needle,2
2026-08-25,google_serp,serp,US nationwide,AI marketing tool for DTC brands,What is the best AI marketing tool for DTC brands?,https://www.admetrics.io/en/post/best-ai-tools-for-dtc,admetrics.io,organic_top_results,NB-CZ-SERP_2026-08-25_needle,3
2026-08-25,google_serp,serp,US nationwide,AI marketing tool for DTC brands,What is the best AI marketing tool for DTC brands?,https://dtcskills.com/blog/best-ai-marketing-tools-dtc,dtcskills.com,organic_top_results,NB-CZ-SERP_2026-08-25_needle,4
2026-08-25,google_serp,serp,US nationwide,AI marketing tool for DTC brands,What is the best AI marketing tool for DTC brands?,https://imcprofessional.medill.northwestern.edu/blog/best-ai-tools-for-marketing-success,imcprofessional.medill.northwestern.edu,organic_top_results,NB-CZ-SERP_2026-08-25_needle,5
2026-08-25,google_serp,serp,US nationwide,AI marketing tool for DTC brands,What is the best AI marketing tool for DTC brands?,https://www.canto.com/blog/best-ai-marketing-tools/,canto.com,organic_top_results,NB-CZ-SERP_2026-08-25_needle,6
2026-08-25,google_serp,serp,US nationwide,AI marketing tool for DTC brands,What is the best AI marketing tool for DTC brands?,https://www.reddit.com/r/DigitalMarketing/comments/1j1p6at/which_is_the_best_ai_for_digital_marketing/,reddit.com,organic_top_results,NB-CZ-SERP_2026-08-25_needle,7
2026-08-25,google_serp,serp,US nationwide,AI marketing tool for DTC brands,What is the best AI marketing tool for DTC brands?,https://www.reddit.com/r/DigitalMarketing/comments/1j1p6at/which_is_the_best_ai_for_digital_marketing/mflecuo/,reddit.com,organic_top_results,NB-CZ-SERP_2026-08-25_needle,8
2026-08-25,google_serp,serp,US nationwide,AI marketing tool for DTC brands,What is the best AI marketing tool for DTC brands?,https://www.lifemind.ai/top-ten-ai-marketing-tools-for-dtc-and-retail,lifemind.ai,organic_top_results,NB-CZ-SERP_2026-08-25_needle,9
2026-08-25,google_serp,serp,US nationwide,AI marketing tool for DTC brands,What is the best AI marketing tool for DTC brands?,https://www.involve.me/blog/best-dtc-tools,involve.me,organic_top_results,NB-CZ-SERP_2026-08-25_needle,10
2026-08-25,google_serp,serp,US nationwide,AI marketing tool for DTC brands,What is the best AI marketing tool for DTC brands?,https://www.askneedle.com/blog/best-ai-marketing-tools,askneedle.com,organic_top_results,NB-CZ-SERP_2026-08-25_needle_r2,1
2026-08-25,google_serp,serp,US nationwide,AI marketing tool for DTC brands,What is the best AI marketing tool for DTC brands?,https://www.youtube.com/watch?v=Gyf0bQ6o5Kg&vl=en,youtube.com,organic_top_results,NB-CZ-SERP_2026-08-25_needle_r2,2
2026-08-25,google_serp,serp,US nationwide,AI marketing tool for DTC brands,What is the best AI marketing tool for DTC brands?,https://www.linkedin.com/posts/davegerhardt_here-are-the-top-ai-tools-for-marketers-right-activity-7404534132615200768-IDP2,linkedin.com,organic_top_results,NB-CZ-SERP_2026-08-25_needle_r2,3
2026-08-25,google_serp,serp,US nationwide,AI marketing tool for DTC brands,What is the best AI marketing tool for DTC brands?,https://www.reddit.com/r/DigitalMarketing/comments/1j1p6at/which_is_the_best_ai_for_digital_marketing/,reddit.com,organic_top_results,NB-CZ-SERP_2026-08-25_needle_r2,4
2026-08-25,google_serp,serp,US nationwide,AI marketing tool for DTC brands,What is the best AI marketing tool for DTC brands?,https://qa.yodo.me/t/10-best-ai-tools-for-your-business-digital-marketing-content-creation-more/5120,qa.yodo.me,organic_top_results,NB-CZ-SERP_2026-08-25_needle_r2,5
2026-08-25,google_serp,serp,US nationwide,AI marketing tool for DTC brands,What is the best AI marketing tool for DTC brands?,https://dtcskills.com/blog/best-ai-marketing-tools-dtc,dtcskills.com,organic_top_results,NB-CZ-SERP_2026-08-25_needle_r2,6
2026-08-25,google_serp,serp,US nationwide,AI marketing tool for DTC brands,What is the best AI marketing tool for DTC brands?,https://www.admetrics.io/en/post/best-ai-tools-for-dtc,admetrics.io,organic_top_results,NB-CZ-SERP_2026-08-25_needle_r2,7
2026-08-25,google_serp,serp,US nationwide,AI marketing tool for DTC brands,What is the best AI marketing tool for DTC brands?,https://www.metricmosaic.io/blog/ai-marketing-analytics-tools,metricmosaic.io,organic_top_results,NB-CZ-SERP_2026-08-25_needle_r2,8
2026-08-25,google_serp,serp,US nationwide,AI marketing tool for DTC brands,What is the best AI marketing tool for DTC brands?,https://www.lifemind.ai/top-ten-ai-marketing-tools-for-dtc-and-retail,lifemind.ai,organic_top_results,NB-CZ-SERP_2026-08-25_needle_r2,9
2026-08-25,google_serp,serp,US nationwide,AI marketing tool for DTC brands,What is the best AI marketing tool for DTC brands?,https://torvio.ca/blog-best-ai-marketing-tools-small-dtc-brands,torvio.ca,organic_top_results,NB-CZ-SERP_2026-08-25_needle_r2,10
2026-08-25,google_serp,serp,St. Louis MO,interior painting,Who is the best interior painting company in St. Louis MO?,https://m.yelp.com/search?cflt=painters&find_loc=Saint+Louis%2C+MO,m.yelp.com,organic_top_results,NB-CZ-SERP_2026-08-25_paint_saint_louis_llc,1
2026-08-25,google_serp,serp,St. Louis MO,interior painting,Who is the best interior painting company in St. Louis MO?,https://www.facebook.com/groups/492214672469283/posts/1343337794023629/,facebook.com,organic_top_results,NB-CZ-SERP_2026-08-25_paint_saint_louis_llc,2
2026-08-25,google_serp,serp,St. Louis MO,interior painting,Who is the best interior painting company in St. Louis MO?,https://www.yellowpages.com/saint-louis-mo/painting-contractors,yellowpages.com,organic_top_results,NB-CZ-SERP_2026-08-25_paint_saint_louis_llc,3
2026-08-25,google_serp,serp,St. Louis MO,interior painting,Who is the best interior painting company in St. Louis MO?,https://threebestrated.com/painters-in-st-louis-mo,threebestrated.com,organic_top_results,NB-CZ-SERP_2026-08-25_paint_saint_louis_llc,4
2026-08-25,google_serp,serp,St. Louis MO,interior painting,Who is the best interior painting company in St. Louis MO?,https://www.stlouishousepainting.com/?utm_source=gmb&utm_medium=organic&utm_content=gmb-website,stlouishousepainting.com,organic_top_results,NB-CZ-SERP_2026-08-25_paint_saint_louis_llc,5
2026-08-25,google_serp,serp,St. Louis MO,interior painting,Who is the best interior painting company in St. Louis MO?,https://betterpainting.com/?utm_campaign=gmb,betterpainting.com,organic_top_results,NB-CZ-SERP_2026-08-25_paint_saint_louis_llc,6
2026-08-25,google_serp,serp,St. Louis MO,interior painting,Who is the best interior painting company in St. Louis MO?,https://clienthub.getjobber.com/hubs/5f9e1d58-0a8b-4538-99b8-59fd53cfd589/public/requests/209497/new?rwg_token=AE37R_jTeqVQam2ZEC0yyQ2mNeLmBI1u62-URCGIMoCHVtlwpxIuloAaLb-rKnVt_pJ4uvXnj3gUHCafTjfnOB4yokPy6sUlWA%3D%3D,clienthub.getjobber.com,organic_top_results,NB-CZ-SERP_2026-08-25_paint_saint_louis_llc,7
2026-08-25,google_serp,serp,St. Louis MO,interior painting,Who is the best interior painting company in St. Louis MO?,http://www.painttheearthstl.com/,painttheearthstl.com,organic_top_results,NB-CZ-SERP_2026-08-25_paint_saint_louis_llc,8
2026-08-25,google_serp,serp,St. Louis MO,interior painting,Who is the best interior painting company in St. Louis MO?,https://www.yelp.com/search?cflt=painters&find_loc=Saint+Louis%2C+MO,yelp.com,organic_top_results,NB-CZ-SERP_2026-08-25_paint_saint_louis_llc,9
2026-08-25,google_serp,serp,St. Louis MO,interior painting,Who is the best interior painting company in St. Louis MO?,https://www.reddit.com/r/StLouis/comments/tapcsz/anyone_know_of_a_good_painter_for_interior/,reddit.com,organic_top_results,NB-CZ-SERP_2026-08-25_paint_saint_louis_llc,10
2026-08-25,google_serp,serp,St. Louis MO,interior painting,Who is the best interior painting company in St. Louis MO?,https://www.stlouishousepainting.com/?utm_source=gmb&utm_medium=organic&utm_content=gmb-website,stlouishousepainting.com,organic_top_results,NB-CZ-SERP_2026-08-25_paint_saint_louis_llc_r2,1
2026-08-25,google_serp,serp,St. Louis MO,interior painting,Who is the best interior painting company in St. Louis MO?,https://betterpainting.com/?utm_campaign=gmb,betterpainting.com,organic_top_results,NB-CZ-SERP_2026-08-25_paint_saint_louis_llc_r2,2
2026-08-25,google_serp,serp,St. Louis MO,interior painting,Who is the best interior painting company in St. Louis MO?,https://clienthub.getjobber.com/hubs/5f9e1d58-0a8b-4538-99b8-59fd53cfd589/public/requests/209497/new?rwg_token=AE37R_guEsyYqZtcAk9lSQ5C5rMLHl2Pa6xLaGhINOaO4oOF3AMqeiuwHGTF0MGaa83RDlV9M3Sy5h2XWUewa3v1U5QW5JehEQ%3D%3D,clienthub.getjobber.com,organic_top_results,NB-CZ-SERP_2026-08-25_paint_saint_louis_llc_r2,3
2026-08-25,google_serp,serp,St. Louis MO,interior painting,Who is the best interior painting company in St. Louis MO?,http://www.painttheearthstl.com/,painttheearthstl.com,organic_top_results,NB-CZ-SERP_2026-08-25_paint_saint_louis_llc_r2,4
2026-08-25,google_serp,serp,St. Louis MO,interior painting,Who is the best interior painting company in St. Louis MO?,https://www.yelp.com/search?cflt=painters&find_loc=Saint+Louis%2C+MO,yelp.com,organic_top_results,NB-CZ-SERP_2026-08-25_paint_saint_louis_llc_r2,5
2026-08-25,google_serp,serp,St. Louis MO,interior painting,Who is the best interior painting company in St. Louis MO?,https://snlpainting.com/,snlpainting.com,organic_top_results,NB-CZ-SERP_2026-08-25_paint_saint_louis_llc_r2,6
2026-08-25,google_serp,serp,St. Louis MO,interior painting,Who is the best interior painting company in St. Louis MO?,https://www.facebook.com/groups/492214672469283/posts/1343337794023629/,facebook.com,organic_top_results,NB-CZ-SERP_2026-08-25_paint_saint_louis_llc_r2,7
2026-08-25,google_serp,serp,St. Louis MO,interior painting,Who is the best interior painting company in St. Louis MO?,https://www.reddit.com/r/StLouis/comments/p9zxwp/reputable_painters_or_company/,reddit.com,organic_top_results,NB-CZ-SERP_2026-08-25_paint_saint_louis_llc_r2,8
2026-08-25,google_serp,serp,St. Louis MO,interior painting,Who is the best interior painting company in St. Louis MO?,https://www.reddit.com/r/StLouis/comments/tapcsz/anyone_know_of_a_good_painter_for_interior/,reddit.com,organic_top_results,NB-CZ-SERP_2026-08-25_paint_saint_louis_llc_r2,9
2026-08-25,google_serp,serp,St. Louis MO,interior painting,Who is the best interior painting company in St. Louis MO?,https://www.reddit.com/r/StLouis/comments/tapcsz/anyone_know_of_a_good_painter_for_interior/i02ekhr/,reddit.com,organic_top_results,NB-CZ-SERP_2026-08-25_paint_saint_louis_llc_r2,10
2026-08-25,google_serp,serp,Maryland,marketing and brand strategy consultancy,Who is the best marketing agency in Maryland?,https://plushmarketingagency.com/,plushmarketingagency.com,organic_top_results,NB-CZ-SERP_2026-08-25_pyne_creative,1
2026-08-25,google_serp,serp,Maryland,marketing and brand strategy consultancy,Who is the best marketing agency in Maryland?,http://www.marylandlocalmarketing.com/,marylandlocalmarketing.com,organic_top_results,NB-CZ-SERP_2026-08-25_pyne_creative,2
2026-08-25,google_serp,serp,Maryland,marketing and brand strategy consultancy,Who is the best marketing agency in Maryland?,https://www.dreamscapemarketing.com/,dreamscapemarketing.com,organic_top_results,NB-CZ-SERP_2026-08-25_pyne_creative,3
2026-08-25,google_serp,serp,Maryland,marketing and brand strategy consultancy,Who is the best marketing agency in Maryland?,https://mdadagency.md.gov/,mdadagency.md.gov,organic_top_results,NB-CZ-SERP_2026-08-25_pyne_creative,4
2026-08-25,google_serp,serp,Maryland,marketing and brand strategy consultancy,Who is the best marketing agency in Maryland?,https://agencies.semrush.com/list/maryland/,agencies.semrush.com,organic_top_results,NB-CZ-SERP_2026-08-25_pyne_creative,5
2026-08-25,google_serp,serp,Maryland,marketing and brand strategy consultancy,Who is the best marketing agency in Maryland?,https://clutch.co/agencies/maryland,clutch.co,organic_top_results,NB-CZ-SERP_2026-08-25_pyne_creative,6
2026-08-25,google_serp,serp,Maryland,marketing and brand strategy consultancy,Who is the best marketing agency in Maryland?,https://thriveagency.com/baltimore-digital-marketing-agency/,thriveagency.com,organic_top_results,NB-CZ-SERP_2026-08-25_pyne_creative,7
2026-08-25,google_serp,serp,Maryland,marketing and brand strategy consultancy,Who is the best marketing agency in Maryland?,https://mghus.com/,mghus.com,organic_top_results,NB-CZ-SERP_2026-08-25_pyne_creative,8
2026-08-25,google_serp,serp,Maryland,marketing and brand strategy consultancy,Who is the best marketing agency in Maryland?,https://www.designrush.com/agency/ad-agencies/maryland,designrush.com,organic_top_results,NB-CZ-SERP_2026-08-25_pyne_creative,9
2026-08-25,google_serp,serp,Maryland,marketing and brand strategy consultancy,Who is the best marketing agency in Maryland?,https://missionagency.com/,missionagency.com,organic_top_results,NB-CZ-SERP_2026-08-25_pyne_creative,10
2026-08-25,google_serp,serp,Maryland,marketing and brand strategy consultancy,Who is the best marketing agency in Maryland?,https://plushmarketingagency.com/,plushmarketingagency.com,organic_top_results,NB-CZ-SERP_2026-08-25_pyne_creative_r2,1
2026-08-25,google_serp,serp,Maryland,marketing and brand strategy consultancy,Who is the best marketing agency in Maryland?,http://www.marylandlocalmarketing.com/,marylandlocalmarketing.com,organic_top_results,NB-CZ-SERP_2026-08-25_pyne_creative_r2,2
2026-08-25,google_serp,serp,Maryland,marketing and brand strategy consultancy,Who is the best marketing agency in Maryland?,https://www.dreamscapemarketing.com/,dreamscapemarketing.com,organic_top_results,NB-CZ-SERP_2026-08-25_pyne_creative_r2,3
2026-08-25,google_serp,serp,Maryland,marketing and brand strategy consultancy,Who is the best marketing agency in Maryland?,https://agencies.semrush.com/list/maryland/,agencies.semrush.com,organic_top_results,NB-CZ-SERP_2026-08-25_pyne_creative_r2,4
2026-08-25,google_serp,serp,Maryland,marketing and brand strategy consultancy,Who is the best marketing agency in Maryland?,https://mghus.com/,mghus.com,organic_top_results,NB-CZ-SERP_2026-08-25_pyne_creative_r2,5
2026-08-25,google_serp,serp,Maryland,marketing and brand strategy consultancy,Who is the best marketing agency in Maryland?,https://thecyphersagency.com/,thecyphersagency.com,organic_top_results,NB-CZ-SERP_2026-08-25_pyne_creative_r2,6
2026-08-25,google_serp,serp,Maryland,marketing and brand strategy consultancy,Who is the best marketing agency in Maryland?,https://clutch.co/agencies/maryland,clutch.co,organic_top_results,NB-CZ-SERP_2026-08-25_pyne_creative_r2,7
2026-08-25,google_serp,serp,Maryland,marketing and brand strategy consultancy,Who is the best marketing agency in Maryland?,https://mdadagency.md.gov/,mdadagency.md.gov,organic_top_results,NB-CZ-SERP_2026-08-25_pyne_creative_r2,8
2026-08-25,google_serp,serp,Maryland,marketing and brand strategy consultancy,Who is the best marketing agency in Maryland?,https://thriveagency.com/baltimore-digital-marketing-agency/,thriveagency.com,organic_top_results,NB-CZ-SERP_2026-08-25_pyne_creative_r2,9
2026-08-25,google_serp,serp,Maryland,marketing and brand strategy consultancy,Who is the best marketing agency in Maryland?,https://alchemidesign.com/alchemi-design-ranked-as-top-10-maryland-digital-marketing-agency/,alchemidesign.com,organic_top_results,NB-CZ-SERP_2026-08-25_pyne_creative_r2,10
2026-08-25,google_serp,serp,US nationwide,AI video ad maker,What is the best AI video ad maker?,https://creatify.ai/,creatify.ai,organic_top_results,NB-CZ-SERP_2026-08-25_quickads,1
2026-08-25,google_serp,serp,US nationwide,AI video ad maker,What is the best AI video ad maker?,https://www.youtube.com/watch?v=abdlXFbJjrk,youtube.com,organic_top_results,NB-CZ-SERP_2026-08-25_quickads,2
2026-08-25,google_serp,serp,US nationwide,AI video ad maker,What is the best AI video ad maker?,https://www.reddit.com/r/generativeAI/comments/1rova7q/whats_the_best_ai_video_generator/,reddit.com,organic_top_results,NB-CZ-SERP_2026-08-25_quickads,3
2026-08-25,google_serp,serp,US nationwide,AI video ad maker,What is the best AI video ad maker?,https://www.reddit.com/r/generativeAI/comments/1rova7q/whats_the_best_ai_video_generator/o9if3vo/,reddit.com,organic_top_results,NB-CZ-SERP_2026-08-25_quickads,4
2026-08-25,google_serp,serp,US nationwide,AI video ad maker,What is the best AI video ad maker?,https://www.reddit.com/r/AskMarketing/comments/1n1wla0/whats_the_best_ai_video_generation_tool_for/,reddit.com,organic_top_results,NB-CZ-SERP_2026-08-25_quickads,5
2026-08-25,google_serp,serp,US nationwide,AI video ad maker,What is the best AI video ad maker?,https://www.reddit.com/r/advertising/comments/1kfewsh/best_ai_video_tool/,reddit.com,organic_top_results,NB-CZ-SERP_2026-08-25_quickads,6
2026-08-25,google_serp,serp,US nationwide,AI video ad maker,What is the best AI video ad maker?,https://www.facebook.com/groups/bluecollarmillionaire/posts/1339780898155715/,facebook.com,organic_top_results,NB-CZ-SERP_2026-08-25_quickads,7
2026-08-25,google_serp,serp,US nationwide,AI video ad maker,What is the best AI video ad maker?,https://www.quora.com/Which-AI-tools-are-best-for-creating-video-ads-for-businesses,quora.com,organic_top_results,NB-CZ-SERP_2026-08-25_quickads,8
2026-08-25,google_serp,serp,US nationwide,AI video ad maker,What is the best AI video ad maker?,https://www.canva.com/create/advertising-videos/,canva.com,organic_top_results,NB-CZ-SERP_2026-08-25_quickads,9
2026-08-25,google_serp,serp,US nationwide,AI video ad maker,What is the best AI video ad maker?,https://invideo.io/make/ad-maker/,invideo.io,organic_top_results,NB-CZ-SERP_2026-08-25_quickads,10
2026-08-25,google_serp,serp,US nationwide,AI video ad maker,What is the best AI video ad maker?,https://www.youtube.com/watch?v=abdlXFbJjrk,youtube.com,organic_top_results,NB-CZ-SERP_2026-08-25_quickads_r2,1
2026-08-25,google_serp,serp,US nationwide,AI video ad maker,What is the best AI video ad maker?,https://creatify.ai/,creatify.ai,organic_top_results,NB-CZ-SERP_2026-08-25_quickads_r2,2
2026-08-25,google_serp,serp,US nationwide,AI video ad maker,What is the best AI video ad maker?,https://www.reddit.com/r/AskMarketing/comments/1n1wla0/whats_the_best_ai_video_generation_tool_for/,reddit.com,organic_top_results,NB-CZ-SERP_2026-08-25_quickads_r2,3
2026-08-25,google_serp,serp,US nationwide,AI video ad maker,What is the best AI video ad maker?,https://www.facebook.com/groups/bluecollarmillionaire/posts/1339780898155715/,facebook.com,organic_top_results,NB-CZ-SERP_2026-08-25_quickads_r2,4
2026-08-25,google_serp,serp,US nationwide,AI video ad maker,What is the best AI video ad maker?,https://www.g2.com/discussions/which-is-the-best-ai-video-generator-for-marketing-campaigns,g2.com,organic_top_results,NB-CZ-SERP_2026-08-25_quickads_r2,5
2026-08-25,google_serp,serp,US nationwide,AI video ad maker,What is the best AI video ad maker?,https://zeely.ai/video-ad-creator/,zeely.ai,organic_top_results,NB-CZ-SERP_2026-08-25_quickads_r2,6
2026-08-25,google_serp,serp,US nationwide,AI video ad maker,What is the best AI video ad maker?,https://www.reddit.com/r/generativeAI/comments/1rova7q/whats_the_best_ai_video_generator/,reddit.com,organic_top_results,NB-CZ-SERP_2026-08-25_quickads_r2,7
2026-08-25,google_serp,serp,US nationwide,AI video ad maker,What is the best AI video ad maker?,https://www.reddit.com/r/generativeAI/comments/1rova7q/whats_the_best_ai_video_generator/o9if3vo/,reddit.com,organic_top_results,NB-CZ-SERP_2026-08-25_quickads_r2,8
2026-08-25,google_serp,serp,US nationwide,AI video ad maker,What is the best AI video ad maker?,https://www.reddit.com/r/advertising/comments/1kfewsh/best_ai_video_tool/,reddit.com,organic_top_results,NB-CZ-SERP_2026-08-25_quickads_r2,9
2026-08-25,google_serp,serp,US nationwide,AI video ad maker,What is the best AI video ad maker?,https://www.heygen.com/blog/best-ai-video-generator-for-ads,heygen.com,organic_top_results,NB-CZ-SERP_2026-08-25_quickads_r2,10
2026-08-25,google_serp,serp,"US nationwide, online. LOCATION NOT CAPTURED AT LEAD INTAKE, see notes",online spiritual and shadow work courses,What are the best online courses for learning shadow work and spiritual practice?,https://www.youtube.com/watch?v=cIIM_7qJ1NU,youtube.com,organic_top_results,NB-CZ-SERP_2026-08-25_raven_moon_academy,1
2026-08-25,google_serp,serp,"US nationwide, online. LOCATION NOT CAPTURED AT LEAD INTAKE, see notes",online spiritual and shadow work courses,What are the best online courses for learning shadow work and spiritual practice?,https://www.udemy.com/course/shadow-work-course/?srsltid=AfmBOormE9lQ_pI6f0jnsLTgx7WrFKr2EkSKW2EVAD3LnFkfh3oz6OmT,udemy.com,organic_top_results,NB-CZ-SERP_2026-08-25_raven_moon_academy,2
2026-08-25,google_serp,serp,"US nationwide, online. LOCATION NOT CAPTURED AT LEAD INTAKE, see notes",online spiritual and shadow work courses,What are the best online courses for learning shadow work and spiritual practice?,https://www.zachary-phillips.com/blog/shadow-work-course,zachary-phillips.com,organic_top_results,NB-CZ-SERP_2026-08-25_raven_moon_academy,3
2026-08-25,google_serp,serp,"US nationwide, online. LOCATION NOT CAPTURED AT LEAD INTAKE, see notes",online spiritual and shadow work courses,What are the best online courses for learning shadow work and spiritual practice?,https://www.conni.me/blog/shadow-work,conni.me,organic_top_results,NB-CZ-SERP_2026-08-25_raven_moon_academy,4
2026-08-25,google_serp,serp,"US nationwide, online. LOCATION NOT CAPTURED AT LEAD INTAKE, see notes",online spiritual and shadow work courses,What are the best online courses for learning shadow work and spiritual practice?,https://www.youtube.com/playlist?list=PLEOPJybHeNYymvytxsEZLWCcEGFZh4LTE,youtube.com,organic_top_results,NB-CZ-SERP_2026-08-25_raven_moon_academy,5
2026-08-25,google_serp,serp,"US nationwide, online. LOCATION NOT CAPTURED AT LEAD INTAKE, see notes",online spiritual and shadow work courses,What are the best online courses for learning shadow work and spiritual practice?,https://www.reddit.com/r/SASSWitches/comments/18n2spo/online_resources_for_shadow_work/,reddit.com,organic_top_results,NB-CZ-SERP_2026-08-25_raven_moon_academy,6
2026-08-25,google_serp,serp,"US nationwide, online. LOCATION NOT CAPTURED AT LEAD INTAKE, see notes",online spiritual and shadow work courses,What are the best online courses for learning shadow work and spiritual practice?,https://www.reddit.com/r/SASSWitches/comments/18n2spo/online_resources_for_shadow_work/ke8bxmw/,reddit.com,organic_top_results,NB-CZ-SERP_2026-08-25_raven_moon_academy,7
2026-08-25,google_serp,serp,"US nationwide, online. LOCATION NOT CAPTURED AT LEAD INTAKE, see notes",online spiritual and shadow work courses,What are the best online courses for learning shadow work and spiritual practice?,https://www.reddit.com/r/SASSWitches/comments/18n2spo/online_resources_for_shadow_work/ke8seh2/,reddit.com,organic_top_results,NB-CZ-SERP_2026-08-25_raven_moon_academy,8
2026-08-25,google_serp,serp,"US nationwide, online. LOCATION NOT CAPTURED AT LEAD INTAKE, see notes",online spiritual and shadow work courses,What are the best online courses for learning shadow work and spiritual practice?,https://www.quora.com/What-are-some-free-online-spirituality-courses-or-classes-for-beginners,quora.com,organic_top_results,NB-CZ-SERP_2026-08-25_raven_moon_academy,9
2026-08-25,google_serp,serp,"US nationwide, online. LOCATION NOT CAPTURED AT LEAD INTAKE, see notes",online spiritual and shadow work courses,What are the best online courses for learning shadow work and spiritual practice?,https://reallifeprograms.org/shadow-practice/,reallifeprograms.org,organic_top_results,NB-CZ-SERP_2026-08-25_raven_moon_academy,10
2026-08-25,google_serp,serp,"US nationwide, online. LOCATION NOT CAPTURED AT LEAD INTAKE, see notes",online spiritual and shadow work courses,What are the best online courses for learning shadow work and spiritual practice?,https://www.udemy.com/course/shadow-work-course/?srsltid=AfmBOoonL4mFTRCkXzKdQLXStk_WelXmevLCwCaLmRlQJgsQZbDuUqOt,udemy.com,organic_top_results,NB-CZ-SERP_2026-08-25_raven_moon_academy_r2,1
2026-08-25,google_serp,serp,"US nationwide, online. LOCATION NOT CAPTURED AT LEAD INTAKE, see notes",online spiritual and shadow work courses,What are the best online courses for learning shadow work and spiritual practice?,https://www.zachary-phillips.com/blog/shadow-work-course,zachary-phillips.com,organic_top_results,NB-CZ-SERP_2026-08-25_raven_moon_academy_r2,2
2026-08-25,google_serp,serp,"US nationwide, online. LOCATION NOT CAPTURED AT LEAD INTAKE, see notes",online spiritual and shadow work courses,What are the best online courses for learning shadow work and spiritual practice?,https://www.youtube.com/watch?v=cIIM_7qJ1NU,youtube.com,organic_top_results,NB-CZ-SERP_2026-08-25_raven_moon_academy_r2,3
2026-08-25,google_serp,serp,"US nationwide, online. LOCATION NOT CAPTURED AT LEAD INTAKE, see notes",online spiritual and shadow work courses,What are the best online courses for learning shadow work and spiritual practice?,https://www.reddit.com/r/SASSWitches/comments/18n2spo/online_resources_for_shadow_work/,reddit.com,organic_top_results,NB-CZ-SERP_2026-08-25_raven_moon_academy_r2,4
2026-08-25,google_serp,serp,"US nationwide, online. LOCATION NOT CAPTURED AT LEAD INTAKE, see notes",online spiritual and shadow work courses,What are the best online courses for learning shadow work and spiritual practice?,https://www.reddit.com/r/SASSWitches/comments/18n2spo/online_resources_for_shadow_work/ke8bxmw/,reddit.com,organic_top_results,NB-CZ-SERP_2026-08-25_raven_moon_academy_r2,5
2026-08-25,google_serp,serp,"US nationwide, online. LOCATION NOT CAPTURED AT LEAD INTAKE, see notes",online spiritual and shadow work courses,What are the best online courses for learning shadow work and spiritual practice?,https://www.reddit.com/r/SASSWitches/comments/18n2spo/online_resources_for_shadow_work/ke8seh2/,reddit.com,organic_top_results,NB-CZ-SERP_2026-08-25_raven_moon_academy_r2,6
2026-08-25,google_serp,serp,"US nationwide, online. LOCATION NOT CAPTURED AT LEAD INTAKE, see notes",online spiritual and shadow work courses,What are the best online courses for learning shadow work and spiritual practice?,https://www.reddit.com/r/spirituality/comments/1hvusw3/what_courses_or_resources_can_help_me_deepen_my/,reddit.com,organic_top_results,NB-CZ-SERP_2026-08-25_raven_moon_academy_r2,7
2026-08-25,google_serp,serp,"US nationwide, online. LOCATION NOT CAPTURED AT LEAD INTAKE, see notes",online spiritual and shadow work courses,What are the best online courses for learning shadow work and spiritual practice?,https://www.quora.com/What-are-some-free-online-spirituality-courses-or-classes-for-beginners,quora.com,organic_top_results,NB-CZ-SERP_2026-08-25_raven_moon_academy_r2,8
2026-08-25,google_serp,serp,"US nationwide, online. LOCATION NOT CAPTURED AT LEAD INTAKE, see notes",online spiritual and shadow work courses,What are the best online courses for learning shadow work and spiritual practice?,https://www.conni.me/blog/shadow-work,conni.me,organic_top_results,NB-CZ-SERP_2026-08-25_raven_moon_academy_r2,9
2026-08-25,google_serp,serp,"US nationwide, online. LOCATION NOT CAPTURED AT LEAD INTAKE, see notes",online spiritual and shadow work courses,What are the best online courses for learning shadow work and spiritual practice?,https://fran-shala.co.za/shadow-course/,fran-shala.co.za,organic_top_results,NB-CZ-SERP_2026-08-25_raven_moon_academy_r2,10
2026-08-25,google_serp,serp,St. Louis MO,branding agency,Who is the best branding agency in St. Louis?,https://www.atomicdust.com/,atomicdust.com,organic_top_results,NB-CZ-SERP_2026-08-25_scorch_r2,1
2026-08-25,google_serp,serp,St. Louis MO,branding agency,Who is the best branding agency in St. Louis?,https://www.wearetg.com/,wearetg.com,organic_top_results,NB-CZ-SERP_2026-08-25_scorch_r2,2
2026-08-25,google_serp,serp,St. Louis MO,branding agency,Who is the best branding agency in St. Louis?,http://powercreativestl.com/,powercreativestl.com,organic_top_results,NB-CZ-SERP_2026-08-25_scorch_r2,3
2026-08-25,google_serp,serp,St. Louis MO,branding agency,Who is the best branding agency in St. Louis?,https://seafoammedia.com/,seafoammedia.com,organic_top_results,NB-CZ-SERP_2026-08-25_scorch_r2,4
2026-08-25,google_serp,serp,St. Louis MO,branding agency,Who is the best branding agency in St. Louis?,https://www.yelp.com/search?find_desc=Marketing+Firms&find_loc=St.+Louis%2C+MO,yelp.com,organic_top_results,NB-CZ-SERP_2026-08-25_scorch_r2,5
2026-08-25,google_serp,serp,St. Louis MO,branding agency,Who is the best branding agency in St. Louis?,https://www.hownovel.co/,hownovel.co,organic_top_results,NB-CZ-SERP_2026-08-25_scorch_r2,6
2026-08-25,google_serp,serp,St. Louis MO,branding agency,Who is the best branding agency in St. Louis?,https://dovetail-stl.com/,dovetail-stl.com,organic_top_results,NB-CZ-SERP_2026-08-25_scorch_r2,7
2026-08-25,google_serp,serp,St. Louis MO,branding agency,Who is the best branding agency in St. Louis?,https://thinktankprm.com/,thinktankprm.com,organic_top_results,NB-CZ-SERP_2026-08-25_scorch_r2,8
2026-08-25,google_serp,serp,St. Louis MO,branding agency,Who is the best branding agency in St. Louis?,https://agencylist.org/stlouis,agencylist.org,organic_top_results,NB-CZ-SERP_2026-08-25_scorch_r2,9
2026-08-25,google_serp,serp,St. Louis MO,branding agency,Who is the best branding agency in St. Louis?,https://www.bucketlistcreative.com/,bucketlistcreative.com,organic_top_results,NB-CZ-SERP_2026-08-25_scorch_r2,10
2026-08-25,google_serp,serp,Kansas City MO,health insurance brokers,Who is the best health insurance broker in Kansas City to help me pick a plan?,https://www.bluekc.com/,bluekc.com,organic_top_results,NB-CZ-SERP_2026-08-25_segment_health_insurance_kansas_city,1
2026-08-25,google_serp,serp,Kansas City MO,health insurance brokers,Who is the best health insurance broker in Kansas City to help me pick a plan?,https://www.reddit.com/r/kansascity/comments/1kkstvi/what_healthcare_provider_do_you_recommend_in/,reddit.com,organic_top_results,NB-CZ-SERP_2026-08-25_segment_health_insurance_kansas_city,2
2026-08-25,google_serp,serp,Kansas City MO,health insurance brokers,Who is the best health insurance broker in Kansas City to help me pick a plan?,https://www.facebook.com/groups/kansascitysecrets/posts/3765225253738242/,facebook.com,organic_top_results,NB-CZ-SERP_2026-08-25_segment_health_insurance_kansas_city,3
2026-08-25,google_serp,serp,Kansas City MO,health insurance brokers,Who is the best health insurance broker in Kansas City to help me pick a plan?,https://www.facebook.com/groups/kansascitysecrets/posts/4169840996609997/,facebook.com,organic_top_results,NB-CZ-SERP_2026-08-25_segment_health_insurance_kansas_city,4
2026-08-25,google_serp,serp,Kansas City MO,health insurance brokers,Who is the best health insurance broker in Kansas City to help me pick a plan?,https://www.nerdwallet.com/insurance/health/kansas-health-insurance,nerdwallet.com,organic_top_results,NB-CZ-SERP_2026-08-25_segment_health_insurance_kansas_city,5
2026-08-25,google_serp,serp,Kansas City MO,health insurance brokers,Who is the best health insurance broker in Kansas City to help me pick a plan?,https://www.healthcare.gov/find-local-help/,healthcare.gov,organic_top_results,NB-CZ-SERP_2026-08-25_segment_health_insurance_kansas_city,6
2026-08-25,google_serp,serp,Kansas City MO,health insurance brokers,Who is the best health insurance broker in Kansas City to help me pick a plan?,https://www.kansashealthsystem.com/patient-visitor/financial/insurance,kansashealthsystem.com,organic_top_results,NB-CZ-SERP_2026-08-25_segment_health_insurance_kansas_city,7
2026-08-25,google_serp,serp,Kansas City MO,health insurance brokers,Who is the best health insurance broker in Kansas City to help me pick a plan?,https://www.health-insurance-kansas-city.com/,health-insurance-kansas-city.com,organic_top_results,NB-CZ-SERP_2026-08-25_segment_health_insurance_kansas_city,8
2026-08-25,google_serp,serp,Kansas City MO,health insurance brokers,Who is the best health insurance broker in Kansas City to help me pick a plan?,https://mployeradvisor.com/insurance-broker/missouri/kansas-city/k:health+insurance+broker,mployeradvisor.com,organic_top_results,NB-CZ-SERP_2026-08-25_segment_health_insurance_kansas_city,9
2026-08-25,google_serp,serp,Kansas City MO,health insurance brokers,Who is the best health insurance broker in Kansas City to help me pick a plan?,https://www.forbes.com/advisor/health-insurance/best-health-insurance-in-kansas/,forbes.com,organic_top_results,NB-CZ-SERP_2026-08-25_segment_health_insurance_kansas_city,10
2026-08-25,google_serp,serp,Kansas City MO,health insurance brokers,Who is the best health insurance broker in Kansas City to help me pick a plan?,https://www.bluekc.com/,bluekc.com,organic_top_results,NB-CZ-SERP_2026-08-25_segment_health_insurance_kansas_city_r2,1
2026-08-25,google_serp,serp,Kansas City MO,health insurance brokers,Who is the best health insurance broker in Kansas City to help me pick a plan?,https://www.reddit.com/r/kansascity/comments/1kkstvi/what_healthcare_provider_do_you_recommend_in/,reddit.com,organic_top_results,NB-CZ-SERP_2026-08-25_segment_health_insurance_kansas_city_r2,2
2026-08-25,google_serp,serp,Kansas City MO,health insurance brokers,Who is the best health insurance broker in Kansas City to help me pick a plan?,https://www.facebook.com/groups/kansascitysecrets/posts/3765225253738242/,facebook.com,organic_top_results,NB-CZ-SERP_2026-08-25_segment_health_insurance_kansas_city_r2,3
2026-08-25,google_serp,serp,Kansas City MO,health insurance brokers,Who is the best health insurance broker in Kansas City to help me pick a plan?,https://www.facebook.com/groups/kansascitysecrets/posts/4169840996609997/,facebook.com,organic_top_results,NB-CZ-SERP_2026-08-25_segment_health_insurance_kansas_city_r2,4
2026-08-25,google_serp,serp,Kansas City MO,health insurance brokers,Who is the best health insurance broker in Kansas City to help me pick a plan?,https://www.health-insurance-kansas-city.com/,health-insurance-kansas-city.com,organic_top_results,NB-CZ-SERP_2026-08-25_segment_health_insurance_kansas_city_r2,5
2026-08-25,google_serp,serp,Kansas City MO,health insurance brokers,Who is the best health insurance broker in Kansas City to help me pick a plan?,https://www.healthcare.gov/find-local-help/,healthcare.gov,organic_top_results,NB-CZ-SERP_2026-08-25_segment_health_insurance_kansas_city_r2,6
2026-08-25,google_serp,serp,Kansas City MO,health insurance brokers,Who is the best health insurance broker in Kansas City to help me pick a plan?,https://www.nerdwallet.com/insurance/health/kansas-health-insurance,nerdwallet.com,organic_top_results,NB-CZ-SERP_2026-08-25_segment_health_insurance_kansas_city_r2,7
2026-08-25,google_serp,serp,Kansas City MO,health insurance brokers,Who is the best health insurance broker in Kansas City to help me pick a plan?,https://www.yelp.com/search?find_desc=Health+Insurance+Broker&find_loc=Kansas+City%2C+MO,yelp.com,organic_top_results,NB-CZ-SERP_2026-08-25_segment_health_insurance_kansas_city_r2,8
2026-08-25,google_serp,serp,Kansas City MO,health insurance brokers,Who is the best health insurance broker in Kansas City to help me pick a plan?,https://www.kansashealthsystem.com/patient-visitor/financial/insurance,kansashealthsystem.com,organic_top_results,NB-CZ-SERP_2026-08-25_segment_health_insurance_kansas_city_r2,9
2026-08-25,google_serp,serp,Kansas City MO,health insurance brokers,Who is the best health insurance broker in Kansas City to help me pick a plan?,https://www.hubinternational.com/offices/us/missouri/kansas-city/healthcare-insurance-brokers/,hubinternational.com,organic_top_results,NB-CZ-SERP_2026-08-25_segment_health_insurance_kansas_city_r2,10
2026-08-25,google_serp,serp,Atlanta GA,hvac repair and replacement,Who is the best HVAC company in Atlanta to replace my air conditioner?,https://book.servicetitan.com/ec8bk59h3wj32ukfxmyr53he?rwg_token=AE37R_gc5pzT_DqRDb-kN67_t9gXpMp8ECTxtYpdItXF8kPo0EbQ3oBQSzkt-IzIusnn7JUPdyl6QhjMTlE6dwHngPYUwTUMNQ%3D%3D,book.servicetitan.com,organic_top_results,NB-CZ-SERP_2026-08-25_segment_hvac_atlanta,1
2026-08-25,google_serp,serp,Atlanta GA,hvac repair and replacement,Who is the best HVAC company in Atlanta to replace my air conditioner?,https://www.moncriefair.com/?utm_source=google&utm_medium=organic&utm_campaign=GMBListing-Atlanta-GA,moncriefair.com,organic_top_results,NB-CZ-SERP_2026-08-25_segment_hvac_atlanta,2
2026-08-25,google_serp,serp,Atlanta GA,hvac repair and replacement,Who is the best HVAC company in Atlanta to replace my air conditioner?,https://hopehvac.com/service/ac-repair-atlanta-ga/?utm_source=google&utm_medium=organic&utm_campaign=gbp_atlanta,hopehvac.com,organic_top_results,NB-CZ-SERP_2026-08-25_segment_hvac_atlanta,3
2026-08-25,google_serp,serp,Atlanta GA,hvac repair and replacement,Who is the best HVAC company in Atlanta to replace my air conditioner?,https://www.rsandrews.com/?utm_source=google&utm_medium=gbp-pea,rsandrews.com,organic_top_results,NB-CZ-SERP_2026-08-25_segment_hvac_atlanta,4
2026-08-25,google_serp,serp,Atlanta GA,hvac repair and replacement,Who is the best HVAC company in Atlanta to replace my air conditioner?,https://reliableair.com/,reliableair.com,organic_top_results,NB-CZ-SERP_2026-08-25_segment_hvac_atlanta,5
2026-08-25,google_serp,serp,Atlanta GA,hvac repair and replacement,Who is the best HVAC company in Atlanta to replace my air conditioner?,https://www.reddit.com/r/Atlanta/comments/1qee2c5/need_to_replace_a_hvac_unit_in_atlanta_whos_your/,reddit.com,organic_top_results,NB-CZ-SERP_2026-08-25_segment_hvac_atlanta,6
2026-08-25,google_serp,serp,Atlanta GA,hvac repair and replacement,Who is the best HVAC company in Atlanta to replace my air conditioner?,https://www.reddit.com/r/Atlanta/comments/1qee2c5/need_to_replace_a_hvac_unit_in_atlanta_whos_your/nzx7rfq/,reddit.com,organic_top_results,NB-CZ-SERP_2026-08-25_segment_hvac_atlanta,7
2026-08-25,google_serp,serp,Atlanta GA,hvac repair and replacement,Who is the best HVAC company in Atlanta to replace my air conditioner?,https://www.reddit.com/r/Atlanta/comments/1ddejui/looking_for_hvac_company_recommendations_in/,reddit.com,organic_top_results,NB-CZ-SERP_2026-08-25_segment_hvac_atlanta,8
2026-08-25,google_serp,serp,Atlanta GA,hvac repair and replacement,Who is the best HVAC company in Atlanta to replace my air conditioner?,https://www.reddit.com/r/Atlanta/comments/vc8y6l/can_anyone_suggest_an_air_conditioning_hvac/,reddit.com,organic_top_results,NB-CZ-SERP_2026-08-25_segment_hvac_atlanta,9
2026-08-25,google_serp,serp,Atlanta GA,hvac repair and replacement,Who is the best HVAC company in Atlanta to replace my air conditioner?,https://www.quora.com/How-do-I-find-a-commercial-HVAC-service-in-Atlanta-1,quora.com,organic_top_results,NB-CZ-SERP_2026-08-25_segment_hvac_atlanta,10
2026-08-25,google_serp,serp,Atlanta GA,hvac repair and replacement,Who is the best HVAC company in Atlanta to replace my air conditioner?,https://book.servicetitan.com/ec8bk59h3wj32ukfxmyr53he?rwg_token=AE37R_jvhf96ZxxCI75yZv5s4EosZySc_zUCNcz6d4HryNrWsuEJOX4aOI0CuVro2iDapf0VDnOIo5VBOc2_6mL1UYDJD7SXLA%3D%3D,book.servicetitan.com,organic_top_results,NB-CZ-SERP_2026-08-25_segment_hvac_atlanta_r2,1
2026-08-25,google_serp,serp,Atlanta GA,hvac repair and replacement,Who is the best HVAC company in Atlanta to replace my air conditioner?,https://www.moncriefair.com/?utm_source=google&utm_medium=organic&utm_campaign=GMBListing-Atlanta-GA,moncriefair.com,organic_top_results,NB-CZ-SERP_2026-08-25_segment_hvac_atlanta_r2,2
2026-08-25,google_serp,serp,Atlanta GA,hvac repair and replacement,Who is the best HVAC company in Atlanta to replace my air conditioner?,https://go.thryv.com/site/LOC9005F60B/online-scheduling?show_rwg_address=true&o=rwg_redirect&rwg_token=AE37R_iKgVTjMhcpiLBPBn6GduncrtSljpm_itz874pODPWYwsudwKdbYRiCq4Xh24K4paMHoEqvr3J0g2y2qlcw9ea-uoKNeg%3D%3D,go.thryv.com,organic_top_results,NB-CZ-SERP_2026-08-25_segment_hvac_atlanta_r2,3
2026-08-25,google_serp,serp,Atlanta GA,hvac repair and replacement,Who is the best HVAC company in Atlanta to replace my air conditioner?,https://www.estesair.com/,estesair.com,organic_top_results,NB-CZ-SERP_2026-08-25_segment_hvac_atlanta_r2,4
2026-08-25,google_serp,serp,Atlanta GA,hvac repair and replacement,Who is the best HVAC company in Atlanta to replace my air conditioner?,https://empirehvac.com/?utm_source=GBP&utm_medium=organic&utm_campaign=Location+Link&utm_id=GBP+Link+Experiement,empirehvac.com,organic_top_results,NB-CZ-SERP_2026-08-25_segment_hvac_atlanta_r2,5
2026-08-25,google_serp,serp,Atlanta GA,hvac repair and replacement,Who is the best HVAC company in Atlanta to replace my air conditioner?,https://reliableair.com/,reliableair.com,organic_top_results,NB-CZ-SERP_2026-08-25_segment_hvac_atlanta_r2,6
2026-08-25,google_serp,serp,Atlanta GA,hvac repair and replacement,Who is the best HVAC company in Atlanta to replace my air conditioner?,https://www.reddit.com/r/Atlanta/comments/1qee2c5/need_to_replace_a_hvac_unit_in_atlanta_whos_your/,reddit.com,organic_top_results,NB-CZ-SERP_2026-08-25_segment_hvac_atlanta_r2,7
2026-08-25,google_serp,serp,Atlanta GA,hvac repair and replacement,Who is the best HVAC company in Atlanta to replace my air conditioner?,https://www.reddit.com/r/Atlanta/comments/1qee2c5/need_to_replace_a_hvac_unit_in_atlanta_whos_your/nzx7rfq/,reddit.com,organic_top_results,NB-CZ-SERP_2026-08-25_segment_hvac_atlanta_r2,8
2026-08-25,google_serp,serp,Atlanta GA,hvac repair and replacement,Who is the best HVAC company in Atlanta to replace my air conditioner?,https://www.reddit.com/r/Atlanta/comments/1ddejui/looking_for_hvac_company_recommendations_in/,reddit.com,organic_top_results,NB-CZ-SERP_2026-08-25_segment_hvac_atlanta_r2,9
2026-08-25,google_serp,serp,Atlanta GA,hvac repair and replacement,Who is the best HVAC company in Atlanta to replace my air conditioner?,https://www.reddit.com/r/Atlanta/comments/vc8y6l/can_anyone_suggest_an_air_conditioning_hvac/,reddit.com,organic_top_results,NB-CZ-SERP_2026-08-25_segment_hvac_atlanta_r2,10
2026-08-25,google_serp,serp,Houston TX,hvac repair and replacement,Who is the best HVAC company in Houston for AC repair?,https://book.servicetitan.com/jh1v5kfayimr3m3l2quh0y9p?rwg_token=AE37R_hVgYKAuEOYB-ne_xyKF5c1y6km2vJFYPPhB1VsiDe1E3KSXmgi4FZ4dE4429lVmgCzLrM9IOF1ldQnO3WlYN4_hpSbiw%3D%3D,book.servicetitan.com,organic_top_results,NB-CZ-SERP_2026-08-25_segment_hvac_houston,1
2026-08-25,google_serp,serp,Houston TX,hvac repair and replacement,Who is the best HVAC company in Houston for AC repair?,https://book.housecallpro.com/book/All-Star-AC-Plumbing--Electrical/25086315e0864b46bdc2a1b8cbf04a21?v2=true&lead_source=google&merchant_id=afdb5c80-7591-4509-bbed-8b9f827ac597&rwg_token=AE37R_hTiL_eGXnsPHxmKxTeyKMGflZ8D6NX8Z-pkmXp2FOygMEaaS5A-_rKoGs5x7dC1JrgtKCgADEj2wtQBHwDl_kHyLeE2Q%3D%3D,book.housecallpro.com,organic_top_results,NB-CZ-SERP_2026-08-25_segment_hvac_houston,2
2026-08-25,google_serp,serp,Houston TX,hvac repair and replacement,Who is the best HVAC company in Houston for AC repair?,https://book.servicetitan.com/jh1v5kfayimr3m3l2quh0y9p?rwg_token=AE37R_jx2iGv9AofeplRc87hz5Qw2bsbY_MQe7jlDLtz9EtDcqohB_h2uq53bhDI88XN0yjVs16Nt80pqDHnwlMefWBrn0siFQ%3D%3D,book.servicetitan.com,organic_top_results,NB-CZ-SERP_2026-08-25_segment_hvac_houston_r2,1
2026-08-25,google_serp,serp,Houston TX,hvac repair and replacement,Who is the best HVAC company in Houston for AC repair?,https://www.airtechofhouston.com/locations/houston-tx/?utm_source=google-gbp&utm_medium=organic&utm_campaign=%2A19%2Aair-tech-houston,airtechofhouston.com,organic_top_results,NB-CZ-SERP_2026-08-25_segment_hvac_houston_r2,2
2026-08-25,google_serp,serp,Houston TX,hvac repair and replacement,Who is the best HVAC company in Houston for AC repair?,https://www.missionac.com/locations/houston-tx/?utm_source=google&utm_medium=organic&utm_campaign=gbp,missionac.com,organic_top_results,NB-CZ-SERP_2026-08-25_segment_hvac_houston_r2,3
2026-08-25,google_serp,serp,Houston TX,hvac repair and replacement,Who is the best HVAC company in Houston for AC repair?,https://book.housecallpro.com/book/All-Star-AC-Plumbing--Electrical/25086315e0864b46bdc2a1b8cbf04a21?v2=true&lead_source=google&merchant_id=afdb5c80-7591-4509-bbed-8b9f827ac597&rwg_token=AE37R_ir-E9DYU8Tm8546z5TjUxGrZXaKqVvIB2yh9b5xyYYxXL-sM63Ll-lOX7gea_DxN5f4J5N_AmDC4pp88Sed350uta2cQ%3D%3D,book.housecallpro.com,organic_top_results,NB-CZ-SERP_2026-08-25_segment_hvac_houston_r2,4
2026-08-25,google_serp,serp,Houston TX,hvac repair and replacement,Who is the best HVAC company in Houston for AC repair?,https://allstarairtexas.com/,allstarairtexas.com,organic_top_results,NB-CZ-SERP_2026-08-25_segment_hvac_houston_r2,5
2026-08-25,google_serp,serp,Houston TX,hvac repair and replacement,Who is the best HVAC company in Houston for AC repair?,https://www.chron.com/best/map/best-hvac-houston/,chron.com,organic_top_results,NB-CZ-SERP_2026-08-25_segment_hvac_houston_r2,6
2026-08-25,google_serp,serp,Houston TX,hvac repair and replacement,Who is the best HVAC company in Houston for AC repair?,https://www.reddit.com/r/houston/comments/1p5lhtx/our_hvac_died_can_anyone_recommend_a_good_hvac/,reddit.com,organic_top_results,NB-CZ-SERP_2026-08-25_segment_hvac_houston_r2,7
2026-08-25,google_serp,serp,Houston TX,hvac repair and replacement,Who is the best HVAC company in Houston for AC repair?,https://www.reddit.com/r/houston/comments/1p5lhtx/our_hvac_died_can_anyone_recommend_a_good_hvac/nqjvz7b/,reddit.com,organic_top_results,NB-CZ-SERP_2026-08-25_segment_hvac_houston_r2,8
2026-08-25,google_serp,serp,Houston TX,hvac repair and replacement,Who is the best HVAC company in Houston for AC repair?,https://www.reddit.com/r/houston/comments/1p5lhtx/our_hvac_died_can_anyone_recommend_a_good_hvac/nqkit0s/,reddit.com,organic_top_results,NB-CZ-SERP_2026-08-25_segment_hvac_houston_r2,9
2026-08-25,google_serp,serp,Houston TX,hvac repair and replacement,Who is the best HVAC company in Houston for AC repair?,https://www.facebook.com/groups/326762448491041/posts/1745242783309660/,facebook.com,organic_top_results,NB-CZ-SERP_2026-08-25_segment_hvac_houston_r2,10
2026-08-25,google_serp,serp,Phoenix AZ,hvac repair and replacement,Who is the best HVAC company in Phoenix to fix my air conditioning?,http://www.benefitair.com/,benefitair.com,organic_top_results,NB-CZ-SERP_2026-08-25_segment_hvac_phoenix,1
2026-08-25,google_serp,serp,Phoenix AZ,hvac repair and replacement,Who is the best HVAC company in Phoenix to fix my air conditioning?,https://book.servicetitan.com/agfguljymdj32sps3o05rave?rwg_token=AE37R_g_Rplr0IQrF4tVi77NuVFCf49cfRFZLPn30wB0fRsQtKntULdXhiHOIklS7I16QzC9uR6opEFNINqc4_Z18dczzX2pOA%3D%3D,book.servicetitan.com,organic_top_results,NB-CZ-SERP_2026-08-25_segment_hvac_phoenix,2
2026-08-25,google_serp,serp,Phoenix AZ,hvac repair and replacement,Who is the best HVAC company in Phoenix to fix my air conditioning?,https://www.goettl.com/location/phoenix-arizona/?utm_source=Google&utm_medium=GBP&utm_campaign=Google.Business.Profile,goettl.com,organic_top_results,NB-CZ-SERP_2026-08-25_segment_hvac_phoenix,3
2026-08-25,google_serp,serp,Phoenix AZ,hvac repair and replacement,Who is the best HVAC company in Phoenix to fix my air conditioning?,https://book.housecallpro.com/book/Mountainside-Air/cce2f0a0a0ec417bbd50c2fccfd941ed?v2=true&lead_source=google&merchant_id=055b5b74-2d12-4585-8f6c-a3806a30c268&rwg_token=AE37R_icqdpf6Kpl0Jz40jV_JhZc5cIBmxRjeZ-pFbUfwZcIB7uvs7qwegjkzwjYzfiT56eE44EQrmZN2AzXhR9ip3vy83gprA%3D%3D,book.housecallpro.com,organic_top_results,NB-CZ-SERP_2026-08-25_segment_hvac_phoenix,4
2026-08-25,google_serp,serp,Phoenix AZ,hvac repair and replacement,Who is the best HVAC company in Phoenix to fix my air conditioning?,https://mountainsideair.com/ac-repair-phoenix-az/?utm_campaign=gmb,mountainsideair.com,organic_top_results,NB-CZ-SERP_2026-08-25_segment_hvac_phoenix,5
2026-08-25,google_serp,serp,Phoenix AZ,hvac repair and replacement,Who is the best HVAC company in Phoenix to fix my air conditioning?,https://www.yelp.com/search?cflt=hvac&find_loc=Phoenix%2C+AZ,yelp.com,organic_top_results,NB-CZ-SERP_2026-08-25_segment_hvac_phoenix,6
2026-08-25,google_serp,serp,Phoenix AZ,hvac repair and replacement,Who is the best HVAC company in Phoenix to fix my air conditioning?,https://www.reddit.com/r/phoenix/comments/1jii6if/air_conditioning_company_recommendations/,reddit.com,organic_top_results,NB-CZ-SERP_2026-08-25_segment_hvac_phoenix,7
2026-08-25,google_serp,serp,Phoenix AZ,hvac repair and replacement,Who is the best HVAC company in Phoenix to fix my air conditioning?,https://www.reddit.com/r/phoenix/comments/14n02g9/ac_companies_with_great_reviews/,reddit.com,organic_top_results,NB-CZ-SERP_2026-08-25_segment_hvac_phoenix,8
2026-08-25,google_serp,serp,Phoenix AZ,hvac repair and replacement,Who is the best HVAC company in Phoenix to fix my air conditioning?,https://www.reddit.com/r/hvacadvice/comments/1pykf4u/best_hvac_company_in_phoenix_az_to_go_with/,reddit.com,organic_top_results,NB-CZ-SERP_2026-08-25_segment_hvac_phoenix,9
2026-08-25,google_serp,serp,Phoenix AZ,hvac repair and replacement,Who is the best HVAC company in Phoenix to fix my air conditioning?,https://www.facebook.com/groups/surpriseaz1/posts/2511729989013521/,facebook.com,organic_top_results,NB-CZ-SERP_2026-08-25_segment_hvac_phoenix,10
2026-08-25,google_serp,serp,Phoenix AZ,hvac repair and replacement,Who is the best HVAC company in Phoenix to fix my air conditioning?,http://www.benefitair.com/,benefitair.com,organic_top_results,NB-CZ-SERP_2026-08-25_segment_hvac_phoenix_r2,1
2026-08-25,google_serp,serp,Phoenix AZ,hvac repair and replacement,Who is the best HVAC company in Phoenix to fix my air conditioning?,https://book.servicetitan.com/psjuiyldgtx5r168phiuq3sp?rwg_token=AE37R_i8wzDn6dV4IaHlE31B7sirKTDSFxPwe-BWvvoWB-tnExtCihJeCHOylY1Z6VrNar4oR0rds-74Behy0ga-sQ8RaIbLcQ%3D%3D,book.servicetitan.com,organic_top_results,NB-CZ-SERP_2026-08-25_segment_hvac_phoenix_r2,2
2026-08-25,google_serp,serp,Phoenix AZ,hvac repair and replacement,Who is the best HVAC company in Phoenix to fix my air conditioning?,https://www.relianceac.com/?utm_source=Google&utm_medium=Google+Business+Profile&utm_campaign=GBP,relianceac.com,organic_top_results,NB-CZ-SERP_2026-08-25_segment_hvac_phoenix_r2,3
2026-08-25,google_serp,serp,Phoenix AZ,hvac repair and replacement,Who is the best HVAC company in Phoenix to fix my air conditioning?,https://book.servicetitan.com/agfguljymdj32sps3o05rave?rwg_token=AE37R_jeLb10s_qxT-Y_pCXJ2E_n6KP0XXzSqpBhgIAn_rSKVrulS2B4Gh5RkEBUK4Gnn3TIU6d8th9WcSY9mVQU6xehuWxazg%3D%3D,book.servicetitan.com,organic_top_results,NB-CZ-SERP_2026-08-25_segment_hvac_phoenix_r2,4
2026-08-25,google_serp,serp,Phoenix AZ,hvac repair and replacement,Who is the best HVAC company in Phoenix to fix my air conditioning?,https://www.goettl.com/location/phoenix-arizona/?utm_source=Google&utm_medium=GBP&utm_campaign=Google.Business.Profile,goettl.com,organic_top_results,NB-CZ-SERP_2026-08-25_segment_hvac_phoenix_r2,5
2026-08-25,google_serp,serp,Phoenix AZ,hvac repair and replacement,Who is the best HVAC company in Phoenix to fix my air conditioning?,https://www.reddit.com/r/phoenix/comments/14n02g9/ac_companies_with_great_reviews/,reddit.com,organic_top_results,NB-CZ-SERP_2026-08-25_segment_hvac_phoenix_r2,6
2026-08-25,google_serp,serp,Phoenix AZ,hvac repair and replacement,Who is the best HVAC company in Phoenix to fix my air conditioning?,https://www.reddit.com/r/hvacadvice/comments/1pykf4u/best_hvac_company_in_phoenix_az_to_go_with/,reddit.com,organic_top_results,NB-CZ-SERP_2026-08-25_segment_hvac_phoenix_r2,7
2026-08-25,google_serp,serp,Phoenix AZ,hvac repair and replacement,Who is the best HVAC company in Phoenix to fix my air conditioning?,https://www.reddit.com/r/phoenix/comments/1jii6if/air_conditioning_company_recommendations/,reddit.com,organic_top_results,NB-CZ-SERP_2026-08-25_segment_hvac_phoenix_r2,8
2026-08-25,google_serp,serp,Phoenix AZ,hvac repair and replacement,Who is the best HVAC company in Phoenix to fix my air conditioning?,https://howardair.com/,howardair.com,organic_top_results,NB-CZ-SERP_2026-08-25_segment_hvac_phoenix_r2,9
2026-08-25,google_serp,serp,Phoenix AZ,hvac repair and replacement,Who is the best HVAC company in Phoenix to fix my air conditioning?,https://www.yelp.ca/search?cflt=hvac&find_loc=Phoenix%2C+AZ,yelp.ca,organic_top_results,NB-CZ-SERP_2026-08-25_segment_hvac_phoenix_r2,10
2026-08-25,google_serp,serp,Atlanta GA,personal injury attorneys,Who is the best personal injury lawyer in Atlanta for a car accident case?,https://georgiaautolaw.com/locations/georgia/atlanta,georgiaautolaw.com,organic_top_results,NB-CZ-SERP_2026-08-25_segment_personal_injury_law_atlanta_r2,1
2026-08-25,google_serp,serp,Atlanta GA,personal injury attorneys,Who is the best personal injury lawyer in Atlanta for a car accident case?,https://www.montlick.com/,montlick.com,organic_top_results,NB-CZ-SERP_2026-08-25_segment_personal_injury_law_atlanta_r2,2
2026-08-25,google_serp,serp,Atlanta GA,personal injury attorneys,Who is the best personal injury lawyer in Atlanta for a car accident case?,https://www.tobininjurylaw.com/,tobininjurylaw.com,organic_top_results,NB-CZ-SERP_2026-08-25_segment_personal_injury_law_atlanta_r2,3
2026-08-25,google_serp,serp,Atlanta GA,personal injury attorneys,Who is the best personal injury lawyer in Atlanta for a car accident case?,https://www.tobininjurylaw.com/car-accident-attorney-atlanta/,tobininjurylaw.com,organic_top_results,NB-CZ-SERP_2026-08-25_segment_personal_injury_law_atlanta_r2,4
2026-08-25,google_serp,serp,Atlanta GA,personal injury attorneys,Who is the best personal injury lawyer in Atlanta for a car accident case?,https://attorneys.superlawyers.com/motor-vehicle-accidents/georgia/atlanta/,attorneys.superlawyers.com,organic_top_results,NB-CZ-SERP_2026-08-25_segment_personal_injury_law_atlanta_r2,5
2026-08-25,google_serp,serp,Atlanta GA,personal injury attorneys,Who is the best personal injury lawyer in Atlanta for a car accident case?,https://www.johnfoy.com/,johnfoy.com,organic_top_results,NB-CZ-SERP_2026-08-25_segment_personal_injury_law_atlanta_r2,6
2026-08-25,google_serp,serp,Atlanta GA,personal injury attorneys,Who is the best personal injury lawyer in Atlanta for a car accident case?,https://bencrump.com/areas-we-serve/atlanta-ga/car-accident-lawyer/,bencrump.com,organic_top_results,NB-CZ-SERP_2026-08-25_segment_personal_injury_law_atlanta_r2,7
2026-08-25,google_serp,serp,Atlanta GA,personal injury attorneys,Who is the best personal injury lawyer in Atlanta for a car accident case?,https://www.warforyou.com/locations/georgia/atlanta/,warforyou.com,organic_top_results,NB-CZ-SERP_2026-08-25_segment_personal_injury_law_atlanta_r2,8
2026-08-25,google_serp,serp,Atlanta GA,personal injury attorneys,Who is the best personal injury lawyer in Atlanta for a car accident case?,https://sweetjames.com/atlanta-ga/personal-injury-lawyer/,sweetjames.com,organic_top_results,NB-CZ-SERP_2026-08-25_segment_personal_injury_law_atlanta_r2,9
2026-08-25,google_serp,serp,Atlanta GA,personal injury attorneys,Who is the best personal injury lawyer in Atlanta for a car accident case?,https://www.goldsteinhayeslaw.com/,goldsteinhayeslaw.com,organic_top_results,NB-CZ-SERP_2026-08-25_segment_personal_injury_law_atlanta_r2,10
2026-08-25,google_serp,serp,Chicago IL,personal injury attorneys,Who is the best personal injury attorney in Chicago for a car accident claim?,https://www.malmanlaw.com/,malmanlaw.com,organic_top_results,NB-CZ-SERP_2026-08-25_segment_personal_injury_law_chicago,1
2026-08-25,google_serp,serp,Chicago IL,personal injury attorneys,Who is the best personal injury attorney in Chicago for a car accident claim?,https://www.daveabels.com/?utm_campaign=gmb&utm_medium=organic&utm_source=google,daveabels.com,organic_top_results,NB-CZ-SERP_2026-08-25_segment_personal_injury_law_chicago,2
2026-08-25,google_serp,serp,Chicago IL,personal injury attorneys,Who is the best personal injury attorney in Chicago for a car accident claim?,https://www.kryderlaw.com/?utm_source=google_gbp&utm_medium=organic&utm_campaign=GBPDowntownChicago,kryderlaw.com,organic_top_results,NB-CZ-SERP_2026-08-25_segment_personal_injury_law_chicago,3
2026-08-25,google_serp,serp,Chicago IL,personal injury attorneys,Who is the best personal injury attorney in Chicago for a car accident claim?,https://lernerandrowe.com/illinois/chicago/,lernerandrowe.com,organic_top_results,NB-CZ-SERP_2026-08-25_segment_personal_injury_law_chicago,4
2026-08-25,google_serp,serp,Chicago IL,personal injury attorneys,Who is the best personal injury attorney in Chicago for a car accident claim?,https://www.torhoermanlaw.com/best-personal-injury-lawyer-chicago/,torhoermanlaw.com,organic_top_results,NB-CZ-SERP_2026-08-25_segment_personal_injury_law_chicago,5
2026-08-25,google_serp,serp,Chicago IL,personal injury attorneys,Who is the best personal injury attorney in Chicago for a car accident claim?,https://attorneyatlawmagazine.com/best-attorneys/car-accident/illinois/chicago-attorney,attorneyatlawmagazine.com,organic_top_results,NB-CZ-SERP_2026-08-25_segment_personal_injury_law_chicago,6
2026-08-25,google_serp,serp,Chicago IL,personal injury attorneys,Who is the best personal injury attorney in Chicago for a car accident claim?,https://www.salvilaw.com/,salvilaw.com,organic_top_results,NB-CZ-SERP_2026-08-25_segment_personal_injury_law_chicago,7
2026-08-25,google_serp,serp,Chicago IL,personal injury attorneys,Who is the best personal injury attorney in Chicago for a car accident claim?,https://www.malmanlaw.com/car-accident-lawyer/,malmanlaw.com,organic_top_results,NB-CZ-SERP_2026-08-25_segment_personal_injury_law_chicago,8
2026-08-25,google_serp,serp,Chicago IL,personal injury attorneys,Who is the best personal injury attorney in Chicago for a car accident claim?,https://attorneys.superlawyers.com/personal-injury-plaintiff/illinois/chicago/,attorneys.superlawyers.com,organic_top_results,NB-CZ-SERP_2026-08-25_segment_personal_injury_law_chicago,9
2026-08-25,google_serp,serp,Chicago IL,personal injury attorneys,Who is the best personal injury attorney in Chicago for a car accident claim?,https://www.horwitzlaw.com/,horwitzlaw.com,organic_top_results,NB-CZ-SERP_2026-08-25_segment_personal_injury_law_chicago,10
2026-08-25,google_serp,serp,Chicago IL,personal injury attorneys,Who is the best personal injury attorney in Chicago for a car accident claim?,https://www.malmanlaw.com/,malmanlaw.com,organic_top_results,NB-CZ-SERP_2026-08-25_segment_personal_injury_law_chicago_r2,1
2026-08-25,google_serp,serp,Chicago IL,personal injury attorneys,Who is the best personal injury attorney in Chicago for a car accident claim?,https://www.daveabels.com/?utm_campaign=gmb&utm_medium=organic&utm_source=google,daveabels.com,organic_top_results,NB-CZ-SERP_2026-08-25_segment_personal_injury_law_chicago_r2,2
2026-08-25,google_serp,serp,Chicago IL,personal injury attorneys,Who is the best personal injury attorney in Chicago for a car accident claim?,https://www.kryderlaw.com/?utm_source=google_gbp&utm_medium=organic&utm_campaign=GBPDowntownChicago,kryderlaw.com,organic_top_results,NB-CZ-SERP_2026-08-25_segment_personal_injury_law_chicago_r2,3
2026-08-25,google_serp,serp,Chicago IL,personal injury attorneys,Who is the best personal injury attorney in Chicago for a car accident claim?,https://attorneys.superlawyers.com/personal-injury-plaintiff/illinois/chicago/,attorneys.superlawyers.com,organic_top_results,NB-CZ-SERP_2026-08-25_segment_personal_injury_law_chicago_r2,4
2026-08-25,google_serp,serp,Chicago IL,personal injury attorneys,Who is the best personal injury attorney in Chicago for a car accident claim?,https://www.torhoermanlaw.com/best-personal-injury-lawyer-chicago/,torhoermanlaw.com,organic_top_results,NB-CZ-SERP_2026-08-25_segment_personal_injury_law_chicago_r2,5
2026-08-25,google_serp,serp,Chicago IL,personal injury attorneys,Who is the best personal injury attorney in Chicago for a car accident claim?,https://www.briskmanandbriskman.com/,briskmanandbriskman.com,organic_top_results,NB-CZ-SERP_2026-08-25_segment_personal_injury_law_chicago_r2,6
2026-08-25,google_serp,serp,Chicago IL,personal injury attorneys,Who is the best personal injury attorney in Chicago for a car accident claim?,https://www.salvilaw.com/,salvilaw.com,organic_top_results,NB-CZ-SERP_2026-08-25_segment_personal_injury_law_chicago_r2,7
2026-08-25,google_serp,serp,Chicago IL,personal injury attorneys,Who is the best personal injury attorney in Chicago for a car accident claim?,https://www.horwitzlaw.com/,horwitzlaw.com,organic_top_results,NB-CZ-SERP_2026-08-25_segment_personal_injury_law_chicago_r2,8
2026-08-25,google_serp,serp,Chicago IL,personal injury attorneys,Who is the best personal injury attorney in Chicago for a car accident claim?,https://lernerandrowe.com/illinois/chicago/,lernerandrowe.com,organic_top_results,NB-CZ-SERP_2026-08-25_segment_personal_injury_law_chicago_r2,9
2026-08-25,google_serp,serp,Chicago IL,personal injury attorneys,Who is the best personal injury attorney in Chicago for a car accident claim?,https://www.justia.com/lawyers/personal-injury/illinois/chicago,justia.com,organic_top_results,NB-CZ-SERP_2026-08-25_segment_personal_injury_law_chicago_r2,10
2026-08-25,google_serp,serp,Dallas TX,personal injury attorneys,Who is the best personal injury lawyer in Dallas for a truck accident case?,https://www.arnolditkin.com/lpai/dallas/dallas-county/arnold-itkin/truck-accidents/,arnolditkin.com,organic_top_results,NB-CZ-SERP_2026-08-25_segment_personal_injury_law_dallas,1
2026-08-25,google_serp,serp,Dallas TX,personal injury attorneys,Who is the best personal injury lawyer in Dallas for a truck accident case?,https://www.arnolditkin.com/video-center/client-testimonials/,arnolditkin.com,organic_top_results,NB-CZ-SERP_2026-08-25_segment_personal_injury_law_dallas,2
2026-08-25,google_serp,serp,Dallas TX,personal injury attorneys,Who is the best personal injury lawyer in Dallas for a truck accident case?,https://www.arnolditkin.com/our-victories/,arnolditkin.com,organic_top_results,NB-CZ-SERP_2026-08-25_segment_personal_injury_law_dallas,3
2026-08-25,google_serp,serp,Dallas TX,personal injury attorneys,Who is the best personal injury lawyer in Dallas for a truck accident case?,https://www.arnolditkin.com/common-questions/,arnolditkin.com,organic_top_results,NB-CZ-SERP_2026-08-25_segment_personal_injury_law_dallas,4
2026-08-25,google_serp,serp,Dallas TX,personal injury attorneys,Who is the best personal injury lawyer in Dallas for a truck accident case?,https://www.arnolditkin.com/,arnolditkin.com,organic_top_results,NB-CZ-SERP_2026-08-25_segment_personal_injury_law_dallas,5
2026-08-25,google_serp,serp,Dallas TX,personal injury attorneys,Who is the best personal injury lawyer in Dallas for a truck accident case?,https://www.arnolditkin.com/achievements/,arnolditkin.com,organic_top_results,NB-CZ-SERP_2026-08-25_segment_personal_injury_law_dallas,6
2026-08-25,google_serp,serp,Dallas TX,personal injury attorneys,Who is the best personal injury lawyer in Dallas for a truck accident case?,https://www.zehllaw.com/dallas-truck-18-wheeler-accident-lawyers/,zehllaw.com,organic_top_results,NB-CZ-SERP_2026-08-25_segment_personal_injury_law_dallas,7
2026-08-25,google_serp,serp,Dallas TX,personal injury attorneys,Who is the best personal injury lawyer in Dallas for a truck accident case?,https://1800lionlaw.com/tx/dallas/?utm_source=google&utm_medium=organic&utm_campaign=gbp_dallas&utm_content=maps,1800lionlaw.com,organic_top_results,NB-CZ-SERP_2026-08-25_segment_personal_injury_law_dallas,8
2026-08-25,google_serp,serp,Dallas TX,personal injury attorneys,Who is the best personal injury lawyer in Dallas for a truck accident case?,https://jaymurraylaw.com/?utm_source=GBP+dallas,jaymurraylaw.com,organic_top_results,NB-CZ-SERP_2026-08-25_segment_personal_injury_law_dallas,9
2026-08-25,google_serp,serp,Dallas TX,personal injury attorneys,Who is the best personal injury lawyer in Dallas for a truck accident case?,https://www.frenkelfirm.com/?utm_source=GMBlisting&utm_medium=organic&utm_campaign=gmb,frenkelfirm.com,organic_top_results,NB-CZ-SERP_2026-08-25_segment_personal_injury_law_dallas,10
2026-08-25,google_serp,serp,Dallas TX,personal injury attorneys,Who is the best personal injury lawyer in Dallas for a truck accident case?,https://www.arnolditkin.com/lpai/dallas/arnold-itkin/big-rig-injury/,arnolditkin.com,organic_top_results,NB-CZ-SERP_2026-08-25_segment_personal_injury_law_dallas_r2,1
2026-08-25,google_serp,serp,Dallas TX,personal injury attorneys,Who is the best personal injury lawyer in Dallas for a truck accident case?,https://www.arnolditkin.com/contact-us/,arnolditkin.com,organic_top_results,NB-CZ-SERP_2026-08-25_segment_personal_injury_law_dallas_r2,2
2026-08-25,google_serp,serp,Dallas TX,personal injury attorneys,Who is the best personal injury lawyer in Dallas for a truck accident case?,https://www.arnolditkin.com/our-victories/,arnolditkin.com,organic_top_results,NB-CZ-SERP_2026-08-25_segment_personal_injury_law_dallas_r2,3
2026-08-25,google_serp,serp,Dallas TX,personal injury attorneys,Who is the best personal injury lawyer in Dallas for a truck accident case?,https://www.arnolditkin.com/,arnolditkin.com,organic_top_results,NB-CZ-SERP_2026-08-25_segment_personal_injury_law_dallas_r2,4
2026-08-25,google_serp,serp,Dallas TX,personal injury attorneys,Who is the best personal injury lawyer in Dallas for a truck accident case?,https://www.arnolditkin.com/video-center/client-testimonials/,arnolditkin.com,organic_top_results,NB-CZ-SERP_2026-08-25_segment_personal_injury_law_dallas_r2,5
2026-08-25,google_serp,serp,Dallas TX,personal injury attorneys,Who is the best personal injury lawyer in Dallas for a truck accident case?,https://www.arnolditkin.com/meet-our-attorneys/,arnolditkin.com,organic_top_results,NB-CZ-SERP_2026-08-25_segment_personal_injury_law_dallas_r2,6
2026-08-25,google_serp,serp,Dallas TX,personal injury attorneys,Who is the best personal injury lawyer in Dallas for a truck accident case?,https://www.zehllaw.com/dallas-truck-18-wheeler-accident-lawyers/,zehllaw.com,organic_top_results,NB-CZ-SERP_2026-08-25_segment_personal_injury_law_dallas_r2,7
2026-08-25,google_serp,serp,Dallas TX,personal injury attorneys,Who is the best personal injury lawyer in Dallas for a truck accident case?,https://www.mullenandmullen.com/,mullenandmullen.com,organic_top_results,NB-CZ-SERP_2026-08-25_segment_personal_injury_law_dallas_r2,8
2026-08-25,google_serp,serp,Dallas TX,personal injury attorneys,Who is the best personal injury lawyer in Dallas for a truck accident case?,https://1800lionlaw.com/tx/dallas/?utm_source=google&utm_medium=organic&utm_campaign=gbp_dallas&utm_content=maps,1800lionlaw.com,organic_top_results,NB-CZ-SERP_2026-08-25_segment_personal_injury_law_dallas_r2,9
2026-08-25,google_serp,serp,Dallas TX,personal injury attorneys,Who is the best personal injury lawyer in Dallas for a truck accident case?,https://jaymurraylaw.com/?utm_source=GBP+dallas,jaymurraylaw.com,organic_top_results,NB-CZ-SERP_2026-08-25_segment_personal_injury_law_dallas_r2,10
2026-08-25,google_serp,serp,Houston TX,personal injury attorneys,Who is the best personal injury lawyer in Houston for a car wreck?,https://www.zehllaw.com/?utm_source=google&utm_medium=organic&utm_campaign=gmb,zehllaw.com,organic_top_results,NB-CZ-SERP_2026-08-25_segment_personal_injury_law_houston,1
2026-08-25,google_serp,serp,Houston TX,personal injury attorneys,Who is the best personal injury lawyer in Houston for a car wreck?,https://attorneybrianwhite.com/,attorneybrianwhite.com,organic_top_results,NB-CZ-SERP_2026-08-25_segment_personal_injury_law_houston,2
2026-08-25,google_serp,serp,Houston TX,personal injury attorneys,Who is the best personal injury lawyer in Houston for a car wreck?,https://amarolawfirm.com/houston-personal-injury-lawyers/?utm_source=GBP&utm_medium=Organic&utm_campaign=Houston,amarolawfirm.com,organic_top_results,NB-CZ-SERP_2026-08-25_segment_personal_injury_law_houston,3
2026-08-25,google_serp,serp,Houston TX,personal injury attorneys,Who is the best personal injury lawyer in Houston for a car wreck?,https://attorneys.superlawyers.com/motor-vehicle-accidents/texas/houston/,attorneys.superlawyers.com,organic_top_results,NB-CZ-SERP_2026-08-25_segment_personal_injury_law_houston,4
2026-08-25,google_serp,serp,Houston TX,personal injury attorneys,Who is the best personal injury lawyer in Houston for a car wreck?,https://www.quora.com/Who-are-some-of-the-most-experienced-car-accident-lawyers-in-Houston,quora.com,organic_top_results,NB-CZ-SERP_2026-08-25_segment_personal_injury_law_houston,5
2026-08-25,google_serp,serp,Houston TX,personal injury attorneys,Who is the best personal injury lawyer in Houston for a car wreck?,https://www.facebook.com/groups/351222423395156/posts/1146664023850988/,facebook.com,organic_top_results,NB-CZ-SERP_2026-08-25_segment_personal_injury_law_houston,6
2026-08-25,google_serp,serp,Houston TX,personal injury attorneys,Who is the best personal injury lawyer in Houston for a car wreck?,https://www.quora.com/Whos-the-best-car-accident-lawyer-in-Houston-and-what-should-I-consider-when-choosing-one,quora.com,organic_top_results,NB-CZ-SERP_2026-08-25_segment_personal_injury_law_houston,7
2026-08-25,google_serp,serp,Houston TX,personal injury attorneys,Who is the best personal injury lawyer in Houston for a car wreck?,https://www.terrybryant.com/,terrybryant.com,organic_top_results,NB-CZ-SERP_2026-08-25_segment_personal_injury_law_houston,8
2026-08-25,google_serp,serp,Houston TX,personal injury attorneys,Who is the best personal injury lawyer in Houston for a car wreck?,https://perdueandkidd.com/,perdueandkidd.com,organic_top_results,NB-CZ-SERP_2026-08-25_segment_personal_injury_law_houston,9
2026-08-25,google_serp,serp,Houston TX,personal injury attorneys,Who is the best personal injury lawyer in Houston for a car wreck?,https://www.justia.com/lawyers/personal-injury/texas/houston,justia.com,organic_top_results,NB-CZ-SERP_2026-08-25_segment_personal_injury_law_houston,10
2026-08-25,google_serp,serp,Houston TX,personal injury attorneys,Who is the best personal injury lawyer in Houston for a car wreck?,https://www.zehllaw.com/?utm_source=google&utm_medium=organic&utm_campaign=gmb,zehllaw.com,organic_top_results,NB-CZ-SERP_2026-08-25_segment_personal_injury_law_houston_r2,1
2026-08-25,google_serp,serp,Houston TX,personal injury attorneys,Who is the best personal injury lawyer in Houston for a car wreck?,https://amarolawfirm.com/houston-personal-injury-lawyers/?utm_source=GBP&utm_medium=Organic&utm_campaign=Houston,amarolawfirm.com,organic_top_results,NB-CZ-SERP_2026-08-25_segment_personal_injury_law_houston_r2,2
2026-08-25,google_serp,serp,Houston TX,personal injury attorneys,Who is the best personal injury lawyer in Houston for a car wreck?,https://attorneybrianwhite.com/,attorneybrianwhite.com,organic_top_results,NB-CZ-SERP_2026-08-25_segment_personal_injury_law_houston_r2,3
2026-08-25,google_serp,serp,Houston TX,personal injury attorneys,Who is the best personal injury lawyer in Houston for a car wreck?,https://attorneys.superlawyers.com/motor-vehicle-accidents/texas/houston/,attorneys.superlawyers.com,organic_top_results,NB-CZ-SERP_2026-08-25_segment_personal_injury_law_houston_r2,4
2026-08-25,google_serp,serp,Houston TX,personal injury attorneys,Who is the best personal injury lawyer in Houston for a car wreck?,https://www.arnolditkin.com/lpai/houston/houston-tx/arnold-itkin/car-accidents/,arnolditkin.com,organic_top_results,NB-CZ-SERP_2026-08-25_segment_personal_injury_law_houston_r2,5
2026-08-25,google_serp,serp,Houston TX,personal injury attorneys,Who is the best personal injury lawyer in Houston for a car wreck?,https://www.simmonsandfletcher.com/car-accident-lawyer/,simmonsandfletcher.com,organic_top_results,NB-CZ-SERP_2026-08-25_segment_personal_injury_law_houston_r2,6
2026-08-25,google_serp,serp,Houston TX,personal injury attorneys,Who is the best personal injury lawyer in Houston for a car wreck?,https://forum.legaljunkies.com/forum/wiki-articles-and-off-topic-messages/law-articles/674385-recommendations-for-personal-injury-lawyers-in-houston-texas,forum.legaljunkies.com,organic_top_results,NB-CZ-SERP_2026-08-25_segment_personal_injury_law_houston_r2,7
2026-08-25,google_serp,serp,Houston TX,personal injury attorneys,Who is the best personal injury lawyer in Houston for a car wreck?,https://www.quora.com/Who-are-some-of-the-most-experienced-car-accident-lawyers-in-Houston,quora.com,organic_top_results,NB-CZ-SERP_2026-08-25_segment_personal_injury_law_houston_r2,8
2026-08-25,google_serp,serp,Houston TX,personal injury attorneys,Who is the best personal injury lawyer in Houston for a car wreck?,https://www.quora.com/Whos-the-best-car-accident-lawyer-in-Houston-and-what-should-I-consider-when-choosing-one,quora.com,organic_top_results,NB-CZ-SERP_2026-08-25_segment_personal_injury_law_houston_r2,9
2026-08-25,google_serp,serp,Houston TX,personal injury attorneys,Who is the best personal injury lawyer in Houston for a car wreck?,https://www.justia.com/lawyers/personal-injury/texas/houston,justia.com,organic_top_results,NB-CZ-SERP_2026-08-25_segment_personal_injury_law_houston_r2,10
2026-08-25,google_serp,serp,Pleasanton CA,personal injury law,I was in a car accident in Pleasanton CA. Which lawyer should I hire for my injury case?,https://www.karnsandkarns.com/locations/pleasanton-california-personal-injury-lawyers/,karnsandkarns.com,organic_top_results,NB-CZ-SERP_2026-08-25_segment_pi_car_accident_intake_pleasanton_shotland_pilot,1
2026-08-25,google_serp,serp,Pleasanton CA,personal injury law,I was in a car accident in Pleasanton CA. Which lawyer should I hire for my injury case?,https://www.facebook.com/groups/237396039790592/posts/2957437687786400/,facebook.com,organic_top_results,NB-CZ-SERP_2026-08-25_segment_pi_car_accident_intake_pleasanton_shotland_pilot,2
2026-08-25,google_serp,serp,Pleasanton CA,personal injury law,I was in a car accident in Pleasanton CA. Which lawyer should I hire for my injury case?,https://www.avvo.com/legal-answers/do-i-need-to-hire-attorney-for-car-accident-i-was--5794902.html,avvo.com,organic_top_results,NB-CZ-SERP_2026-08-25_segment_pi_car_accident_intake_pleasanton_shotland_pilot,3
2026-08-25,google_serp,serp,Pleasanton CA,personal injury law,I was in a car accident in Pleasanton CA. Which lawyer should I hire for my injury case?,https://www.avvo.com/legal-answers/what-kind-of-lawyer-should-i-get-if-i-was-at-fault-5700453.html,avvo.com,organic_top_results,NB-CZ-SERP_2026-08-25_segment_pi_car_accident_intake_pleasanton_shotland_pilot,4
2026-08-25,google_serp,serp,Pleasanton CA,personal injury law,I was in a car accident in Pleasanton CA. Which lawyer should I hire for my injury case?,https://attorneys.superlawyers.com/personal-injury-plaintiff/california/pleasanton/,attorneys.superlawyers.com,organic_top_results,NB-CZ-SERP_2026-08-25_segment_pi_car_accident_intake_pleasanton_shotland_pilot,5
2026-08-25,google_serp,serp,Pleasanton CA,personal injury law,I was in a car accident in Pleasanton CA. Which lawyer should I hire for my injury case?,https://harrispersonalinjury.com/pleasanton/,harrispersonalinjury.com,organic_top_results,NB-CZ-SERP_2026-08-25_segment_pi_car_accident_intake_pleasanton_shotland_pilot,6
2026-08-25,google_serp,serp,Pleasanton CA,personal injury law,I was in a car accident in Pleasanton CA. Which lawyer should I hire for my injury case?,https://www.tomsokatlaw.com/pleasanton-personal-injury-lawyer/,tomsokatlaw.com,organic_top_results,NB-CZ-SERP_2026-08-25_segment_pi_car_accident_intake_pleasanton_shotland_pilot,7
2026-08-25,google_serp,serp,Pleasanton CA,personal injury law,I was in a car accident in Pleasanton CA. Which lawyer should I hire for my injury case?,https://www.victimslawyer.com/blog/when-should-i-hire-a-car-accident-attorney-after-a-crash/,victimslawyer.com,organic_top_results,NB-CZ-SERP_2026-08-25_segment_pi_car_accident_intake_pleasanton_shotland_pilot,8
2026-08-25,google_serp,serp,Pleasanton CA,personal injury law,I was in a car accident in Pleasanton CA. Which lawyer should I hire for my injury case?,https://www.fuerchlegal.com/,fuerchlegal.com,organic_top_results,NB-CZ-SERP_2026-08-25_segment_pi_car_accident_intake_pleasanton_shotland_pilot,9
2026-08-25,google_serp,serp,Pleasanton CA,personal injury law,I was in a car accident in Pleasanton CA. Which lawyer should I hire for my injury case?,https://www.orolawfirm.com/pleasanton-personal-injury-lawyer,orolawfirm.com,organic_top_results,NB-CZ-SERP_2026-08-25_segment_pi_car_accident_intake_pleasanton_shotland_pilot,10
2026-08-25,google_serp,serp,Dallas TX,residential roofing,Who is the best roofing company in Dallas for a roof replacement?,https://newviewroofing.com/?utm_source=google&utm_medium=organic&utm_campaign=gmb,newviewroofing.com,organic_top_results,NB-CZ-SERP_2026-08-25_segment_roofing_dallas,1
2026-08-25,google_serp,serp,Dallas TX,residential roofing,Who is the best roofing company in Dallas for a roof replacement?,https://www.dallasroofer.com/,dallasroofer.com,organic_top_results,NB-CZ-SERP_2026-08-25_segment_roofing_dallas,2
2026-08-25,google_serp,serp,Dallas TX,residential roofing,Who is the best roofing company in Dallas for a roof replacement?,https://boldroofing.com/,boldroofing.com,organic_top_results,NB-CZ-SERP_2026-08-25_segment_roofing_dallas,3
2026-08-25,google_serp,serp,Dallas TX,residential roofing,Who is the best roofing company in Dallas for a roof replacement?,https://www.yelp.com/search?find_desc=Roofing&find_loc=Dallas%2C+TX,yelp.com,organic_top_results,NB-CZ-SERP_2026-08-25_segment_roofing_dallas,4
2026-08-25,google_serp,serp,Dallas TX,residential roofing,Who is the best roofing company in Dallas for a roof replacement?,https://www.reddit.com/r/Dallas/comments/1obxhci/need_roofer_recommendations_in_dallas/,reddit.com,organic_top_results,NB-CZ-SERP_2026-08-25_segment_roofing_dallas,5
2026-08-25,google_serp,serp,Dallas TX,residential roofing,Who is the best roofing company in Dallas for a roof replacement?,https://www.reddit.com/r/Dallas/comments/1obxhci/need_roofer_recommendations_in_dallas/nkiv650/,reddit.com,organic_top_results,NB-CZ-SERP_2026-08-25_segment_roofing_dallas,6
2026-08-25,google_serp,serp,Dallas TX,residential roofing,Who is the best roofing company in Dallas for a roof replacement?,https://www.reddit.com/r/Dallas/comments/1ckxcso/roofer_recommendations/,reddit.com,organic_top_results,NB-CZ-SERP_2026-08-25_segment_roofing_dallas,7
2026-08-25,google_serp,serp,Dallas TX,residential roofing,Who is the best roofing company in Dallas for a roof replacement?,https://www.reddit.com/r/dfw/comments/1n7lq4v/best_roofing_company_in_dallas/,reddit.com,organic_top_results,NB-CZ-SERP_2026-08-25_segment_roofing_dallas,8
2026-08-25,google_serp,serp,Dallas TX,residential roofing,Who is the best roofing company in Dallas for a roof replacement?,https://www.lonsmith.com/,lonsmith.com,organic_top_results,NB-CZ-SERP_2026-08-25_segment_roofing_dallas,9
2026-08-25,google_serp,serp,Dallas TX,residential roofing,Who is the best roofing company in Dallas for a roof replacement?,https://priorityroofs.com/location/dallas/,priorityroofs.com,organic_top_results,NB-CZ-SERP_2026-08-25_segment_roofing_dallas,10
2026-08-25,google_serp,serp,Dallas TX,residential roofing,Who is the best roofing company in Dallas for a roof replacement?,https://newviewroofing.com/?utm_source=google&utm_medium=organic&utm_campaign=gmb,newviewroofing.com,organic_top_results,NB-CZ-SERP_2026-08-25_segment_roofing_dallas_r2,1
2026-08-25,google_serp,serp,Dallas TX,residential roofing,Who is the best roofing company in Dallas for a roof replacement?,https://www.dallasroofer.com/,dallasroofer.com,organic_top_results,NB-CZ-SERP_2026-08-25_segment_roofing_dallas_r2,2
2026-08-25,google_serp,serp,Dallas TX,residential roofing,Who is the best roofing company in Dallas for a roof replacement?,https://priorityroofs.com/location/dallas/,priorityroofs.com,organic_top_results,NB-CZ-SERP_2026-08-25_segment_roofing_dallas_r2,3
2026-08-25,google_serp,serp,Dallas TX,residential roofing,Who is the best roofing company in Dallas for a roof replacement?,https://www.yelp.com/search?find_desc=Roofing&find_loc=Dallas%2C+TX,yelp.com,organic_top_results,NB-CZ-SERP_2026-08-25_segment_roofing_dallas_r2,4
2026-08-25,google_serp,serp,Dallas TX,residential roofing,Who is the best roofing company in Dallas for a roof replacement?,https://www.reddit.com/r/Dallas/comments/1obxhci/need_roofer_recommendations_in_dallas/,reddit.com,organic_top_results,NB-CZ-SERP_2026-08-25_segment_roofing_dallas_r2,5
2026-08-25,google_serp,serp,Dallas TX,residential roofing,Who is the best roofing company in Dallas for a roof replacement?,https://www.reddit.com/r/Dallas/comments/1obxhci/need_roofer_recommendations_in_dallas/nkiv650/,reddit.com,organic_top_results,NB-CZ-SERP_2026-08-25_segment_roofing_dallas_r2,6
2026-08-25,google_serp,serp,Dallas TX,residential roofing,Who is the best roofing company in Dallas for a roof replacement?,https://www.reddit.com/r/Dallas/comments/1obxhci/need_roofer_recommendations_in_dallas/nkj5lk1/,reddit.com,organic_top_results,NB-CZ-SERP_2026-08-25_segment_roofing_dallas_r2,7
2026-08-25,google_serp,serp,Dallas TX,residential roofing,Who is the best roofing company in Dallas for a roof replacement?,https://www.reddit.com/r/Dallas/comments/1ckxcso/roofer_recommendations/,reddit.com,organic_top_results,NB-CZ-SERP_2026-08-25_segment_roofing_dallas_r2,8
2026-08-25,google_serp,serp,Dallas TX,residential roofing,Who is the best roofing company in Dallas for a roof replacement?,https://www.quora.com/Who-offers-roof-replacement-service-in-Dallas,quora.com,organic_top_results,NB-CZ-SERP_2026-08-25_segment_roofing_dallas_r2,9
2026-08-25,google_serp,serp,Dallas TX,residential roofing,Who is the best roofing company in Dallas for a roof replacement?,https://www.lonsmith.com/,lonsmith.com,organic_top_results,NB-CZ-SERP_2026-08-25_segment_roofing_dallas_r2,10
2026-08-25,google_serp,serp,Denver CO,residential roofing,Who is the best roofer in Denver for hail damage repair?,https://www.elite-roofs.com/denver-roofers/?utm_source=GBP&utm_medium=Google&utm_campaign=GBP_Denver_Page,elite-roofs.com,organic_top_results,NB-CZ-SERP_2026-08-25_segment_roofing_denver,1
2026-08-25,google_serp,serp,Denver CO,residential roofing,Who is the best roofer in Denver for hail damage repair?,https://mylifetimehome.com/services/residential-roofing-installations/,mylifetimehome.com,organic_top_results,NB-CZ-SERP_2026-08-25_segment_roofing_denver,2
2026-08-25,google_serp,serp,Denver CO,residential roofing,Who is the best roofer in Denver for hail damage repair?,https://www.newroofplus.com/?utm_campaign=gmb,newroofplus.com,organic_top_results,NB-CZ-SERP_2026-08-25_segment_roofing_denver,3
2026-08-25,google_serp,serp,Denver CO,residential roofing,Who is the best roofer in Denver for hail damage repair?,https://metrocityroofing.com/hail-storm-damage-roof-repair-denver-co/,metrocityroofing.com,organic_top_results,NB-CZ-SERP_2026-08-25_segment_roofing_denver,4
2026-08-25,google_serp,serp,Denver CO,residential roofing,Who is the best roofer in Denver for hail damage repair?,https://elite-roofs.com/hail-damage-roof-repair-denver-colorado/,elite-roofs.com,organic_top_results,NB-CZ-SERP_2026-08-25_segment_roofing_denver,5
2026-08-25,google_serp,serp,Denver CO,residential roofing,Who is the best roofer in Denver for hail damage repair?,https://www.facebook.com/groups/coloradorealestategroup/posts/2482697298849901/,facebook.com,organic_top_results,NB-CZ-SERP_2026-08-25_segment_roofing_denver,6
2026-08-25,google_serp,serp,Denver CO,residential roofing,Who is the best roofer in Denver for hail damage repair?,https://www.facebook.com/groups/FourWheelCampersOwners/posts/26231898059792942/,facebook.com,organic_top_results,NB-CZ-SERP_2026-08-25_segment_roofing_denver,7
2026-08-25,google_serp,serp,Denver CO,residential roofing,Who is the best roofer in Denver for hail damage repair?,https://www.facebook.com/groups/denverwholesalers/posts/1765958134014777/,facebook.com,organic_top_results,NB-CZ-SERP_2026-08-25_segment_roofing_denver,8
2026-08-25,google_serp,serp,Denver CO,residential roofing,Who is the best roofer in Denver for hail damage repair?,https://teamdavelogan.com/company-categories/roofing-contractor-denver-co-colorado-springs-co/,teamdavelogan.com,organic_top_results,NB-CZ-SERP_2026-08-25_segment_roofing_denver,9
2026-08-25,google_serp,serp,Denver CO,residential roofing,Who is the best roofer in Denver for hail damage repair?,https://www.reddit.com/r/Roofing/comments/1dmo4uo/does_my_roof_actually_need_to_be_replaced_after_a/,reddit.com,organic_top_results,NB-CZ-SERP_2026-08-25_segment_roofing_denver,10
2026-08-25,google_serp,serp,Denver CO,residential roofing,Who is the best roofer in Denver for hail damage repair?,https://mylifetimehome.com/services/residential-roofing-installations/,mylifetimehome.com,organic_top_results,NB-CZ-SERP_2026-08-25_segment_roofing_denver_r2,1
2026-08-25,google_serp,serp,Denver CO,residential roofing,Who is the best roofer in Denver for hail damage repair?,https://www.elite-roofs.com/denver-roofers/?utm_source=GBP&utm_medium=Google&utm_campaign=GBP_Denver_Page,elite-roofs.com,organic_top_results,NB-CZ-SERP_2026-08-25_segment_roofing_denver_r2,2
2026-08-25,google_serp,serp,Denver CO,residential roofing,Who is the best roofer in Denver for hail damage repair?,https://peaktopeakroofing.com/,peaktopeakroofing.com,organic_top_results,NB-CZ-SERP_2026-08-25_segment_roofing_denver_r2,3
2026-08-25,google_serp,serp,Denver CO,residential roofing,Who is the best roofer in Denver for hail damage repair?,https://metrocityroofing.com/hail-storm-damage-roof-repair-denver-co/,metrocityroofing.com,organic_top_results,NB-CZ-SERP_2026-08-25_segment_roofing_denver_r2,4
2026-08-25,google_serp,serp,Denver CO,residential roofing,Who is the best roofer in Denver for hail damage repair?,https://elite-roofs.com/hail-damage-roof-repair-denver-colorado/,elite-roofs.com,organic_top_results,NB-CZ-SERP_2026-08-25_segment_roofing_denver_r2,5
2026-08-25,google_serp,serp,Denver CO,residential roofing,Who is the best roofer in Denver for hail damage repair?,https://teamdavelogan.com/company-categories/roofing-contractor-denver-co-colorado-springs-co/,teamdavelogan.com,organic_top_results,NB-CZ-SERP_2026-08-25_segment_roofing_denver_r2,6
2026-08-25,google_serp,serp,Denver CO,residential roofing,Who is the best roofer in Denver for hail damage repair?,https://www.facebook.com/urbanexteriorsllc/posts/%EF%B8%8F-hail-has-hit-denver-has-your-roof-paid-the-pricethose-with-property-in-city-pa/1601165198680348/,facebook.com,organic_top_results,NB-CZ-SERP_2026-08-25_segment_roofing_denver_r2,7
2026-08-25,google_serp,serp,Denver CO,residential roofing,Who is the best roofer in Denver for hail damage repair?,https://local.yahoo.com/roofing/article/best-roofing-companies-denver-colorado-140024838.html,local.yahoo.com,organic_top_results,NB-CZ-SERP_2026-08-25_segment_roofing_denver_r2,8
2026-08-25,google_serp,serp,Denver CO,residential roofing,Who is the best roofer in Denver for hail damage repair?,https://capstoneroofingcolorado.com/hail-damage-repair/,capstoneroofingcolorado.com,organic_top_results,NB-CZ-SERP_2026-08-25_segment_roofing_denver_r2,9
2026-08-25,google_serp,serp,Denver CO,residential roofing,Who is the best roofer in Denver for hail damage repair?,https://www.yelp.com/search?find_desc=Roof+Repair&find_loc=Denver%2C+CO,yelp.com,organic_top_results,NB-CZ-SERP_2026-08-25_segment_roofing_denver_r2,10
2026-08-25,google_serp,serp,Miami FL,residential roofing,Who is the best roofing company in Miami for hurricane-rated roof replacement?,https://www.tsroofingsystems.com/?utm_source=google&utm_medium=organic&utm_campaign=gmb,tsroofingsystems.com,organic_top_results,NB-CZ-SERP_2026-08-25_segment_roofing_miami,1
2026-08-25,google_serp,serp,Miami FL,residential roofing,Who is the best roofing company in Miami for hurricane-rated roof replacement?,https://www.aebrothersroofing.com/,aebrothersroofing.com,organic_top_results,NB-CZ-SERP_2026-08-25_segment_roofing_miami,2
2026-08-25,google_serp,serp,Miami FL,residential roofing,Who is the best roofing company in Miami for hurricane-rated roof replacement?,https://www.istuetaroofing.com/,istuetaroofing.com,organic_top_results,NB-CZ-SERP_2026-08-25_segment_roofing_miami,3
2026-08-25,google_serp,serp,Miami FL,residential roofing,Who is the best roofing company in Miami for hurricane-rated roof replacement?,https://bestroofing.net/,bestroofing.net,organic_top_results,NB-CZ-SERP_2026-08-25_segment_roofing_miami,4
2026-08-25,google_serp,serp,Miami FL,residential roofing,Who is the best roofing company in Miami for hurricane-rated roof replacement?,https://www.yelp.com/search?find_desc=Roofing+Companies&find_loc=Miami%2C+FL,yelp.com,organic_top_results,NB-CZ-SERP_2026-08-25_segment_roofing_miami,5
2026-08-25,google_serp,serp,Miami FL,residential roofing,Who is the best roofing company in Miami for hurricane-rated roof replacement?,https://vianpe.com/2025/04/20/hurricane-resistant-roofs-in-miami-fl/,vianpe.com,organic_top_results,NB-CZ-SERP_2026-08-25_segment_roofing_miami,6
2026-08-25,google_serp,serp,Miami FL,residential roofing,Who is the best roofing company in Miami for hurricane-rated roof replacement?,https://www.facebook.com/groups/plantationnation/posts/28828973266690398/,facebook.com,organic_top_results,NB-CZ-SERP_2026-08-25_segment_roofing_miami,7
2026-08-25,google_serp,serp,Miami FL,residential roofing,Who is the best roofing company in Miami for hurricane-rated roof replacement?,https://local.yahoo.com/roofing/article/best-roofing-companies-miami-florida-130007027.html,local.yahoo.com,organic_top_results,NB-CZ-SERP_2026-08-25_segment_roofing_miami,8
2026-08-25,google_serp,serp,Miami FL,residential roofing,Who is the best roofing company in Miami for hurricane-rated roof replacement?,https://www.youtube.com/watch?v=uyBfGfbFxo0,youtube.com,organic_top_results,NB-CZ-SERP_2026-08-25_segment_roofing_miami,9
2026-08-25,google_serp,serp,Miami FL,residential roofing,Who is the best roofing company in Miami for hurricane-rated roof replacement?,https://www.diamondcertified.org/roofing/fl/miamidade-county/,diamondcertified.org,organic_top_results,NB-CZ-SERP_2026-08-25_segment_roofing_miami,10
2026-08-25,google_serp,serp,Miami FL,residential roofing,Who is the best roofing company in Miami for hurricane-rated roof replacement?,https://www.tsroofingsystems.com/?utm_source=google&utm_medium=organic&utm_campaign=gmb,tsroofingsystems.com,organic_top_results,NB-CZ-SERP_2026-08-25_segment_roofing_miami_r2,1
2026-08-25,google_serp,serp,Miami FL,residential roofing,Who is the best roofing company in Miami for hurricane-rated roof replacement?,https://www.aebrothersroofing.com/,aebrothersroofing.com,organic_top_results,NB-CZ-SERP_2026-08-25_segment_roofing_miami_r2,2
2026-08-25,google_serp,serp,Miami FL,residential roofing,Who is the best roofing company in Miami for hurricane-rated roof replacement?,https://miamirooftech.com/,miamirooftech.com,organic_top_results,NB-CZ-SERP_2026-08-25_segment_roofing_miami_r2,3
2026-08-25,google_serp,serp,Miami FL,residential roofing,Who is the best roofing company in Miami for hurricane-rated roof replacement?,https://bigfootwindowsandroofing.com/roofers-near-me-miami-dade-county/,bigfootwindowsandroofing.com,organic_top_results,NB-CZ-SERP_2026-08-25_segment_roofing_miami_r2,4
2026-08-25,google_serp,serp,Miami FL,residential roofing,Who is the best roofing company in Miami for hurricane-rated roof replacement?,https://bestroofing.net/,bestroofing.net,organic_top_results,NB-CZ-SERP_2026-08-25_segment_roofing_miami_r2,5
2026-08-25,google_serp,serp,Miami FL,residential roofing,Who is the best roofing company in Miami for hurricane-rated roof replacement?,https://www.atlasbuildersanddevelopment.com/miami-dade-fl/,atlasbuildersanddevelopment.com,organic_top_results,NB-CZ-SERP_2026-08-25_segment_roofing_miami_r2,6
2026-08-25,google_serp,serp,Miami FL,residential roofing,Who is the best roofing company in Miami for hurricane-rated roof replacement?,https://vianpe.com/2025/04/20/hurricane-resistant-roofs-in-miami-fl/,vianpe.com,organic_top_results,NB-CZ-SERP_2026-08-25_segment_roofing_miami_r2,7
2026-08-25,google_serp,serp,Miami FL,residential roofing,Who is the best roofing company in Miami for hurricane-rated roof replacement?,https://roofpitch.net/roofing-companies-miami/,roofpitch.net,organic_top_results,NB-CZ-SERP_2026-08-25_segment_roofing_miami_r2,8
2026-08-25,google_serp,serp,Miami FL,residential roofing,Who is the best roofing company in Miami for hurricane-rated roof replacement?,https://local.yahoo.com/roofing/article/best-roofing-companies-miami-florida-130007027.html,local.yahoo.com,organic_top_results,NB-CZ-SERP_2026-08-25_segment_roofing_miami_r2,9
2026-08-25,google_serp,serp,Miami FL,residential roofing,Who is the best roofing company in Miami for hurricane-rated roof replacement?,https://allphaseconstructionfl.com/blog/what-makes-a-roof-hurricane-resistant,allphaseconstructionfl.com,organic_top_results,NB-CZ-SERP_2026-08-25_segment_roofing_miami_r2,10
2026-08-25,google_serp,serp,Branson MO,short-term rental / Airbnb,"Where should I stay in Branson Missouri, an Airbnb or a hotel, and which specific places are best?",https://www.facebook.com/groups/facebookexploreoutdoors/posts/2045814259687376/,facebook.com,organic_top_results,NB-CZ-SERP_2026-08-25_segment_short_term_rental_branson,1
2026-08-25,google_serp,serp,Branson MO,short-term rental / Airbnb,"Where should I stay in Branson Missouri, an Airbnb or a hotel, and which specific places are best?",https://www.facebook.com/groups/facebookexploreoutdoors/posts/2022557385346397/,facebook.com,organic_top_results,NB-CZ-SERP_2026-08-25_segment_short_term_rental_branson,2
2026-08-25,google_serp,serp,Branson MO,short-term rental / Airbnb,"Where should I stay in Branson Missouri, an Airbnb or a hotel, and which specific places are best?",https://www.facebook.com/groups/facebookexploreoutdoors/posts/2063982001203935/,facebook.com,organic_top_results,NB-CZ-SERP_2026-08-25_segment_short_term_rental_branson,3
2026-08-25,google_serp,serp,Branson MO,short-term rental / Airbnb,"Where should I stay in Branson Missouri, an Airbnb or a hotel, and which specific places are best?",https://www.facebook.com/groups/facebookexploreoutdoors/posts/2096855514583250/,facebook.com,organic_top_results,NB-CZ-SERP_2026-08-25_segment_short_term_rental_branson,4
2026-08-25,google_serp,serp,Branson MO,short-term rental / Airbnb,"Where should I stay in Branson Missouri, an Airbnb or a hotel, and which specific places are best?",https://www.tripadvisor.in/ShowTopic-g44160-i200-k642556-Condo_Cabin_or_Hotel-Branson_Missouri.html,tripadvisor.in,organic_top_results,NB-CZ-SERP_2026-08-25_segment_short_term_rental_branson,5
2026-08-25,google_serp,serp,Branson MO,short-term rental / Airbnb,"Where should I stay in Branson Missouri, an Airbnb or a hotel, and which specific places are best?",https://www.tripadvisor.com/ShowTopic-g44160-i200-k3714666-In_what_area_to_stay-Branson_Missouri.html,tripadvisor.com,organic_top_results,NB-CZ-SERP_2026-08-25_segment_short_term_rental_branson,6
2026-08-25,google_serp,serp,Branson MO,short-term rental / Airbnb,"Where should I stay in Branson Missouri, an Airbnb or a hotel, and which specific places are best?",https://www.airbnb.co.in/branson-mo/stays,airbnb.co.in,organic_top_results,NB-CZ-SERP_2026-08-25_segment_short_term_rental_branson,7
2026-08-25,google_serp,serp,Branson MO,short-term rental / Airbnb,"Where should I stay in Branson Missouri, an Airbnb or a hotel, and which specific places are best?",https://www.tripadvisor.com/Hotels-g44160-Branson_Missouri-Hotels.html,tripadvisor.com,organic_top_results,NB-CZ-SERP_2026-08-25_segment_short_term_rental_branson,8
2026-08-25,google_serp,serp,Branson MO,short-term rental / Airbnb,"Where should I stay in Branson Missouri, an Airbnb or a hotel, and which specific places are best?",https://www.facebook.com/SatirahLovesBranson/videos/-whether-youre-balling-on-a-budget-or-looking-for-something-bougie-ive-got-you-c/1084037580077563/,facebook.com,organic_top_results,NB-CZ-SERP_2026-08-25_segment_short_term_rental_branson,9
2026-08-25,google_serp,serp,Branson MO,short-term rental / Airbnb,"Where should I stay in Branson Missouri, an Airbnb or a hotel, and which specific places are best?",https://www.explorebranson.com/places-to-stay/,explorebranson.com,organic_top_results,NB-CZ-SERP_2026-08-25_segment_short_term_rental_branson,10
2026-08-25,google_serp,serp,Branson MO,short-term rental / Airbnb,"Where should I stay in Branson Missouri, an Airbnb or a hotel, and which specific places are best?",https://www.facebook.com/groups/facebookexploreoutdoors/posts/2121318548803613/,facebook.com,organic_top_results,NB-CZ-SERP_2026-08-25_segment_short_term_rental_branson_r2,1
2026-08-25,google_serp,serp,Branson MO,short-term rental / Airbnb,"Where should I stay in Branson Missouri, an Airbnb or a hotel, and which specific places are best?",https://www.facebook.com/groups/facebookexploreoutdoors/posts/2045814259687376/,facebook.com,organic_top_results,NB-CZ-SERP_2026-08-25_segment_short_term_rental_branson_r2,2
2026-08-25,google_serp,serp,Branson MO,short-term rental / Airbnb,"Where should I stay in Branson Missouri, an Airbnb or a hotel, and which specific places are best?",https://www.facebook.com/groups/facebookexploreoutdoors/posts/2022557385346397/,facebook.com,organic_top_results,NB-CZ-SERP_2026-08-25_segment_short_term_rental_branson_r2,3
2026-08-25,google_serp,serp,Branson MO,short-term rental / Airbnb,"Where should I stay in Branson Missouri, an Airbnb or a hotel, and which specific places are best?",https://www.reddit.com/r/missouri/comments/1k4vbkt/coolest_most_unique_lodging_accommodations_in/,reddit.com,organic_top_results,NB-CZ-SERP_2026-08-25_segment_short_term_rental_branson_r2,4
2026-08-25,google_serp,serp,Branson MO,short-term rental / Airbnb,"Where should I stay in Branson Missouri, an Airbnb or a hotel, and which specific places are best?",https://www.tripadvisor.co.nz/ShowTopic-g44160-i200-k3714666-In_what_area_to_stay-Branson_Missouri.html,tripadvisor.co.nz,organic_top_results,NB-CZ-SERP_2026-08-25_segment_short_term_rental_branson_r2,5
2026-08-25,google_serp,serp,Branson MO,short-term rental / Airbnb,"Where should I stay in Branson Missouri, an Airbnb or a hotel, and which specific places are best?",https://www.airbnb.com/branson-mo/stays,airbnb.com,organic_top_results,NB-CZ-SERP_2026-08-25_segment_short_term_rental_branson_r2,6
2026-08-25,google_serp,serp,Branson MO,short-term rental / Airbnb,"Where should I stay in Branson Missouri, an Airbnb or a hotel, and which specific places are best?",https://www.facebook.com/SatirahLovesBranson/videos/coming-to-branson-missouri-skip-those-airbnb-fees-beths-breakaways-has-vacation-/1632496348447103/,facebook.com,organic_top_results,NB-CZ-SERP_2026-08-25_segment_short_term_rental_branson_r2,7
2026-08-25,google_serp,serp,Branson MO,short-term rental / Airbnb,"Where should I stay in Branson Missouri, an Airbnb or a hotel, and which specific places are best?",https://www.explorebranson.com/places-to-stay/,explorebranson.com,organic_top_results,NB-CZ-SERP_2026-08-25_segment_short_term_rental_branson_r2,8
2026-08-25,google_serp,serp,Branson MO,short-term rental / Airbnb,"Where should I stay in Branson Missouri, an Airbnb or a hotel, and which specific places are best?",https://www.tripadvisor.com/Hotels-g44160-Branson_Missouri-Hotels.html,tripadvisor.com,organic_top_results,NB-CZ-SERP_2026-08-25_segment_short_term_rental_branson_r2,9
2026-08-25,google_serp,serp,Branson MO,short-term rental / Airbnb,"Where should I stay in Branson Missouri, an Airbnb or a hotel, and which specific places are best?",https://www.tiktok.com/@satirahlovesbranson/video/7569787197688220958,tiktok.com,organic_top_results,NB-CZ-SERP_2026-08-25_segment_short_term_rental_branson_r2,10
2026-08-25,google_serp,serp,Nashville TN,short-term rental / Airbnb,What is the best Airbnb or short term rental to book in Nashville for a family of four?,https://www.facebook.com/groups/nashvillevisitor/posts/2647877175587184/,facebook.com,organic_top_results,NB-CZ-SERP_2026-08-25_segment_short_term_rental_nashville,1
2026-08-25,google_serp,serp,Nashville TN,short-term rental / Airbnb,What is the best Airbnb or short term rental to book in Nashville for a family of four?,https://www.cozycozy.com/us/nashville-vacation-rentals,cozycozy.com,organic_top_results,NB-CZ-SERP_2026-08-25_segment_short_term_rental_nashville,2
2026-08-25,google_serp,serp,Nashville TN,short-term rental / Airbnb,What is the best Airbnb or short term rental to book in Nashville for a family of four?,https://www.airdna.co/top/us/tennessee/nashville,airdna.co,organic_top_results,NB-CZ-SERP_2026-08-25_segment_short_term_rental_nashville,3
2026-08-25,google_serp,serp,Nashville TN,short-term rental / Airbnb,What is the best Airbnb or short term rental to book in Nashville for a family of four?,https://www.youtube.com/watch?v=uZGgb-N90ug,youtube.com,organic_top_results,NB-CZ-SERP_2026-08-25_segment_short_term_rental_nashville,4
2026-08-25,google_serp,serp,Nashville TN,short-term rental / Airbnb,What is the best Airbnb or short term rental to book in Nashville for a family of four?,https://www.facebook.com/groups/nashvillevisitor/posts/2551352358573000/,facebook.com,organic_top_results,NB-CZ-SERP_2026-08-25_segment_short_term_rental_nashville,5
2026-08-25,google_serp,serp,Nashville TN,short-term rental / Airbnb,What is the best Airbnb or short term rental to book in Nashville for a family of four?,https://www.facebook.com/groups/nashvillevisitor/posts/2703733820001519/,facebook.com,organic_top_results,NB-CZ-SERP_2026-08-25_segment_short_term_rental_nashville,6
2026-08-25,google_serp,serp,Nashville TN,short-term rental / Airbnb,What is the best Airbnb or short term rental to book in Nashville for a family of four?,https://www.reddit.com/r/VisitingNashville/comments/1t33reb/need_areas_for_family_airbnb/,reddit.com,organic_top_results,NB-CZ-SERP_2026-08-25_segment_short_term_rental_nashville,7
2026-08-25,google_serp,serp,Nashville TN,short-term rental / Airbnb,What is the best Airbnb or short term rental to book in Nashville for a family of four?,https://nashbnbrentals.com/,nashbnbrentals.com,organic_top_results,NB-CZ-SERP_2026-08-25_segment_short_term_rental_nashville,8
2026-08-25,google_serp,serp,Nashville TN,short-term rental / Airbnb,What is the best Airbnb or short term rental to book in Nashville for a family of four?,https://www.nashvilleshorttermvacationrentals.com/which-nashville-short-term-rental-option-is-best-for-you,nashvilleshorttermvacationrentals.com,organic_top_results,NB-CZ-SERP_2026-08-25_segment_short_term_rental_nashville,9
2026-08-25,google_serp,serp,Nashville TN,short-term rental / Airbnb,What is the best Airbnb or short term rental to book in Nashville for a family of four?,https://www.instagram.com/reel/DSarWcfgeaL/?hl=en,instagram.com,organic_top_results,NB-CZ-SERP_2026-08-25_segment_short_term_rental_nashville,10
2026-08-25,google_serp,serp,Nashville TN,short-term rental / Airbnb,What is the best Airbnb or short term rental to book in Nashville for a family of four?,https://www.facebook.com/groups/nashvillevisitor/posts/2647877175587184/,facebook.com,organic_top_results,NB-CZ-SERP_2026-08-25_segment_short_term_rental_nashville_r2,1
2026-08-25,google_serp,serp,Nashville TN,short-term rental / Airbnb,What is the best Airbnb or short term rental to book in Nashville for a family of four?,https://www.cozycozy.com/us/nashville-vacation-rentals,cozycozy.com,organic_top_results,NB-CZ-SERP_2026-08-25_segment_short_term_rental_nashville_r2,2
2026-08-25,google_serp,serp,Nashville TN,short-term rental / Airbnb,What is the best Airbnb or short term rental to book in Nashville for a family of four?,https://www.airdna.co/top/us/tennessee/nashville,airdna.co,organic_top_results,NB-CZ-SERP_2026-08-25_segment_short_term_rental_nashville_r2,3
2026-08-25,google_serp,serp,Nashville TN,short-term rental / Airbnb,What is the best Airbnb or short term rental to book in Nashville for a family of four?,https://www.facebook.com/groups/nashvillevisitor/posts/2551352358573000/,facebook.com,organic_top_results,NB-CZ-SERP_2026-08-25_segment_short_term_rental_nashville_r2,4
2026-08-25,google_serp,serp,Nashville TN,short-term rental / Airbnb,What is the best Airbnb or short term rental to book in Nashville for a family of four?,https://www.facebook.com/groups/nashvillevisitor/posts/2446972052344365/,facebook.com,organic_top_results,NB-CZ-SERP_2026-08-25_segment_short_term_rental_nashville_r2,5
2026-08-25,google_serp,serp,Nashville TN,short-term rental / Airbnb,What is the best Airbnb or short term rental to book in Nashville for a family of four?,https://www.reddit.com/r/VisitingNashville/comments/1t33reb/need_areas_for_family_airbnb/,reddit.com,organic_top_results,NB-CZ-SERP_2026-08-25_segment_short_term_rental_nashville_r2,6
2026-08-25,google_serp,serp,Nashville TN,short-term rental / Airbnb,What is the best Airbnb or short term rental to book in Nashville for a family of four?,https://www.reddit.com/r/VisitingNashville/comments/1n70ax4/hotel_or_airbnb/,reddit.com,organic_top_results,NB-CZ-SERP_2026-08-25_segment_short_term_rental_nashville_r2,7
2026-08-25,google_serp,serp,Nashville TN,short-term rental / Airbnb,What is the best Airbnb or short term rental to book in Nashville for a family of four?,https://www.reddit.com/r/VisitingNashville/comments/1n70ax4/hotel_or_airbnb/nc475ub/,reddit.com,organic_top_results,NB-CZ-SERP_2026-08-25_segment_short_term_rental_nashville_r2,8
2026-08-25,google_serp,serp,Nashville TN,short-term rental / Airbnb,What is the best Airbnb or short term rental to book in Nashville for a family of four?,https://www.youtube.com/watch?v=uZGgb-N90ug,youtube.com,organic_top_results,NB-CZ-SERP_2026-08-25_segment_short_term_rental_nashville_r2,9
2026-08-25,google_serp,serp,Nashville TN,short-term rental / Airbnb,What is the best Airbnb or short term rental to book in Nashville for a family of four?,https://nashbnbrentals.com/,nashbnbrentals.com,organic_top_results,NB-CZ-SERP_2026-08-25_segment_short_term_rental_nashville_r2,10
2026-08-25,google_serp,serp,Santa Cruz County CA,short-term rental / Airbnb,What are the best vacation rentals in Santa Cruz County California and how do I pick one?,https://rentals.montereycoast.com/,rentals.montereycoast.com,organic_top_results,NB-CZ-SERP_2026-08-25_segment_short_term_rental_santa_cruz_county_r2,1
2026-08-25,google_serp,serp,Santa Cruz County CA,short-term rental / Airbnb,What are the best vacation rentals in Santa Cruz County California and how do I pick one?,https://www.facebook.com/visitsantacruz/posts/here-are-15-dreamy-vacations-rentals-in-santa-cruz-county-which-one-would-you-pi/10161430576975043/,facebook.com,organic_top_results,NB-CZ-SERP_2026-08-25_segment_short_term_rental_santa_cruz_county_r2,2
2026-08-25,google_serp,serp,Santa Cruz County CA,short-term rental / Airbnb,What are the best vacation rentals in Santa Cruz County California and how do I pick one?,https://www.expedia.com/Santa-Cruz-Vacation-Rentals.d6666.Travel-Guide-VacationRentals,expedia.com,organic_top_results,NB-CZ-SERP_2026-08-25_segment_short_term_rental_santa_cruz_county_r2,3
2026-08-25,google_serp,serp,Santa Cruz County CA,short-term rental / Airbnb,What are the best vacation rentals in Santa Cruz County California and how do I pick one?,https://www.holidu.com/f/beach-houses-santa-cruz-usa,holidu.com,organic_top_results,NB-CZ-SERP_2026-08-25_segment_short_term_rental_santa_cruz_county_r2,4
2026-08-25,google_serp,serp,Santa Cruz County CA,short-term rental / Airbnb,What are the best vacation rentals in Santa Cruz County California and how do I pick one?,https://www.beachnest.com/,beachnest.com,organic_top_results,NB-CZ-SERP_2026-08-25_segment_short_term_rental_santa_cruz_county_r2,5
2026-08-25,google_serp,serp,Santa Cruz County CA,short-term rental / Airbnb,What are the best vacation rentals in Santa Cruz County California and how do I pick one?,https://www.vrbo.com/en-ca/vacation-rentals/united-states/california/santa-cruz-county/santa-cruz,vrbo.com,organic_top_results,NB-CZ-SERP_2026-08-25_segment_short_term_rental_santa_cruz_county_r2,6
2026-08-25,google_serp,serp,Santa Cruz County CA,short-term rental / Airbnb,What are the best vacation rentals in Santa Cruz County California and how do I pick one?,https://www.cozycozy.com/us/santa-cruz-short-term-rentals,cozycozy.com,organic_top_results,NB-CZ-SERP_2026-08-25_segment_short_term_rental_santa_cruz_county_r2,7
2026-08-25,google_serp,serp,Santa Cruz County CA,short-term rental / Airbnb,What are the best vacation rentals in Santa Cruz County California and how do I pick one?,https://www.tripadvisor.com/ShowTopic-g33048-i271-k14448420-Vacation_rentals-Santa_Cruz_California.html,tripadvisor.com,organic_top_results,NB-CZ-SERP_2026-08-25_segment_short_term_rental_santa_cruz_county_r2,8
2026-08-25,google_serp,serp,Santa Cruz County CA,short-term rental / Airbnb,What are the best vacation rentals in Santa Cruz County California and how do I pick one?,https://www.tripadvisor.com/ShowTopic-g33048-i271-k2945430-Santa_Cruz_Vacation_Rental-Santa_Cruz_California.html,tripadvisor.com,organic_top_results,NB-CZ-SERP_2026-08-25_segment_short_term_rental_santa_cruz_county_r2,9
2026-08-25,google_serp,serp,Santa Cruz County CA,short-term rental / Airbnb,What are the best vacation rentals in Santa Cruz County California and how do I pick one?,https://travellemming.com/where-to-stay-in-santa-cruz/?srsltid=AfmBOopQNn2kynkj9QADgotF88rDo5OBjmD7pOThVYKSbzRNYCCnQTQU,travellemming.com,organic_top_results,NB-CZ-SERP_2026-08-25_segment_short_term_rental_santa_cruz_county_r2,10
2026-08-25,google_serp,serp,US nationwide,short-term rental business model,How do I start an Airbnb rental arbitrage business and what tools and data should I use?,https://www.youtube.com/watch?v=9ImK5qkeF-E,youtube.com,organic_top_results,NB-CZ-SERP_2026-08-25_segment_str_arbitrage_entry,1
2026-08-25,google_serp,serp,US nationwide,short-term rental business model,How do I start an Airbnb rental arbitrage business and what tools and data should I use?,https://www.guesty.com/blog/airbnb-arbitrage-guide/,guesty.com,organic_top_results,NB-CZ-SERP_2026-08-25_segment_str_arbitrage_entry,2
2026-08-25,google_serp,serp,US nationwide,short-term rental business model,How do I start an Airbnb rental arbitrage business and what tools and data should I use?,https://www.airdna.co/blog/airbnb-rental-arbitrage,airdna.co,organic_top_results,NB-CZ-SERP_2026-08-25_segment_str_arbitrage_entry,3
2026-08-25,google_serp,serp,US nationwide,short-term rental business model,How do I start an Airbnb rental arbitrage business and what tools and data should I use?,https://rabbu.com/blog/airbnb-arbitrage-complete-guide-to-rental-arbitrage,rabbu.com,organic_top_results,NB-CZ-SERP_2026-08-25_segment_str_arbitrage_entry,4
2026-08-25,google_serp,serp,US nationwide,short-term rental business model,How do I start an Airbnb rental arbitrage business and what tools and data should I use?,https://stellaraccounts.com.au/airbnb-rental-arbitrage-guide-australia-2026/,stellaraccounts.com.au,organic_top_results,NB-CZ-SERP_2026-08-25_segment_str_arbitrage_entry,5
2026-08-25,google_serp,serp,US nationwide,short-term rental business model,How do I start an Airbnb rental arbitrage business and what tools and data should I use?,https://www.facebook.com/groups/professionalhosts/posts/10019821621447773/,facebook.com,organic_top_results,NB-CZ-SERP_2026-08-25_segment_str_arbitrage_entry,6
2026-08-25,google_serp,serp,US nationwide,short-term rental business model,How do I start an Airbnb rental arbitrage business and what tools and data should I use?,https://www.facebook.com/groups/601899512416694/posts/1051555700784404/,facebook.com,organic_top_results,NB-CZ-SERP_2026-08-25_segment_str_arbitrage_entry,7
2026-08-25,google_serp,serp,US nationwide,short-term rental business model,How do I start an Airbnb rental arbitrage business and what tools and data should I use?,https://www.facebook.com/groups/primeworldconsulting/posts/967100545005601/,facebook.com,organic_top_results,NB-CZ-SERP_2026-08-25_segment_str_arbitrage_entry,8
2026-08-25,google_serp,serp,US nationwide,short-term rental business model,How do I start an Airbnb rental arbitrage business and what tools and data should I use?,https://www.reddit.com/r/airbnb_hosts/comments/1ded643/anyone_have_experience_with_rental_arbitrage/,reddit.com,organic_top_results,NB-CZ-SERP_2026-08-25_segment_str_arbitrage_entry,9
2026-08-25,google_serp,serp,US nationwide,short-term rental business model,How do I start an Airbnb rental arbitrage business and what tools and data should I use?,https://www.reddit.com/r/airbnb_hosts/comments/1ded643/anyone_have_experience_with_rental_arbitrage/l8b7h3x/,reddit.com,organic_top_results,NB-CZ-SERP_2026-08-25_segment_str_arbitrage_entry,10
2026-08-25,google_serp,serp,US nationwide,short-term rental business model,How do I start an Airbnb rental arbitrage business and what tools and data should I use?,https://www.youtube.com/watch?v=W_C5QFz3CAg,youtube.com,organic_top_results,NB-CZ-SERP_2026-08-25_segment_str_arbitrage_entry_r2,1
2026-08-25,google_serp,serp,US nationwide,short-term rental business model,How do I start an Airbnb rental arbitrage business and what tools and data should I use?,https://www.guesty.com/blog/airbnb-arbitrage-guide/,guesty.com,organic_top_results,NB-CZ-SERP_2026-08-25_segment_str_arbitrage_entry_r2,2
2026-08-25,google_serp,serp,US nationwide,short-term rental business model,How do I start an Airbnb rental arbitrage business and what tools and data should I use?,https://rabbu.com/blog/airbnb-arbitrage-complete-guide-to-rental-arbitrage,rabbu.com,organic_top_results,NB-CZ-SERP_2026-08-25_segment_str_arbitrage_entry_r2,3
2026-08-25,google_serp,serp,US nationwide,short-term rental business model,How do I start an Airbnb rental arbitrage business and what tools and data should I use?,https://www.airdna.co/blog/airbnb-rental-arbitrage,airdna.co,organic_top_results,NB-CZ-SERP_2026-08-25_segment_str_arbitrage_entry_r2,4
2026-08-25,google_serp,serp,US nationwide,short-term rental business model,How do I start an Airbnb rental arbitrage business and what tools and data should I use?,https://www.facebook.com/groups/601899512416694/posts/1051555700784404/,facebook.com,organic_top_results,NB-CZ-SERP_2026-08-25_segment_str_arbitrage_entry_r2,5
2026-08-25,google_serp,serp,US nationwide,short-term rental business model,How do I start an Airbnb rental arbitrage business and what tools and data should I use?,https://www.quora.com/How-do-I-start-Airbnb-arbitrage-I-have-an-LLC-ready-for-corporate-leasing-but-how-do-I-get-the-apartment-complex-to-let-me-list-their-units-on-Airbnb-I-want-to-be-honest-with-them-Is-there-a-script-or-anything-I,quora.com,organic_top_results,NB-CZ-SERP_2026-08-25_segment_str_arbitrage_entry_r2,6
2026-08-25,google_serp,serp,US nationwide,short-term rental business model,How do I start an Airbnb rental arbitrage business and what tools and data should I use?,https://www.quora.com/How-do-I-start-Airbnb-arbitrage-Is-it-as-easy-and-profitable-as-people-say,quora.com,organic_top_results,NB-CZ-SERP_2026-08-25_segment_str_arbitrage_entry_r2,7
2026-08-25,google_serp,serp,US nationwide,short-term rental business model,How do I start an Airbnb rental arbitrage business and what tools and data should I use?,https://www.facebook.com/groups/professionalhosts/posts/10019821621447773/,facebook.com,organic_top_results,NB-CZ-SERP_2026-08-25_segment_str_arbitrage_entry_r2,8
2026-08-25,google_serp,serp,US nationwide,short-term rental business model,How do I start an Airbnb rental arbitrage business and what tools and data should I use?,https://www.facebook.com/groups/primeworldconsulting/posts/967100545005601/,facebook.com,organic_top_results,NB-CZ-SERP_2026-08-25_segment_str_arbitrage_entry_r2,9
2026-08-25,google_serp,serp,US nationwide,short-term rental business model,How do I start an Airbnb rental arbitrage business and what tools and data should I use?,https://www.ownerrez.com/guides/entrepreneurs-guide-airbnb-arbitrage,ownerrez.com,organic_top_results,NB-CZ-SERP_2026-08-25_segment_str_arbitrage_entry_r2,10
2026-08-25,google_serp,serp,US nationwide,short-term rental,"I am planning a trip. Should I book on Airbnb, Vrbo, or Booking.com, and how do I find a good host?",https://www.facebook.com/groups/545990332638815/posts/2041280009776499/,facebook.com,organic_top_results,NB-CZ-SERP_2026-08-25_segment_str_guest_discovery,1
2026-08-25,google_serp,serp,US nationwide,short-term rental,"I am planning a trip. Should I book on Airbnb, Vrbo, or Booking.com, and how do I find a good host?",https://www.facebook.com/groups/northmyrtlebeachsc/posts/2605055969910779/,facebook.com,organic_top_results,NB-CZ-SERP_2026-08-25_segment_str_guest_discovery,2
2026-08-25,google_serp,serp,US nationwide,short-term rental,"I am planning a trip. Should I book on Airbnb, Vrbo, or Booking.com, and how do I find a good host?",https://www.facebook.com/groups/professionalhosts/posts/8841122009317746/,facebook.com,organic_top_results,NB-CZ-SERP_2026-08-25_segment_str_guest_discovery,3
2026-08-25,google_serp,serp,US nationwide,short-term rental,"I am planning a trip. Should I book on Airbnb, Vrbo, or Booking.com, and how do I find a good host?",https://community.ricksteves.com/travel-forum/budget-tips/airbnb-vs-homeaway-vrbo-vs-booking-com,community.ricksteves.com,organic_top_results,NB-CZ-SERP_2026-08-25_segment_str_guest_discovery,4
2026-08-25,google_serp,serp,US nationwide,short-term rental,"I am planning a trip. Should I book on Airbnb, Vrbo, or Booking.com, and how do I find a good host?",https://rentalsunited.com/blog/airbnb-vs-booking-com-vrbo/,rentalsunited.com,organic_top_results,NB-CZ-SERP_2026-08-25_segment_str_guest_discovery,5
2026-08-25,google_serp,serp,US nationwide,short-term rental,"I am planning a trip. Should I book on Airbnb, Vrbo, or Booking.com, and how do I find a good host?",https://www.reddit.com/r/vrbo/comments/1gvrsee/who_should_i_book_through/,reddit.com,organic_top_results,NB-CZ-SERP_2026-08-25_segment_str_guest_discovery,6
2026-08-25,google_serp,serp,US nationwide,short-term rental,"I am planning a trip. Should I book on Airbnb, Vrbo, or Booking.com, and how do I find a good host?",https://www.reddit.com/r/vrbo/comments/1gvrsee/who_should_i_book_through/ly41a77/,reddit.com,organic_top_results,NB-CZ-SERP_2026-08-25_segment_str_guest_discovery,7
2026-08-25,google_serp,serp,US nationwide,short-term rental,"I am planning a trip. Should I book on Airbnb, Vrbo, or Booking.com, and how do I find a good host?",https://www.bemytravelmuse.com/airbnb-vs-vrbo/,bemytravelmuse.com,organic_top_results,NB-CZ-SERP_2026-08-25_segment_str_guest_discovery,8
2026-08-25,google_serp,serp,US nationwide,short-term rental,"I am planning a trip. Should I book on Airbnb, Vrbo, or Booking.com, and how do I find a good host?",https://unsaltedvacations.com/vrbo-vs-airbnb-vs-booking-direct/,unsaltedvacations.com,organic_top_results,NB-CZ-SERP_2026-08-25_segment_str_guest_discovery,9
2026-08-25,google_serp,serp,US nationwide,short-term rental,"I am planning a trip. Should I book on Airbnb, Vrbo, or Booking.com, and how do I find a good host?",https://www.airdna.co/blog/where-to-list-short-term-rentals,airdna.co,organic_top_results,NB-CZ-SERP_2026-08-25_segment_str_guest_discovery,10
2026-08-25,google_serp,serp,US nationwide,short-term rental,"I am planning a trip. Should I book on Airbnb, Vrbo, or Booking.com, and how do I find a good host?",https://www.facebook.com/travelwithmeredith/posts/why-you-probably-wont-find-me-booking-airbnbevery-now-and-then-a-client-asks-if-/1648455746855762/,facebook.com,organic_top_results,NB-CZ-SERP_2026-08-25_segment_str_guest_discovery_r2,1
2026-08-25,google_serp,serp,US nationwide,short-term rental,"I am planning a trip. Should I book on Airbnb, Vrbo, or Booking.com, and how do I find a good host?",https://www.reddit.com/r/airbnb_hosts/comments/1up2yn5/airbnb_or_vrbo_or_bookingcom/,reddit.com,organic_top_results,NB-CZ-SERP_2026-08-25_segment_str_guest_discovery_r2,2
2026-08-25,google_serp,serp,US nationwide,short-term rental,"I am planning a trip. Should I book on Airbnb, Vrbo, or Booking.com, and how do I find a good host?",https://www.facebook.com/groups/3215918995319204/posts/4531792210398536/,facebook.com,organic_top_results,NB-CZ-SERP_2026-08-25_segment_str_guest_discovery_r2,3
2026-08-25,google_serp,serp,US nationwide,short-term rental,"I am planning a trip. Should I book on Airbnb, Vrbo, or Booking.com, and how do I find a good host?",https://www.facebook.com/groups/841742455869052/posts/26263660766583871/,facebook.com,organic_top_results,NB-CZ-SERP_2026-08-25_segment_str_guest_discovery_r2,4
2026-08-25,google_serp,serp,US nationwide,short-term rental,"I am planning a trip. Should I book on Airbnb, Vrbo, or Booking.com, and how do I find a good host?",https://community.ricksteves.com/travel-forum/budget-tips/airbnb-vs-homeaway-vrbo-vs-booking-com,community.ricksteves.com,organic_top_results,NB-CZ-SERP_2026-08-25_segment_str_guest_discovery_r2,5
2026-08-25,google_serp,serp,US nationwide,short-term rental,"I am planning a trip. Should I book on Airbnb, Vrbo, or Booking.com, and how do I find a good host?",https://rentalsunited.com/blog/airbnb-vs-booking-com-vrbo/,rentalsunited.com,organic_top_results,NB-CZ-SERP_2026-08-25_segment_str_guest_discovery_r2,6
2026-08-25,google_serp,serp,US nationwide,short-term rental,"I am planning a trip. Should I book on Airbnb, Vrbo, or Booking.com, and how do I find a good host?",https://timbull.com/ten-things-to-know-about-airbnb-and-booking-com-vrbo-etc/,timbull.com,organic_top_results,NB-CZ-SERP_2026-08-25_segment_str_guest_discovery_r2,7
2026-08-25,google_serp,serp,US nationwide,short-term rental,"I am planning a trip. Should I book on Airbnb, Vrbo, or Booking.com, and how do I find a good host?",https://www.reddit.com/r/AirBnB/comments/wdith6/guestshow_did_you_decide_between_a_vrbo_booking/,reddit.com,organic_top_results,NB-CZ-SERP_2026-08-25_segment_str_guest_discovery_r2,8
2026-08-25,google_serp,serp,US nationwide,short-term rental,"I am planning a trip. Should I book on Airbnb, Vrbo, or Booking.com, and how do I find a good host?",https://www.reddit.com/r/AirBnB/comments/wdith6/guestshow_did_you_decide_between_a_vrbo_booking/iiikvnp/,reddit.com,organic_top_results,NB-CZ-SERP_2026-08-25_segment_str_guest_discovery_r2,9
2026-08-25,google_serp,serp,US nationwide,short-term rental,"I am planning a trip. Should I book on Airbnb, Vrbo, or Booking.com, and how do I find a good host?",https://www.reddit.com/r/irishtourism/comments/1f1d7fy/airbnbs_hotels_and_vrbos_all_booked_in_every/,reddit.com,organic_top_results,NB-CZ-SERP_2026-08-25_segment_str_guest_discovery_r2,10
2026-08-25,google_serp,serp,US nationwide,short-term rental software,What is the best tool for an Airbnb host to set nightly pricing and analyze a market before buying?,https://hello.pricelabs.co/airbnb-pricing-tool/,hello.pricelabs.co,organic_top_results,NB-CZ-SERP_2026-08-25_segment_str_host_tooling,1
2026-08-25,google_serp,serp,US nationwide,short-term rental software,What is the best tool for an Airbnb host to set nightly pricing and analyze a market before buying?,https://www.facebook.com/groups/professionalhosts/posts/9529939510435989/,facebook.com,organic_top_results,NB-CZ-SERP_2026-08-25_segment_str_host_tooling,2
2026-08-25,google_serp,serp,US nationwide,short-term rental software,What is the best tool for an Airbnb host to set nightly pricing and analyze a market before buying?,https://www.reddit.com/r/airbnb_hosts/comments/1l0ck9q/what_pricing_tools_or_systems_do_yall_use_to/,reddit.com,organic_top_results,NB-CZ-SERP_2026-08-25_segment_str_host_tooling,3
2026-08-25,google_serp,serp,US nationwide,short-term rental software,What is the best tool for an Airbnb host to set nightly pricing and analyze a market before buying?,https://www.reddit.com/r/airbnb_hosts/comments/1izbw7d/whats_the_best_way_to_price_your_airbnb_ai_vs/,reddit.com,organic_top_results,NB-CZ-SERP_2026-08-25_segment_str_host_tooling,4
2026-08-25,google_serp,serp,US nationwide,short-term rental software,What is the best tool for an Airbnb host to set nightly pricing and analyze a market before buying?,https://stayfi.com/vrm-insider/2026/08/14/best-airbnb-pricing-tools/,stayfi.com,organic_top_results,NB-CZ-SERP_2026-08-25_segment_str_host_tooling,5
2026-08-25,google_serp,serp,US nationwide,short-term rental software,What is the best tool for an Airbnb host to set nightly pricing and analyze a market before buying?,https://bnbmastery.com/videoblog/the-best-pricing-tools-for-airbnb/,bnbmastery.com,organic_top_results,NB-CZ-SERP_2026-08-25_segment_str_host_tooling,6
2026-08-25,google_serp,serp,US nationwide,short-term rental software,What is the best tool for an Airbnb host to set nightly pricing and analyze a market before buying?,https://www.airdna.co/airbnb-pricing-tool,airdna.co,organic_top_results,NB-CZ-SERP_2026-08-25_segment_str_host_tooling,7
2026-08-25,google_serp,serp,US nationwide,short-term rental software,What is the best tool for an Airbnb host to set nightly pricing and analyze a market before buying?,https://www.makcorps.com/blog/airbnb-pricing-strategies/,makcorps.com,organic_top_results,NB-CZ-SERP_2026-08-25_segment_str_host_tooling,8
2026-08-25,google_serp,serp,US nationwide,short-term rental software,What is the best tool for an Airbnb host to set nightly pricing and analyze a market before buying?,https://www.mashvisor.com/blog/nightly-pricing/,mashvisor.com,organic_top_results,NB-CZ-SERP_2026-08-25_segment_str_host_tooling,9
2026-08-25,google_serp,serp,US nationwide,short-term rental software,What is the best tool for an Airbnb host to set nightly pricing and analyze a market before buying?,https://www.quora.com/Are-Airbnb-pricing-tools-effective-Which-one-works-the-best,quora.com,organic_top_results,NB-CZ-SERP_2026-08-25_segment_str_host_tooling,10
2026-08-25,google_serp,serp,US nationwide,short-term rental software,What is the best tool for an Airbnb host to set nightly pricing and analyze a market before buying?,https://boringhost.ai/blog/best-dynamic-pricing-tools-vacation-rentals/,boringhost.ai,organic_top_results,NB-CZ-SERP_2026-08-25_segment_str_host_tooling_r2,1
2026-08-25,google_serp,serp,US nationwide,short-term rental software,What is the best tool for an Airbnb host to set nightly pricing and analyze a market before buying?,https://www.reddit.com/r/airbnb_hosts/comments/1l0ck9q/what_pricing_tools_or_systems_do_yall_use_to/,reddit.com,organic_top_results,NB-CZ-SERP_2026-08-25_segment_str_host_tooling_r2,2
2026-08-25,google_serp,serp,US nationwide,short-term rental software,What is the best tool for an Airbnb host to set nightly pricing and analyze a market before buying?,https://www.reddit.com/r/airbnb_hosts/comments/1l0ck9q/what_pricing_tools_or_systems_do_yall_use_to/mvc9b8w/,reddit.com,organic_top_results,NB-CZ-SERP_2026-08-25_segment_str_host_tooling_r2,3
2026-08-25,google_serp,serp,US nationwide,short-term rental software,What is the best tool for an Airbnb host to set nightly pricing and analyze a market before buying?,https://www.reddit.com/r/airbnb_hosts/comments/1l0ck9q/what_pricing_tools_or_systems_do_yall_use_to/mvck94q/,reddit.com,organic_top_results,NB-CZ-SERP_2026-08-25_segment_str_host_tooling_r2,4
2026-08-25,google_serp,serp,US nationwide,short-term rental software,What is the best tool for an Airbnb host to set nightly pricing and analyze a market before buying?,https://www.facebook.com/groups/professionalhosts/posts/9529939510435989/,facebook.com,organic_top_results,NB-CZ-SERP_2026-08-25_segment_str_host_tooling_r2,5
2026-08-25,google_serp,serp,US nationwide,short-term rental software,What is the best tool for an Airbnb host to set nightly pricing and analyze a market before buying?,https://www.facebook.com/groups/486465855395150/posts/1786211018753954/,facebook.com,organic_top_results,NB-CZ-SERP_2026-08-25_segment_str_host_tooling_r2,6
2026-08-25,google_serp,serp,US nationwide,short-term rental software,What is the best tool for an Airbnb host to set nightly pricing and analyze a market before buying?,https://www.airbnb.com/help/article/1168,airbnb.com,organic_top_results,NB-CZ-SERP_2026-08-25_segment_str_host_tooling_r2,7
2026-08-25,google_serp,serp,US nationwide,short-term rental software,What is the best tool for an Airbnb host to set nightly pricing and analyze a market before buying?,https://stayfi.com/vrm-insider/2026/08/14/best-airbnb-pricing-tools/,stayfi.com,organic_top_results,NB-CZ-SERP_2026-08-25_segment_str_host_tooling_r2,8
2026-08-25,google_serp,serp,US nationwide,short-term rental software,What is the best tool for an Airbnb host to set nightly pricing and analyze a market before buying?,https://www.mashvisor.com/blog/nightly-pricing/,mashvisor.com,organic_top_results,NB-CZ-SERP_2026-08-25_segment_str_host_tooling_r2,9
2026-08-25,google_serp,serp,US nationwide,short-term rental software,What is the best tool for an Airbnb host to set nightly pricing and analyze a market before buying?,https://www.rentalready.com/blog/airbnb-dynamic-pricing-tool/,rentalready.com,organic_top_results,NB-CZ-SERP_2026-08-25_segment_str_host_tooling_r2,10
2026-08-25,google_serp,serp,San Francisco CA,digital marketing agency,Who is the best digital marketing agency in San Francisco?,https://www.jivesmedia.com/,jivesmedia.com,organic_top_results,NB-CZ-SERP_2026-08-25_tachology_digital_r2,1
2026-08-25,google_serp,serp,San Francisco CA,digital marketing agency,Who is the best digital marketing agency in San Francisco?,https://www.verbszmarketing.com/san-francisco-digital-marketing-agency/,verbszmarketing.com,organic_top_results,NB-CZ-SERP_2026-08-25_tachology_digital_r2,2
2026-08-25,google_serp,serp,San Francisco CA,digital marketing agency,Who is the best digital marketing agency in San Francisco?,https://www.sfomarketing.com/,sfomarketing.com,organic_top_results,NB-CZ-SERP_2026-08-25_tachology_digital_r2,3
2026-08-25,google_serp,serp,San Francisco CA,digital marketing agency,Who is the best digital marketing agency in San Francisco?,https://www.builtinsf.com/articles/marketing-agencies-san-francisco-bay-area,builtinsf.com,organic_top_results,NB-CZ-SERP_2026-08-25_tachology_digital_r2,4
2026-08-25,google_serp,serp,San Francisco CA,digital marketing agency,Who is the best digital marketing agency in San Francisco?,https://improvado.io/blog/best-marketing-agencies-san-francisco,improvado.io,organic_top_results,NB-CZ-SERP_2026-08-25_tachology_digital_r2,5
2026-08-25,google_serp,serp,San Francisco CA,digital marketing agency,Who is the best digital marketing agency in San Francisco?,https://www.reddit.com/r/advertising/comments/xdkaid/what_are_some_renown_ad_agencies_in_sf/,reddit.com,organic_top_results,NB-CZ-SERP_2026-08-25_tachology_digital_r2,6
2026-08-25,google_serp,serp,San Francisco CA,digital marketing agency,Who is the best digital marketing agency in San Francisco?,https://www.reddit.com/r/advertising/comments/xdkaid/what_are_some_renown_ad_agencies_in_sf/iodbwos/,reddit.com,organic_top_results,NB-CZ-SERP_2026-08-25_tachology_digital_r2,7
2026-08-25,google_serp,serp,San Francisco CA,digital marketing agency,Who is the best digital marketing agency in San Francisco?,https://www.reddit.com/r/advertising/comments/xdkaid/what_are_some_renown_ad_agencies_in_sf/iodhrgb/,reddit.com,organic_top_results,NB-CZ-SERP_2026-08-25_tachology_digital_r2,8
2026-08-25,google_serp,serp,San Francisco CA,digital marketing agency,Who is the best digital marketing agency in San Francisco?,https://www.quora.com/What-are-the-most-influential-digital-branding-agencies-in-San-Francisco,quora.com,organic_top_results,NB-CZ-SERP_2026-08-25_tachology_digital_r2,9
2026-08-25,google_serp,serp,San Francisco CA,digital marketing agency,Who is the best digital marketing agency in San Francisco?,https://www.reddit.com/r/advertising/comments/1gv94h/what_are_the_best_agencies_in_san_francisco/,reddit.com,organic_top_results,NB-CZ-SERP_2026-08-25_tachology_digital_r2,10
2026-08-25,google_serp,serp,US nationwide,honest crypto education,What is the best plain-English crypto education site for beginners that shows real numbers and publishes its losses?,https://www.investopedia.com/terms/c/cryptocurrency.asp,investopedia.com,organic_top_results,NB-CZ-SERP_2026-08-25_trunkline,1
2026-08-25,google_serp,serp,US nationwide,honest crypto education,What is the best plain-English crypto education site for beginners that shows real numbers and publishes its losses?,https://ftp.pluspetrol.net/archive/221UAB7ggAcl/Field_Guide_For_Beginners,ftp.pluspetrol.net,organic_top_results,NB-CZ-SERP_2026-08-25_trunkline,2
2026-08-25,google_serp,serp,US nationwide,honest crypto education,What is the best plain-English crypto education site for beginners that shows real numbers and publishes its losses?,https://en.wikipedia.org/wiki/Cryptocurrency,en.wikipedia.org,organic_top_results,NB-CZ-SERP_2026-08-25_trunkline,3
2026-08-25,google_serp,serp,US nationwide,honest crypto education,What is the best plain-English crypto education site for beginners that shows real numbers and publishes its losses?,https://www.fidelity.ca/en/insights/articles/digital-assets/top-crypto-questions/,fidelity.ca,organic_top_results,NB-CZ-SERP_2026-08-25_trunkline,4
2026-08-25,google_serp,serp,US nationwide,honest crypto education,What is the best plain-English crypto education site for beginners that shows real numbers and publishes its losses?,https://blockchain-observatory.ec.europa.eu/document/download/1063effa-59cc-4df4-aeee-d2cf94f69178_en?filename=Blockchain_For_Beginners_A_EUBOF_Guide.pdf,blockchain-observatory.ec.europa.eu,organic_top_results,NB-CZ-SERP_2026-08-25_trunkline,5
2026-08-25,google_serp,serp,US nationwide,honest crypto education,What is the best plain-English crypto education site for beginners that shows real numbers and publishes its losses?,https://www.youtube.com/watch?v=DBkvdlAlNDY,youtube.com,organic_top_results,NB-CZ-SERP_2026-08-25_trunkline,6
2026-08-25,google_serp,serp,US nationwide,honest crypto education,What is the best plain-English crypto education site for beginners that shows real numbers and publishes its losses?,https://www.ig.com/en-ch/trading-strategies/the-5-crypto-trading-strategies-that-every-trader-needs-to-know-221123,ig.com,organic_top_results,NB-CZ-SERP_2026-08-25_trunkline,7
2026-08-25,google_serp,serp,US nationwide,honest crypto education,What is the best plain-English crypto education site for beginners that shows real numbers and publishes its losses?,https://www.coinbase.com/en-in/learn/crypto-basics,coinbase.com,organic_top_results,NB-CZ-SERP_2026-08-25_trunkline,8
2026-08-25,google_serp,serp,US nationwide,honest crypto education,What is the best plain-English crypto education site for beginners that shows real numbers and publishes its losses?,https://www.sciencedirect.com/science/article/pii/S2589004223025865,sciencedirect.com,organic_top_results,NB-CZ-SERP_2026-08-25_trunkline,9
2026-08-25,google_serp,serp,US nationwide,honest crypto education,What is the best plain-English crypto education site for beginners that shows real numbers and publishes its losses?,https://www.investopedia.com/terms/c/cryptocurrency.asp,investopedia.com,organic_top_results,NB-CZ-SERP_2026-08-25_trunkline_r2,1
2026-08-25,google_serp,serp,US nationwide,honest crypto education,What is the best plain-English crypto education site for beginners that shows real numbers and publishes its losses?,https://www.reddit.com/r/CryptoCurrency/comments/1ubvicq/best_resources_to_learn_crypto_bitcoin_from/,reddit.com,organic_top_results,NB-CZ-SERP_2026-08-25_trunkline_r2,2
2026-08-25,google_serp,serp,US nationwide,honest crypto education,What is the best plain-English crypto education site for beginners that shows real numbers and publishes its losses?,https://www.quora.com/Which-are-the-best-websites-apps-to-start-learning-about-cryptocurrencies,quora.com,organic_top_results,NB-CZ-SERP_2026-08-25_trunkline_r2,3
2026-08-25,google_serp,serp,US nationwide,honest crypto education,What is the best plain-English crypto education site for beginners that shows real numbers and publishes its losses?,https://ftp.pluspetrol.net/archive/221UAB7ggAcl/Field_Guide_For_Beginners,ftp.pluspetrol.net,organic_top_results,NB-CZ-SERP_2026-08-25_trunkline_r2,4
2026-08-25,google_serp,serp,US nationwide,honest crypto education,What is the best plain-English crypto education site for beginners that shows real numbers and publishes its losses?,https://www.youtube.com/watch?v=aJuBQWuHB_I,youtube.com,organic_top_results,NB-CZ-SERP_2026-08-25_trunkline_r2,5
2026-08-25,google_serp,serp,US nationwide,honest crypto education,What is the best plain-English crypto education site for beginners that shows real numbers and publishes its losses?,https://www.finder.com.au/cryptocurrency/exchanges,finder.com.au,organic_top_results,NB-CZ-SERP_2026-08-25_trunkline_r2,6
2026-08-25,google_serp,serp,US nationwide,honest crypto education,What is the best plain-English crypto education site for beginners that shows real numbers and publishes its losses?,https://www.reddit.com/r/CryptoCurrency/comments/jjlwvn/where_to_start_learning_about_crypto/,reddit.com,organic_top_results,NB-CZ-SERP_2026-08-25_trunkline_r2,7
2026-08-25,google_serp,serp,US nationwide,honest crypto education,What is the best plain-English crypto education site for beginners that shows real numbers and publishes its losses?,https://www.reddit.com/r/CryptoCurrency/comments/jjlwvn/where_to_start_learning_about_crypto/gadej3z/,reddit.com,organic_top_results,NB-CZ-SERP_2026-08-25_trunkline_r2,8
2026-08-25,google_serp,serp,US nationwide,honest crypto education,What is the best plain-English crypto education site for beginners that shows real numbers and publishes its losses?,https://www.reddit.com/r/CryptoCurrency/comments/sy4y4g/beginners_guide_to_cryptocurrency_all_you_need_to/,reddit.com,organic_top_results,NB-CZ-SERP_2026-08-25_trunkline_r2,9
2026-08-25,google_serp,serp,US nationwide,honest crypto education,What is the best plain-English crypto education site for beginners that shows real numbers and publishes its losses?,https://www.elbaite.com/au/articles,elbaite.com,organic_top_results,NB-CZ-SERP_2026-08-25_trunkline_r2,10
2026-08-25,google_serp,serp,St. Peters MO,martial arts for kids,What is a good martial arts school for kids in St. Peters MO?,https://onyxgrappling.com/,onyxgrappling.com,organic_top_results,NB-CZ-SERP_2026-08-25_world_martial_arts_academy_r2,1
2026-08-25,google_serp,serp,St. Peters MO,martial arts for kids,What is a good martial arts school for kids in St. Peters MO?,http://www.blackbeltstl.com/,blackbeltstl.com,organic_top_results,NB-CZ-SERP_2026-08-25_world_martial_arts_academy_r2,2
2026-08-25,google_serp,serp,St. Peters MO,martial arts for kids,What is a good martial arts school for kids in St. Peters MO?,http://www.allstarkarate.com/,allstarkarate.com,organic_top_results,NB-CZ-SERP_2026-08-25_world_martial_arts_academy_r2,3
2026-08-25,google_serp,serp,St. Peters MO,martial arts for kids,What is a good martial arts school for kids in St. Peters MO?,https://allstarkarate.com/,allstarkarate.com,organic_top_results,NB-CZ-SERP_2026-08-25_world_martial_arts_academy_r2,4
2026-08-25,google_serp,serp,St. Peters MO,martial arts for kids,What is a good martial arts school for kids in St. Peters MO?,https://blackbeltstl.com/,blackbeltstl.com,organic_top_results,NB-CZ-SERP_2026-08-25_world_martial_arts_academy_r2,5
2026-08-25,google_serp,serp,St. Peters MO,martial arts for kids,What is a good martial arts school for kids in St. Peters MO?,https://www.yelp.com/search?cflt=martialarts&find_loc=St+Peters%2C+Saint+Louis%2C+MO+63376,yelp.com,organic_top_results,NB-CZ-SERP_2026-08-25_world_martial_arts_academy_r2,6
2026-08-25,google_serp,serp,St. Peters MO,martial arts for kids,What is a good martial arts school for kids in St. Peters MO?,https://lessons.com/mo/st-peters/self-defense-classes/,lessons.com,organic_top_results,NB-CZ-SERP_2026-08-25_world_martial_arts_academy_r2,7
2026-08-25,google_serp,serp,St. Peters MO,martial arts for kids,What is a good martial arts school for kids in St. Peters MO?,https://www.facebook.com/groups/733553463659020/posts/2413313822349634/,facebook.com,organic_top_results,NB-CZ-SERP_2026-08-25_world_martial_arts_academy_r2,8
2026-08-25,google_serp,serp,St. Peters MO,martial arts for kids,What is a good martial arts school for kids in St. Peters MO?,https://gbofallon.com/martial-arts-for-kids-near-me/saint-peters-mo/,gbofallon.com,organic_top_results,NB-CZ-SERP_2026-08-25_world_martial_arts_academy_r2,9
2026-08-25,google_serp,serp,St. Peters MO,martial arts for kids,What is a good martial arts school for kids in St. Peters MO?,https://www.kswstlouis.com/,kswstlouis.com,organic_top_results,NB-CZ-SERP_2026-08-25_world_martial_arts_academy_r2,10
